kernel,pair_type,similarity
Linear,Different class,-4.306034756385826
Linear,Different class,3.6387310225822933
Linear,Different class,19.713999451332135
Linear,Same class,2.576161681965888
Linear,Different class,1.9994233911058235
Linear,Same class,-11.169397007888726
Linear,Different class,8.502886669517629
Linear,Different class,7.614573855115915
Linear,Same class,-1.0308521763205698
Linear,Same class,5.519847004465724
Linear,Same class,-3.101462877842775
Linear,Different class,-1.1622319369853973
Linear,Different class,-7.685047398785705
Linear,Same class,-7.8964746942299495
Linear,Same class,4.950901210266912
Linear,Same class,-6.282801343043894
Linear,Same class,-10.092992808189393
Linear,Same class,-10.537606050902488
Linear,Same class,4.666663904584229
Linear,Different class,21.86857997244178
Linear,Same class,0.35871901113006466
Linear,Different class,-12.475703423387326
Linear,Same class,17.81954558953487
Linear,Different class,2.333286039263926
Linear,Different class,2.525517111160307
Linear,Different class,-3.2088084011806415
Linear,Same class,5.643430636082701
Linear,Same class,-2.2218261191165034
Linear,Same class,-13.748099334834947
Linear,Different class,12.271012167866841
Linear,Different class,5.790029357549911
Linear,Same class,8.908839222047513
Linear,Different class,7.974560039540528
Linear,Different class,-2.2898537953618403
Linear,Same class,-3.7856635521995163
Linear,Same class,10.232211141001363
Linear,Different class,-6.803592857065424
Linear,Different class,-1.4651272063050678
Linear,Same class,-3.6290462279021902
Linear,Different class,-1.1346232344291134
Linear,Different class,-0.32438186619387155
Linear,Same class,5.277607368839547
Linear,Different class,-5.961575062058577
Linear,Same class,1.9713793420277241
Linear,Different class,-2.064900732164519
Linear,Different class,-0.8444392101839765
Linear,Different class,-13.360248503168924
Linear,Different class,-2.6057457831158573
Linear,Same class,1.1222827117401601
Linear,Same class,-9.10644271250052
Linear,Same class,-9.887699587046166
Linear,Same class,1.3555133552893037
Linear,Different class,-5.710768675484178
Linear,Different class,-7.504704356778758
Linear,Different class,1.0233947229551597
Linear,Different class,-8.088387556126719
Linear,Different class,2.832781327573842
Linear,Different class,-2.262077201518781
Linear,Same class,0.909583733544967
Linear,Same class,-1.1018292579607263
Linear,Different class,-3.128108893015759
Linear,Different class,0.5927861767166498
Linear,Different class,6.037183467330983
Linear,Different class,-5.6927453021322085
Linear,Different class,-19.854263465811737
Linear,Same class,1.014372049049656
Linear,Same class,-4.660918915710337
Linear,Different class,26.013531238413968
Linear,Different class,1.7529704013804563
Linear,Same class,4.0155257286426025
Linear,Same class,-5.2234994621693795
Linear,Same class,1.5482944353628432
Linear,Different class,1.5772276878482605
Linear,Same class,-1.6580089946375403
Linear,Different class,3.1529237784950044
Linear,Same class,1.9534690021354952
Linear,Different class,-0.781789695842145
Linear,Different class,0.513793449115869
Linear,Same class,0.5762762413391356
Linear,Different class,-16.37665767093905
Linear,Different class,0.585386587055861
Linear,Same class,2.4795024328901705
Linear,Different class,-13.706622219968196
Linear,Different class,6.622866833087619
Linear,Different class,11.801237933484167
Linear,Different class,-1.8673296232185703
Linear,Different class,2.5352248553114722
Linear,Same class,3.5920950890483994
Linear,Same class,-3.0823485864277993
Linear,Same class,0.7757947655003451
Linear,Same class,-9.419115359042875
Linear,Same class,0.39015150546147215
Linear,Same class,6.230924322384599
Linear,Different class,-6.166667172335468
Linear,Same class,-0.4740478320549615
Linear,Same class,-2.890151499780821
Linear,Same class,-2.7604161227954673
Linear,Different class,-0.5251509313068423
Linear,Different class,-0.7920653858802685
Linear,Different class,1.2155841703638932
Linear,Same class,-1.8166765475110465
Linear,Different class,1.4809891543663547
Linear,Different class,-0.9960869980962573
Linear,Same class,6.575031270638713
Linear,Different class,0.6390317404371204
Linear,Same class,2.9571839086624023
Linear,Same class,-6.347859712524793
Linear,Different class,-16.957154931027194
Linear,Different class,6.632363301271643
Linear,Same class,-1.516782233146893
Linear,Same class,11.926366619586172
Linear,Same class,7.2719136666498105
Linear,Same class,9.779605446507276
Linear,Same class,-7.635613210439246
Linear,Same class,0.4289852200282604
Linear,Different class,1.1366110513395413
Linear,Same class,-3.814894401497598
Linear,Same class,-0.6448492511291751
Linear,Different class,1.7119659617400178
Linear,Same class,5.825369833260998
Linear,Same class,-11.112272705821884
Linear,Different class,1.0747835824381509
Linear,Different class,6.601859972145685
Linear,Different class,-6.904703974896178
Linear,Different class,-4.340113084410124
Linear,Same class,1.1290679604502978
Linear,Different class,5.172824614191474
Linear,Different class,-4.3044076392571995
Linear,Same class,-3.4628605000496946
Linear,Different class,-18.45364816870834
Linear,Different class,-1.2874634162607437
Linear,Different class,12.41302615185344
Linear,Same class,6.161213076257688
Linear,Different class,-9.757152981730881
Linear,Same class,8.067036734567353
Linear,Same class,0.534663505973845
Linear,Different class,9.627101795576586
Linear,Different class,-3.863158825069632
Linear,Same class,4.3029653157559435
Linear,Different class,0.9828193361125848
Linear,Same class,7.9551574362865685
Linear,Same class,-8.614050246103643
Linear,Different class,0.5747524448230794
Linear,Same class,4.0101246830347685
Linear,Same class,6.695222493820192
Linear,Different class,-0.669223009723615
Linear,Same class,7.633081555317636
Linear,Different class,-6.469348718634411
Linear,Same class,-1.8695713061341492
Linear,Same class,0.5316948361897278
Linear,Same class,-8.171856368157886
Linear,Same class,18.615663784948307
Linear,Different class,1.9200956211894127
Linear,Different class,-0.4937266434040478
Linear,Different class,-2.5417508717054056
Linear,Different class,-2.952290023528351
Linear,Different class,-2.548372423169359
Linear,Same class,-7.537330405900203
Linear,Same class,-1.4516141107268687
Linear,Same class,-9.638414374197712
Linear,Different class,-1.854961104913889
Linear,Different class,-1.0292346717735559
Linear,Different class,1.5007845355002802
Linear,Same class,-3.9323269001096377
Linear,Same class,-0.6332100582220189
Linear,Different class,10.10630463255837
Linear,Same class,-4.7352170164761835
Linear,Same class,-5.963171388986961
Linear,Same class,-3.367475202908379
Linear,Different class,-2.3202994162342
Linear,Different class,2.637289951246509
Linear,Same class,5.154635885785627
Linear,Same class,-12.895759693737253
Linear,Different class,5.39008035879656
Linear,Different class,-2.67180831196885
Linear,Same class,-1.278688451298022
Linear,Different class,11.430875314107563
Linear,Same class,-8.394976182022198
Linear,Different class,0.38370285207660754
Linear,Different class,-4.996957424508733
Linear,Different class,-13.726712191874867
Linear,Same class,6.982660301094763
Linear,Different class,-2.4233480713148166
Linear,Different class,-3.6210995642072943
Linear,Different class,16.684550470233056
Linear,Same class,-4.097453680630232
Linear,Same class,2.98317800629465
Linear,Different class,-2.325829422145395
Linear,Different class,7.333886008103569
Linear,Different class,-20.553256194315026
Linear,Same class,-0.17792003210428775
Linear,Different class,-16.852495378073062
Linear,Same class,7.9666745050479415
Linear,Same class,1.7900128615801851
Linear,Same class,-5.926115034560705
Linear,Different class,-6.075213279538314
Linear,Same class,-1.5955838993959275
Linear,Same class,-6.539862609687412
Linear,Different class,2.1213473913708545
Linear,Same class,6.682903089632234
Linear,Different class,2.833079963286242
Linear,Same class,-2.373067706915401
Linear,Different class,2.5891486223195708
Linear,Different class,8.509412939491872
Linear,Same class,-6.2703098564696305
Linear,Different class,-1.4835321689290495
Linear,Same class,5.163722847112661
Linear,Same class,-1.42895289503913
Linear,Different class,-2.829339745559686
Linear,Different class,-1.5831851271834396
Linear,Different class,2.0077786467701633
Linear,Different class,2.7110494493261217
Linear,Same class,6.0005499050311455
Linear,Same class,-13.914234111904964
Linear,Same class,1.37481996544802
Linear,Different class,2.590920692536713
Linear,Same class,-0.708117512843278
Linear,Same class,-1.7356770724768442
Linear,Same class,2.113974547389826
Linear,Same class,-10.213839347415533
Linear,Different class,11.125072592919484
Linear,Same class,-9.917862209493038
Linear,Same class,1.1777729485077493
Linear,Different class,2.096932041823873
Linear,Same class,3.2338624686736916
Linear,Same class,-4.544164795360301
Linear,Different class,0.5499283690468848
Linear,Same class,0.9470298648039492
Linear,Different class,1.6114473637448319
Linear,Different class,8.075793840484051
Linear,Same class,-4.980314194147574
Linear,Same class,2.589688759175494
Linear,Different class,-1.5140150338656606
Linear,Same class,4.549912554097325
Linear,Same class,4.096267332358518
Linear,Same class,-4.526639657002455
Linear,Different class,-2.288559615008591
Linear,Same class,-5.624922571228938
Linear,Same class,-11.526004361011942
Linear,Same class,5.940830933135047
Linear,Different class,5.392990724130026
Linear,Different class,-5.967818955716572
Linear,Different class,2.873203005233289
Linear,Different class,-1.4222900358935104
Linear,Same class,-0.4774288409781299
Linear,Same class,4.956842911742424
Linear,Same class,-7.61484378235067
Linear,Different class,-3.091553866450316
Linear,Same class,-0.3845422854657151
Linear,Different class,0.544969711998617
Linear,Different class,-8.625399516588658
Linear,Same class,-6.942706118066836
Linear,Same class,-12.111691950192476
Linear,Same class,3.462360480945318
Linear,Same class,-7.445586899864243
Linear,Different class,-4.004693638462053
Linear,Different class,-0.3427601544981107
Linear,Different class,6.986228960343587
Linear,Different class,-3.282878473691568
Linear,Different class,0.6555118895730183
Linear,Different class,-1.7489304048510763
Linear,Same class,-4.909798179752052
Linear,Different class,-5.8634118005711295
Linear,Different class,-4.454285075889954
Linear,Different class,-8.181150510305526
Linear,Different class,1.5092133824203753
Linear,Different class,7.990078214752072
Linear,Different class,0.836622985793299
Linear,Different class,1.6986863788770672
Linear,Same class,-4.939422788119762
Linear,Same class,-0.47841273118610605
Linear,Same class,2.4040716977491132
Linear,Different class,3.8255137297555395
Linear,Different class,4.85046892583376
Linear,Different class,-15.78541412570587
Linear,Same class,-6.311541226844063
Linear,Same class,2.859546080098102
Linear,Different class,0.6988445396410357
Linear,Different class,1.3777008991475042
Linear,Same class,-4.943302444967702
Linear,Different class,-5.375814802704557
Linear,Different class,-1.4675090118884588
Linear,Different class,-0.6338138996966042
Linear,Different class,-11.726733557053898
Linear,Same class,-5.195337011010135
Linear,Different class,-2.0127915646330194
Linear,Different class,-13.704164663551907
Linear,Same class,0.05972296852876066
Linear,Different class,-6.589280860809271
Linear,Same class,0.5733164277499726
Linear,Same class,5.82049378437779
Linear,Same class,1.666894754159556
Linear,Same class,3.616959021784081
Linear,Different class,-7.730357992288125
Linear,Same class,16.912088234270872
Linear,Different class,31.032176630065695
Linear,Different class,-19.441522769059073
Linear,Same class,5.604047744312242
Linear,Different class,19.84838607173693
Linear,Same class,11.49060267339215
Linear,Different class,-12.646333278124507
Linear,Same class,-1.5029986338218402
Linear,Different class,1.6841073444154553
Linear,Same class,0.4255694171256012
Linear,Same class,-4.33116492130304
Linear,Same class,-3.00821159892375
Linear,Same class,-3.1973717399962536
Linear,Same class,1.4941965009478875
Linear,Same class,6.324837093001697
Linear,Same class,-2.32825794206772
Linear,Same class,-20.714473304587763
Linear,Same class,-13.760578136971155
Linear,Same class,0.7460525465465438
Linear,Different class,9.587606002420307
Linear,Same class,-1.8613387842970701
Linear,Same class,2.671323144174961
Linear,Same class,0.6005074043938197
Linear,Same class,18.446260454441617
Linear,Same class,5.676971557313533
Linear,Different class,0.3605507555352963
Linear,Different class,3.272710473697188
Linear,Same class,9.887272794744524
Linear,Different class,-3.585650988865727
Linear,Same class,2.640687441708917
Linear,Same class,-1.7323372215599542
Linear,Same class,-1.6774727698994365
Linear,Different class,-7.0858317358178535
Linear,Same class,-9.000664670701507
Linear,Same class,7.469582513570856
Linear,Same class,-0.15462610513308206
Linear,Different class,-2.523341127860801
Linear,Different class,0.5905993587710692
Linear,Different class,-13.754913222942788
Linear,Same class,-0.1457497584123143
Linear,Same class,-0.2908813913631255
Linear,Same class,-0.5396893586890438
Linear,Same class,0.9991192656242989
Linear,Different class,-14.247178605562908
Linear,Same class,-7.41026134435393
Linear,Different class,1.4804212124287244
Linear,Same class,5.091438391223582
Linear,Same class,5.750134236234431
Linear,Different class,1.5734821121649891
Linear,Different class,8.562846214734867
Linear,Same class,1.5050639419673713
Linear,Different class,-2.2154437132036837
Linear,Same class,7.481367733224401
Linear,Different class,-2.7741408755195756
Linear,Same class,2.705161636212169
Linear,Same class,-8.238241761662573
Linear,Same class,-1.5720613704393294
Linear,Different class,-5.067261727691963
Linear,Same class,3.837175297501928
Linear,Same class,-6.92565680235691
Linear,Same class,11.089268810006532
Linear,Different class,37.40004094189487
Linear,Same class,0.40880669865173924
Linear,Same class,2.1264650260886717
Linear,Different class,2.602352386330115
Linear,Same class,-10.69827628454528
Linear,Different class,25.683008022554482
Linear,Same class,-1.7466052627987119
Linear,Different class,4.346178655509891
Linear,Different class,1.8957164435571405
Linear,Same class,-10.66382416426727
Linear,Different class,2.1957593863965794
Linear,Different class,-12.568013377623965
Linear,Same class,15.426250434355921
Linear,Same class,-2.964245548294079
Linear,Same class,-4.9367823681621115
Linear,Different class,-10.20127467842262
Linear,Same class,-5.7909754644527105
Linear,Different class,4.669760387229941
Linear,Same class,3.75831123950738
Linear,Same class,1.5255402782764647
Linear,Same class,10.811379657951674
Linear,Same class,10.07561180773786
Linear,Same class,10.097145627504567
Linear,Same class,26.396267402664417
Linear,Different class,7.10240008403677
Linear,Same class,-3.1546824678797214
Linear,Different class,-4.797002605777373
Linear,Same class,8.018719986590508
Linear,Same class,8.13400177405486
Linear,Same class,-0.22834968020946536
Linear,Different class,3.741523596563118
Linear,Different class,-7.4288822755474655
Linear,Different class,5.9490047066009195
Linear,Different class,10.0703383659955
Linear,Different class,-8.340954987484949
Linear,Same class,-4.293729775913824
Linear,Different class,-5.035736184830568
Linear,Same class,-4.63952500081548
Linear,Different class,-4.094978080812373
Linear,Different class,1.9550313733867166
Linear,Same class,-2.4638340837876136
Linear,Different class,-6.007126386519782
Linear,Different class,-7.4353428886830795
Linear,Different class,-4.4788783525628935
Linear,Different class,1.4001211788213535
Linear,Different class,-5.160266193181
Linear,Same class,7.550598026041209
Linear,Different class,-0.05603720947493665
Linear,Different class,12.794422041582273
Linear,Same class,0.8546587484525274
Linear,Same class,-3.9155622401140273
Linear,Different class,-1.1181212632675175
Linear,Same class,-0.4641329760123527
Linear,Same class,-5.766793880835816
Linear,Same class,0.023789650622834786
Linear,Different class,4.746565168931455
Linear,Different class,1.9365052591568415
Linear,Same class,-7.1249742280644295
Linear,Same class,10.43426537672872
Linear,Different class,7.5223369206691055
Linear,Same class,-1.3134009331377605
Linear,Different class,-3.370437952942136
Linear,Same class,7.616448625235169
Linear,Different class,-2.2995488314851147
Linear,Different class,7.060652139238273
Linear,Same class,-10.142538230336148
Linear,Same class,-2.981822318114817
Linear,Same class,7.814723506677817
Linear,Same class,3.610333023084846
Linear,Different class,2.1805329044548207
Linear,Different class,-0.33550280029794555
Linear,Different class,-4.561309474976613
Linear,Same class,11.36347883366509
Linear,Different class,8.761123385512132
Linear,Same class,4.556747627523788
Linear,Different class,-12.92382623127702
Linear,Same class,6.5435039467641465
Linear,Different class,-6.935671584251986
Linear,Same class,-4.096260028896319
Linear,Different class,-1.3756291427745615
Linear,Different class,-11.386053274594959
Linear,Same class,6.075709833604149
Linear,Same class,-0.14058738621527458
Linear,Different class,3.654272539646591
Linear,Different class,-2.972603891313014
Linear,Same class,4.445782251711377
Linear,Same class,-13.822804575113418
Linear,Different class,2.5473559521809594
Linear,Same class,-3.6103644030279134
Linear,Different class,2.9634641485278337
Linear,Different class,-0.5067587761903274
Linear,Different class,-2.616453172621587
Linear,Different class,-5.998267009254365
Linear,Same class,-5.477554274272184
Linear,Different class,2.402756698848425
Linear,Different class,2.9239754640865785
Linear,Same class,5.366225326572868
Linear,Same class,26.765976868336825
Linear,Different class,-5.92576927206144
Linear,Different class,3.472164989363455
Linear,Different class,8.542023989634007
Linear,Different class,4.204129341654625
Linear,Same class,-1.2433849920393596
Linear,Different class,7.986343796623036
Linear,Different class,2.3853511693078673
Linear,Same class,2.3320032408840747
Linear,Same class,0.6782510740240982
Linear,Different class,-5.974049026337369
Linear,Same class,7.752931453350367
Linear,Different class,-1.848365850630608
Linear,Same class,1.629124385489234
Linear,Different class,0.4910423476852368
Linear,Different class,-3.28302354059321
Linear,Different class,-7.349845935907462
Linear,Different class,-6.926173148737036
Linear,Different class,-2.188481134954449
Linear,Same class,6.676909417168251
Linear,Different class,-6.498524766132755
Linear,Different class,6.295171524372897
Linear,Different class,-5.663136061738778
Linear,Different class,17.674532410828498
Linear,Same class,-2.8775334695345105
Linear,Different class,-4.641265603392155
Linear,Same class,-14.757433873157073
Linear,Different class,-10.262854155943236
Linear,Different class,12.585695647495246
Linear,Same class,-12.494507600034119
Linear,Same class,7.292548768396191
Linear,Different class,11.548582984255189
Linear,Different class,0.010931531804438429
Linear,Different class,-8.21960958630083
Linear,Different class,8.789837173684582
Linear,Different class,-1.2828143360497102
Linear,Different class,5.922184165030176
Linear,Same class,0.34287425786794934
Linear,Same class,0.8396267067117791
Linear,Same class,-9.757011931608165
Linear,Same class,-0.3879610154764094
Linear,Same class,5.617476998476169
Linear,Different class,0.646166364172926
Linear,Same class,0.7357039380232386
Linear,Same class,-3.5582553035493487
Linear,Same class,45.71436338686721
Linear,Same class,-4.945728176322275
Linear,Same class,-10.223938672383534
Linear,Same class,-14.54971631364127
Linear,Same class,-8.916533510970353
Linear,Same class,-0.5731451842650078
Linear,Same class,-3.707332547178455
Linear,Same class,-10.190804456651028
Linear,Different class,5.777652820740904
Linear,Different class,-12.626831498924144
Linear,Different class,-14.530645014289119
Linear,Different class,5.543035075028018
Linear,Different class,-0.4152902812791363
Linear,Same class,-2.104923697383366
Linear,Different class,-7.202109772649707
Linear,Different class,2.919746825194056
Linear,Different class,-1.8423327000090677
Linear,Same class,1.2672969756498296
Linear,Same class,1.7726378622862524
Linear,Different class,6.597404969111782
Linear,Same class,-1.0233707953137126
Linear,Different class,6.903459452330541
Linear,Same class,-1.8811280597515534
Linear,Different class,4.398771075634647
Linear,Different class,2.7638189737688377
Linear,Different class,-0.8000193096457163
Linear,Same class,-17.792940884435193
Linear,Different class,-5.477209485122082
Linear,Same class,5.458343122801114
Linear,Same class,-13.356333231753597
Linear,Same class,-2.7911132557414176
Linear,Different class,5.681338459151462
Linear,Different class,-0.4327470669234271
Linear,Different class,-8.51073852279417
Linear,Different class,-10.518077843281269
Linear,Same class,-11.508031532711087
Linear,Different class,1.7527021276419075
Linear,Same class,4.499381615692706
Linear,Same class,2.1138442210138626
Linear,Same class,-2.91093167220957
Linear,Different class,3.2396293693836973
Linear,Different class,5.407787958471883
Linear,Same class,11.5301879419866
Linear,Same class,-0.07819177202134589
Linear,Same class,-4.631949340396706
Linear,Same class,-9.657595372882582
Linear,Different class,2.3177739785289067
Linear,Same class,-0.21575395137348297
Linear,Different class,7.3225622569810245
Linear,Same class,-6.363798447473685
Linear,Different class,-5.996429971584618
Linear,Same class,-7.096144428154676
Linear,Same class,0.9684313871091923
Linear,Different class,-1.4400829572121523
Linear,Same class,4.483987640186857
Linear,Same class,12.815144259294653
Linear,Different class,-4.558004184809669
Linear,Same class,6.178826275540635
Linear,Same class,5.58328515498997
Linear,Different class,0.45690686998007674
Linear,Different class,-4.327320536776256
Linear,Different class,-14.200729849863157
Linear,Different class,8.740430595071256
Linear,Different class,-1.904892732907224
Linear,Different class,3.0703209863225744
Linear,Different class,-8.98331708384203
Linear,Different class,-2.940705749252754
Linear,Same class,2.101104613273037
Linear,Same class,-1.9311967133005736
Linear,Same class,2.729973093057459
Linear,Different class,-14.207255717153672
Linear,Different class,5.90963526319219
Linear,Different class,3.5242650854770283
Linear,Different class,4.0394199164710125
Linear,Same class,26.39661969299663
Linear,Same class,0.22338016506079664
Linear,Different class,10.66685255982755
Linear,Same class,9.961716263065894
Linear,Different class,-2.7598227485299867
Linear,Same class,-6.360597670342011
Linear,Same class,5.8349167729006055
Linear,Different class,4.07776988463116
Linear,Same class,1.8262288575588406
Linear,Different class,0.8032414997963214
Linear,Same class,7.571062149277746
Linear,Same class,-3.0582224921239294
Linear,Same class,11.658236233144233
Linear,Different class,10.402156342478397
Linear,Different class,11.700785372526378
Linear,Different class,-0.5258430908778495
Linear,Same class,-5.695976707466547
Linear,Same class,5.690322041976702
Linear,Same class,2.0448464374149222
Linear,Different class,3.694985412380979
Linear,Different class,0.3076420000078609
Linear,Different class,1.8932627673676012
Linear,Different class,-5.287146655561026
Linear,Different class,2.148912242878774
Linear,Same class,-1.5681101560554769
Linear,Same class,17.700932234463362
Linear,Different class,4.63600531214203
Linear,Different class,-3.1448725720755752
Linear,Different class,3.539239794723647
Linear,Same class,-7.169837084549177
Linear,Different class,0.515079318307687
Linear,Same class,2.8436995335271904
Linear,Different class,0.6752414566507094
Linear,Same class,0.5892324114747522
Linear,Same class,-9.47587482129022
Linear,Same class,2.2141654157329964
Linear,Same class,11.637049465047241
Linear,Different class,14.97525403403811
Linear,Same class,1.811260793632981
Linear,Same class,-3.0372431033507064
Linear,Different class,15.134263615539426
Linear,Different class,4.706191858704591
Linear,Same class,-2.343532918599958
Linear,Same class,-11.201523338585455
Linear,Same class,3.5003780992962814
Linear,Different class,-2.924264605421224
Linear,Same class,2.3358358615631936
Linear,Same class,-1.6579629205213176
Linear,Different class,0.8617015419395724
Linear,Different class,-2.682787168409489
Linear,Same class,7.219777092814801
Linear,Different class,-0.5355968929731534
Linear,Different class,-0.6073013790958177
Linear,Same class,-1.8720623743657012
Linear,Same class,-6.88204895340421
Linear,Different class,5.656859768211853
Linear,Different class,-3.330334476972435
Linear,Different class,-1.3326428116975029
Linear,Same class,7.317344010339406
Linear,Different class,1.856125332575898
Linear,Different class,-10.109811114762872
Linear,Different class,6.333769287597647
Linear,Different class,-12.230864857812506
Linear,Different class,-11.651775105538112
Linear,Same class,2.268550470484856
Linear,Same class,0.17396891773755696
Linear,Same class,0.6116505678062256
Linear,Different class,-6.448809987915905
Linear,Same class,-2.6045302310576073
Linear,Same class,11.181389254262845
Linear,Same class,21.562677350621936
Linear,Same class,-6.276338733852515
Linear,Different class,-6.807253789995421
Linear,Same class,-0.512568923301479
Linear,Different class,11.508046941904853
Linear,Different class,4.609889000904608
Linear,Different class,-4.9560109473122855
Linear,Same class,-3.2981158209924013
Linear,Same class,-0.380745336878354
Linear,Same class,4.6956726239444215
Linear,Different class,8.58180164125767
Linear,Different class,-1.69694976275322
Linear,Different class,-0.37350237996461777
Linear,Same class,3.084988759694318
Linear,Different class,-13.201549422781962
Linear,Different class,-5.735372705253001
Linear,Same class,2.564841385751823
Linear,Same class,1.0031710398472162
Linear,Different class,6.903332597412482
Linear,Different class,9.668983979208479
Linear,Same class,6.099450271587111
Linear,Different class,1.0090156586900632
Linear,Different class,3.309826471575973
Linear,Same class,-2.901734799645249
Linear,Same class,10.915722129632064
Linear,Same class,-0.7224033175961856
Linear,Same class,6.612573261680361
Linear,Different class,-5.029524542066334
Linear,Same class,12.374841027755673
Linear,Same class,-4.42738514732227
Linear,Different class,-3.3654629467163444
Linear,Same class,3.8836750718295137
Linear,Same class,-8.040510608529523
Linear,Same class,-3.3118344601755707
Linear,Same class,-3.019518736883616
Linear,Different class,11.943477047025667
Linear,Different class,-1.2283386640031135
Linear,Different class,-7.327514205924827
Linear,Different class,4.316256581668656
Linear,Same class,-7.255994231875944
Linear,Different class,5.234135361065937
Linear,Same class,4.230232382473246
Linear,Different class,6.669459356239469
Linear,Different class,-10.170314029377053
Linear,Same class,-6.437909549580083
Linear,Same class,-1.4946794871147613
Linear,Different class,6.651686501928395
Linear,Different class,-6.90851199646723
Linear,Same class,-11.158896144718156
Linear,Different class,-18.300865595930194
Linear,Different class,2.135281767447571
Linear,Same class,-9.805902436431426
Linear,Different class,-6.799670115592676
Linear,Different class,0.6799374468131077
Linear,Different class,-3.1549440797718673
Linear,Different class,-1.1115603694708918
Linear,Different class,-0.7778438886597534
Linear,Same class,5.6190299925857365
Linear,Different class,3.0181867498372195
Linear,Same class,4.697805437528137
Linear,Same class,-6.720711859047666
Linear,Different class,-8.753793761604214
Linear,Different class,2.5264250252884097
Linear,Different class,9.106722422149467
Linear,Different class,-16.654226090908466
Linear,Same class,-11.097152081314086
Linear,Different class,4.230167866878569
Linear,Same class,-6.558317499878707
Linear,Different class,-5.378441925241392
Linear,Different class,-3.481779848320591
Linear,Same class,-1.8225827942486184
Linear,Same class,-1.8556969883150054
Linear,Same class,-11.626442093500994
Linear,Same class,0.44528163938611404
Linear,Different class,4.619466024227608
Linear,Different class,-10.254903092954404
Linear,Different class,4.236954390052309
Linear,Different class,8.415997870061656
Linear,Same class,-1.83133454513482
Linear,Different class,2.171467421268118
Linear,Different class,-0.6829510017601687
Linear,Same class,0.7989894777935597
Linear,Different class,-6.2243831724882615
Linear,Same class,-4.888621728525961
Linear,Different class,-2.2752597777140666
Linear,Different class,3.373503279502621
Linear,Same class,9.471228866390387
Linear,Different class,4.327093127057656
Linear,Same class,-6.904474976572633
Linear,Same class,-5.53501257987886
Linear,Same class,1.2541458473465001
Linear,Same class,1.8687855204236945
Linear,Same class,14.642829837499406
Linear,Different class,18.495096668771257
Linear,Different class,-2.937240707543035
Linear,Same class,-10.4697556427731
Linear,Different class,-0.11029940511360528
Linear,Same class,-5.521702090621026
Linear,Different class,-2.0334828899560726
Linear,Different class,-3.546105290366625
Linear,Different class,3.3737818906392607
Linear,Same class,0.526410847323509
Linear,Different class,-0.2669308618915476
Linear,Different class,7.49965396584191
Linear,Same class,5.731261081250047
Linear,Same class,12.389476988718854
Linear,Different class,-7.095850330622744
Linear,Same class,1.2855949070050574
Linear,Same class,1.3945378008865286
Linear,Same class,-17.068726546175988
Linear,Same class,-5.5583349296163185
Linear,Different class,-6.390354836368632
Linear,Same class,-8.109069607110941
Linear,Different class,5.496704229015894
Linear,Different class,-5.515030060960993
Linear,Same class,2.286404562803764
Linear,Same class,-9.909433502558688
Linear,Different class,-12.883947274908673
Linear,Same class,26.874528701627945
Linear,Different class,-8.498023573385549
Linear,Different class,-2.81794703683446
Linear,Same class,-10.510889272777327
Linear,Different class,-5.1679091950495595
Linear,Same class,8.166128049692265
Linear,Same class,4.259881876016259
Linear,Same class,1.0620344072946901
Linear,Same class,2.633259814474051
Linear,Different class,0.19373504107760822
Linear,Different class,4.463112282164581
Linear,Different class,0.005664491327081552
Linear,Different class,-0.6720021040223971
Linear,Different class,-2.2451195541549507
Linear,Same class,0.49753922314890864
Linear,Different class,4.618796260663574
Linear,Same class,6.006519884732985
Linear,Different class,-5.953390322418345
Linear,Different class,6.129197551891541
Linear,Same class,1.9329576168942524
Linear,Same class,-4.598217427871422
Linear,Different class,-3.1081705714259655
Linear,Different class,-16.19466563612631
Linear,Different class,-13.819700380108054
Linear,Different class,2.347071597892635
Linear,Different class,15.806721123106607
Linear,Different class,7.342018508094166
Linear,Different class,3.9035862364509546
Linear,Same class,4.8419681010345546
Linear,Different class,-1.4053475888572047
Linear,Different class,-11.343846134472134
Linear,Different class,-1.5806800839949218
Linear,Same class,-1.0272934258934883
Linear,Same class,3.6500859326357578
Linear,Same class,5.178723226493851
Linear,Different class,-3.7474040427109654
Linear,Different class,-0.042460105830857346
Linear,Different class,-4.385223913935956
Linear,Different class,-6.366172955990514
Linear,Same class,-9.223629240631105
Linear,Different class,-4.344934688396604
Linear,Same class,-1.2717140584417694
Linear,Different class,6.587025830373775
Linear,Different class,-11.444295714010622
Linear,Different class,-0.05214215642341032
Linear,Same class,7.415166688117087
Linear,Different class,-7.072611860144585
Linear,Different class,9.975022987793274
Linear,Different class,-1.2933326216566738
Linear,Different class,-7.739712802126929
Linear,Different class,3.3252943463841698
Linear,Different class,-1.3239058167621058
Linear,Different class,-7.701049667161584
Linear,Different class,5.054089559019126
Linear,Same class,6.430405560202349
Linear,Different class,5.886530250849304
Linear,Same class,0.04779071162768103
Linear,Same class,-2.174531065755681
Linear,Same class,-14.365391865441422
Linear,Different class,4.668990843300451
Linear,Same class,3.9534566732232737
Linear,Different class,-11.139120537344247
Linear,Different class,4.75322492452275
Linear,Different class,5.113932674534495
Linear,Same class,-0.3556196848411888
Linear,Different class,-3.724377601930518
Linear,Same class,2.148402935945826
Linear,Same class,3.850710210638887
Linear,Different class,6.19211692223682
Linear,Same class,1.0970846035581427
Linear,Different class,2.332239342173341
Linear,Same class,0.8498620722043049
Linear,Same class,4.349315849623998
Linear,Same class,-7.730434896095936
Linear,Different class,-5.1657575350019656
Linear,Different class,-4.035397968069385
Linear,Different class,6.320912266901504
Linear,Different class,21.641168923180015
Linear,Same class,-4.32943854993611
Linear,Different class,3.259353151840836
Linear,Different class,-1.190988998118893
Linear,Same class,-5.853421921851705
Linear,Different class,-10.548874974642523
Linear,Different class,6.0349136529942955
Linear,Same class,-2.3879225242578315
Linear,Different class,-9.436972103322807
Linear,Different class,-7.136687454600253
Linear,Same class,-7.903368108840477
Linear,Different class,0.20760309871058394
Linear,Different class,-8.797218907237669
Linear,Same class,-0.8591494833116339
Linear,Different class,6.439992372859954
Linear,Different class,-4.376551504983604
Linear,Same class,-2.846586586115121
Linear,Same class,-6.889391751470107
Linear,Same class,11.975774305920892
Linear,Different class,15.021327008275268
Linear,Same class,1.9996335597886887
Linear,Same class,-13.097140253207712
Linear,Same class,-1.5882269063779106
Linear,Same class,-3.2653146057963527
Linear,Different class,3.406787606429544
Linear,Same class,5.969810749711301
Linear,Same class,-5.188212435732229
Linear,Same class,0.001084270562095453
Linear,Same class,2.670621918296894
Linear,Same class,1.2250612743408078
Linear,Different class,7.411080725116458
Linear,Same class,0.8876329501134079
Linear,Different class,12.687961206264387
Linear,Different class,1.9877286759389954
Linear,Different class,0.9643073066507404
Linear,Different class,-2.270654785063038
Linear,Different class,2.159595939331409
Linear,Different class,4.269597131741738
Linear,Same class,-3.4676256765644964
Linear,Different class,2.6338092854665676
Linear,Same class,0.3312913244584278
Linear,Same class,0.7752099090592663
Linear,Same class,10.14088904186949
Linear,Same class,-9.29170671938238
Linear,Same class,-4.2049644882705834
Linear,Different class,-3.5395144561790937
Linear,Same class,-2.58268803111314
Linear,Different class,-0.6021250193279012
Linear,Different class,2.047960475811039
Linear,Same class,5.923222448318925
Linear,Different class,1.5849035589867049
Linear,Same class,-5.627841977356522
Linear,Same class,4.484056130370094
Linear,Different class,-1.4506245032543739
Linear,Different class,-6.099848847926734
Linear,Different class,-4.164598872572747
Linear,Different class,-8.380054688145474
Linear,Different class,-3.1933641344317936
Linear,Same class,0.8946358432708905
Linear,Same class,7.424652185375895
Linear,Different class,-6.955295400145421
Linear,Different class,-1.4977667740696496
Linear,Different class,7.337277119740405
Linear,Different class,4.593437463265454
Linear,Different class,6.545083319914
Linear,Different class,-3.404860456136159
Linear,Different class,7.2886730601866825
Linear,Different class,0.9459130814358281
Linear,Same class,-1.0470903532317417
Linear,Same class,9.242144682114969
Linear,Same class,3.383294155017906
Linear,Same class,7.961896900486944
Linear,Same class,-0.4857385552165354
Linear,Different class,-9.475581994184461
Linear,Different class,-2.2591900044389543
Linear,Same class,1.6805421188622298
Linear,Same class,22.55770636573831
Linear,Same class,-0.8719854801966119
Linear,Different class,2.9992866285312165
Linear,Same class,-5.510080105479595
Linear,Same class,0.9796223235929022
Linear,Same class,1.9604244485580604
Linear,Different class,-10.81861538015721
Linear,Same class,-6.420820410583344
Linear,Same class,-2.835607838073924
Linear,Same class,-4.1982767709435915
Linear,Different class,1.695821640408867
Linear,Same class,-0.47420604467017324
Linear,Different class,-17.338388940129533
Linear,Same class,-9.197468510459865
Linear,Same class,3.3507031725346357
Linear,Different class,4.218425676028679
Linear,Same class,-0.6339007367908148
Linear,Same class,9.945701124574112
Linear,Different class,5.350701663268349
Linear,Different class,-6.1020156017177305
Linear,Same class,11.142917279200638
Linear,Different class,1.850966321612048
Linear,Same class,2.8826744345042337
Linear,Same class,-0.20232780568996755
Linear,Different class,7.688821842689666
Linear,Same class,4.232912301430598
Linear,Different class,10.213336708103856
Linear,Same class,0.8937999512587603
Linear,Same class,8.744234215010565
Linear,Same class,-9.939859153675066
Linear,Different class,-2.0403838373794807
Linear,Different class,-8.722536598509254
Linear,Different class,-11.529173205031386
Linear,Different class,-1.3243856974514674
Linear,Same class,-2.040610474754321
Linear,Same class,-3.4608460310170335
Linear,Different class,-8.863496806134064
Linear,Different class,-2.0671943910356063
Linear,Same class,-0.9982829722898702
Linear,Same class,-2.38474352926872
Linear,Same class,8.502085254051705
Linear,Different class,2.2874672856109135
Linear,Different class,-11.788170436783524
Linear,Different class,-0.4389182413482846
Linear,Same class,-3.511735304473938
Linear,Same class,-3.499636032918606
Linear,Same class,0.6692561504574124
Linear,Different class,1.2359515561382335
Linear,Same class,-15.800258268564143
Linear,Different class,-13.826070105319845
Linear,Same class,3.9631777976785063
Linear,Same class,10.251800054276341
Linear,Different class,2.7139880518452846
Linear,Same class,2.2173566919628427
Linear,Different class,4.002615240765582
Linear,Same class,-5.510236145102315
Linear,Different class,3.238318371638456
Linear,Same class,11.79770817683803
Linear,Different class,-4.252386402917299
Linear,Different class,-2.1973606861857764
Linear,Same class,3.6619931697333596
Linear,Same class,13.920178015336614
Linear,Different class,1.5787668645573671
Linear,Different class,-0.31001166890046694
Linear,Same class,5.708392086038739
Linear,Different class,4.023594121144095
Linear,Same class,7.408422636844069
Linear,Different class,-10.786667629524185
Linear,Same class,-1.5027981107647845
Linear,Different class,9.301816362310353
Linear,Same class,9.470488643371487
Linear,Different class,-6.950814568379668
Linear,Same class,13.060287028575255
Linear,Different class,-4.419452078009715
Linear,Same class,-5.8886379088818135
Linear,Different class,-8.231907965240742
Linear,Different class,-2.4462387981130798
Linear,Different class,-4.204988452191561
Linear,Different class,5.405218147859841
Linear,Different class,0.8365341724041557
Linear,Different class,-0.14771920205243685
Linear,Same class,9.33135339936913
Linear,Different class,-6.094093147885944
Linear,Same class,-0.8943273897910713
Linear,Different class,-6.029647208810135
Linear,Different class,-1.109005751419888
Linear,Same class,14.517534924470514
Linear,Different class,-17.338118699784673
Linear,Same class,22.090952115330655
Linear,Same class,9.331560542457755
Linear,Different class,-11.421221919283632
Linear,Different class,1.6249319492065315
Linear,Same class,-0.9853842846549034
Linear,Different class,0.6403264413964744
Linear,Different class,2.561491356654911
Linear,Different class,-1.6113471440623415
Linear,Same class,-0.2923045713753408
Linear,Different class,-7.319685832844408
Linear,Same class,2.036795350897717
Linear,Same class,-5.3015194371993735
Linear,Different class,5.987762856478759
Linear,Same class,8.251054554046195
Linear,Same class,27.692111600615974
Linear,Different class,-4.926703380963566
Linear,Different class,5.335734744044904
Linear,Same class,-3.6599171289822543
Linear,Different class,9.383884373075372
Linear,Same class,3.3859213905758274
Linear,Same class,-5.037243836727333
Linear,Same class,-5.872418584491663
Linear,Different class,-5.948312304598805
Linear,Different class,8.967556851358413
Linear,Same class,-1.789529692388478
Linear,Different class,-4.5780108707409415
Linear,Different class,-3.6476371928142175
Linear,Same class,-11.957560956453689
Linear,Same class,3.5897221739631298
Linear,Different class,2.183326407012386
Linear,Same class,9.592732200887271
Linear,Different class,13.24722059607679
Linear,Different class,11.661381495626966
Linear,Same class,2.7672923151299105
Linear,Different class,2.9995756329752234
Linear,Different class,-9.198285084530417
Linear,Different class,-4.423967544985855
Linear,Same class,-2.368412927492338
Linear,Different class,2.5950432481850947
Linear,Same class,3.0729534488923917
Linear,Different class,-2.7497327078034997
Linear,Same class,19.055811596190573
Linear,Same class,-1.3384314625797782
Linear,Different class,-2.6221333801661393
Linear,Same class,2.458653774347952
Linear,Same class,7.5329273431807335
Linear,Same class,8.6585383371279
Linear,Same class,16.43325954612184
Linear,Same class,0.6169384228189632
Linear,Different class,-10.274099411443526
Linear,Different class,7.614515054215264
Linear,Different class,-1.439954418148363
Linear,Same class,15.357347459499783
Linear,Same class,1.8589482408631774
Linear,Different class,-7.043776868181945
Linear,Same class,-0.7861908214610654
Linear,Different class,6.457106561440881
Linear,Same class,-10.848229055559939
Linear,Same class,2.1173882245805684
Linear,Same class,14.261153755320226
Linear,Different class,1.2881265105660813
Linear,Same class,0.023732535128815874
Linear,Same class,14.894782260947778
Linear,Same class,6.3190088297840505
Linear,Same class,4.8535898634636645
Linear,Different class,14.37671001222949
Linear,Same class,2.2643890204068993
Linear,Different class,0.7995592729528617
Linear,Different class,-0.20214963243075543
Linear,Same class,-9.793387365398258
Linear,Same class,0.46521423788360394
Linear,Different class,-11.69334581451638
Linear,Same class,-12.921489478902638
Linear,Same class,-0.14663387584479068
Linear,Different class,-4.561421809849277
Linear,Different class,-3.8224595480625556
Linear,Same class,10.894266892910707
Linear,Different class,13.153616176335785
Linear,Same class,4.329813628831097
Linear,Same class,0.4232302624430455
Linear,Different class,1.2896425538791962
Linear,Different class,-4.301163546031857
Linear,Same class,-0.2927744355166697
Linear,Different class,-4.977779470478379
Linear,Same class,-0.35909681059009846
Linear,Different class,-2.4964662423774504
Linear,Different class,2.7533264305802514
Linear,Different class,-7.677130686453053
Linear,Same class,10.106824733992337
Linear,Same class,-0.30652508695093167
Linear,Different class,-12.146503171110355
Linear,Same class,-4.312619318935946
Linear,Different class,-1.88762228261447
Linear,Same class,2.8494962102089385
Linear,Different class,-0.3307115218195873
Linear,Different class,-1.3560557418050643
Linear,Same class,-4.16068435171307
Linear,Different class,18.702232370834135
Linear,Same class,-0.28332017962989686
Linear,Different class,3.0736189477351483
Linear,Different class,1.596602050439005
Linear,Different class,7.082278255623187
Linear,Different class,8.84719860270572
Linear,Same class,-1.3163322769767858
Linear,Same class,1.1888402518249688
Linear,Different class,3.313346721790807
Linear,Same class,-3.7126675584973854
Linear,Different class,-6.619703219485114
Linear,Same class,6.722032196909309
Linear,Same class,-1.0030778042278117
Linear,Same class,2.807202408732526
Linear,Same class,13.850688570335839
Linear,Different class,3.350733471251082
Linear,Different class,3.0161760322022073
Linear,Same class,-0.979706230403878
Linear,Same class,13.463636903391413
Linear,Same class,2.2310627758532435
Linear,Same class,4.141445926763207
Linear,Same class,-5.215282053810469
Linear,Same class,1.014601055819962
Linear,Same class,-3.1532089070295357
Linear,Same class,0.2617426783664206
Linear,Same class,3.7071941129043715
Linear,Different class,-4.227328402146081
Linear,Same class,1.2306541779326836
Linear,Different class,-1.2608090741572384
Linear,Same class,8.194089806889375
Linear,Different class,18.297461623485223
Linear,Different class,-0.3279502837257757
Linear,Same class,5.357581097701496
Linear,Same class,-2.059704611930444
Linear,Different class,0.7970299696757601
Linear,Same class,-10.612531168398503
Linear,Different class,4.693765383022401
Linear,Different class,-2.273049858469257
Linear,Same class,3.887256954873984
Linear,Same class,4.943008468283146
Linear,Same class,-2.257248555616825
Linear,Same class,-0.4171241025942679
Linear,Same class,1.0696772712910667
Linear,Different class,4.049954092955822
Linear,Different class,1.6335560558645352
Linear,Same class,1.1173489979829256
Linear,Different class,5.4205337202698995
Linear,Different class,-5.759276587453295
Linear,Same class,-2.8516609057660705
Linear,Different class,-2.3686463767669976
Linear,Same class,-7.427516339680625
Linear,Same class,-7.626494685346575
Linear,Different class,-2.4908176035168665
Linear,Different class,1.9375253902754377
Linear,Same class,6.888613487809916
Linear,Same class,5.590293190950879
Linear,Same class,-2.402150665084502
Linear,Different class,-16.123260683148263
Linear,Different class,22.181561823155896
Linear,Same class,-2.12893898405559
Linear,Different class,-0.7553678351664043
Linear,Different class,6.233628555873016
Linear,Same class,2.573351403810683
Linear,Different class,-14.375143998519682
Linear,Same class,14.452872983852677
Linear,Same class,-7.215798415929514
Linear,Different class,-5.423024143540002
Linear,Different class,16.012298491328355
Linear,Different class,8.44001081131953
Linear,Same class,-1.6583154068314978
Linear,Same class,3.622266463183744
Linear,Different class,2.926343524247042
Linear,Same class,-0.3525531111095954
Linear,Different class,-4.890031823466153
Linear,Different class,6.875924651363004
Linear,Different class,-5.148447536577843
Linear,Different class,-7.935854335501826
Linear,Different class,-12.576527896305414
Linear,Same class,3.980924819203939
Linear,Different class,0.47307398412297724
Linear,Different class,6.394598942611006
Linear,Different class,7.61399612614784
Linear,Same class,-0.38076450712128906
Linear,Different class,2.359490450555027
Linear,Same class,-4.968182392744484
Linear,Same class,2.240537381260231
Linear,Same class,-3.153440291895932
Linear,Different class,9.10393746201678
Linear,Same class,4.228469806949741
Linear,Same class,14.456285635137142
Linear,Different class,-6.810634007389943
Linear,Different class,-6.681493076596444
Linear,Same class,-0.10556275051063678
Linear,Same class,5.0717334628056365
Linear,Same class,-4.6538776753869495
Linear,Same class,-3.4930006062109915
Linear,Different class,-6.023555841041189
Linear,Different class,-6.05931987192804
Linear,Same class,5.744404672810476
Linear,Different class,3.057632117460127
Linear,Different class,-5.807983471400265
Linear,Different class,-10.251719398743358
Linear,Different class,7.104705773481638
Linear,Different class,-7.752244877630004
Linear,Different class,-9.684054987738826
Linear,Same class,1.6319573750307874
Linear,Same class,1.8366412654623507
Linear,Same class,-5.939656617637014
Linear,Same class,2.5776125942953647
Linear,Same class,-1.489540645616783
Linear,Different class,10.417024495270477
Linear,Same class,-1.4420956822070896
Linear,Same class,3.1190381351275116
Linear,Same class,-7.855067010807598
Linear,Same class,7.784780775412275
Linear,Same class,0.42972745890119635
Linear,Different class,-19.989726401999583
Linear,Same class,12.007281511386775
Linear,Different class,-4.209806302383803
Linear,Different class,7.106398607466106
Linear,Same class,-0.48052364335028963
Linear,Same class,-2.060466200846618
Linear,Same class,-3.024295513683154
Linear,Different class,2.7403520330647373
Linear,Different class,-2.599071715797552
Linear,Different class,2.5318308565778738
Linear,Same class,16.736369317878392
Linear,Same class,-3.2981338546150702
Linear,Same class,0.7959506576558368
Linear,Same class,7.197410710428196
Linear,Different class,-2.494604989926307
Linear,Same class,21.296382198712585
Linear,Different class,3.045623487744701
Linear,Different class,8.710076344072629
Linear,Different class,10.803334011004738
Linear,Different class,-4.694042296003041
Linear,Same class,3.5158574229609063
Linear,Different class,-1.0460946603905084
Linear,Different class,4.463227701049512
Linear,Same class,2.134734204283566
Linear,Different class,-6.003968027392894
Linear,Same class,-3.346338894005461
Linear,Same class,-6.230708974784388
Linear,Different class,-0.038582981180273396
Linear,Same class,6.973803586581897
Linear,Same class,-1.0011976303356946
Linear,Different class,4.299479690207457
Linear,Same class,6.549973830208196
Linear,Same class,5.692103660887086
Linear,Different class,-0.5709878610412672
Linear,Same class,3.572422106231506
Linear,Same class,-9.501335434770898
Linear,Different class,16.303302127721114
Linear,Same class,-2.6537824697626258
Linear,Different class,2.1837576565127503
Linear,Same class,3.8377032292912983
Linear,Different class,-1.2903733970611846
Linear,Different class,-4.850748323073478
Linear,Different class,-0.7956272593839822
Linear,Different class,-2.1504315235649227
Linear,Different class,0.9852997279922315
Linear,Same class,11.076810997225522
Linear,Same class,3.547516195159111
Linear,Different class,3.8659628475457235
Linear,Different class,-5.766060186918913
Linear,Same class,-3.431022685869337
Linear,Same class,0.41912786415430303
Linear,Different class,1.4931237257432362
Linear,Different class,1.674929393043592
Linear,Different class,-1.4771125136041194
Linear,Different class,-4.875537760388509
Linear,Different class,-13.691850063288145
Linear,Same class,-1.1041129829152316
Linear,Same class,-7.569455817193377
Linear,Same class,1.9267039688284682
Linear,Same class,-3.385698824929444
Linear,Different class,-1.066334698317514
Linear,Different class,-4.894196536905093
Linear,Same class,1.2716427913595176
Linear,Different class,4.181675681055569
Linear,Different class,-5.912574693348268
Linear,Different class,-7.447415188305988
Linear,Same class,4.916852726789395
Linear,Different class,-1.9960893325374633
Linear,Different class,-2.875548828288359
Linear,Same class,9.91854099478334
Linear,Different class,3.9361673835154143
Linear,Different class,-2.0092616269972527
Linear,Same class,-5.58270154353981
Linear,Same class,-6.648806472379189
Linear,Different class,5.726245788004412
Linear,Different class,1.1038534731911305
Linear,Same class,3.711609648960814
Linear,Same class,5.74413120918479
Linear,Same class,-8.498492483503828
Linear,Different class,-5.941841807942335
Linear,Different class,2.4041322914847907
Linear,Same class,-1.4713785113314775
Linear,Same class,-2.871158830840207
Linear,Same class,-4.048315177370159
Linear,Same class,-3.969967235606194
Linear,Same class,-5.068005069166352
Linear,Different class,1.6800183702199476
Linear,Same class,6.020183852936412
Linear,Different class,5.033433369360158
Linear,Same class,-3.054876179939164
Linear,Same class,-13.579703137731077
Linear,Different class,1.8984401076897663
Linear,Different class,-4.507741546956067
Linear,Same class,5.2967096709945345
Linear,Same class,5.23207410688361
Linear,Same class,4.136856077435934
Linear,Different class,7.196483580381857
Linear,Same class,1.5859554361828985
Linear,Different class,3.633527715357577
Linear,Same class,6.816152114361679
Linear,Different class,15.096434416889263
Linear,Different class,-10.775257767372686
Linear,Different class,-5.620603173729343
Linear,Different class,-13.9231946753327
Linear,Different class,0.16785762830763118
Linear,Different class,-8.82997744514522
Linear,Same class,2.6527858184427386
Linear,Different class,-0.035445314698756995
Linear,Same class,1.628659315548375
Linear,Different class,11.12763356006503
Linear,Same class,6.023262820059972
Linear,Different class,-0.06942175727049955
Linear,Same class,13.968738561605434
Linear,Same class,-4.141336350837436
Linear,Different class,7.3239131831871065
Linear,Same class,7.90203470385958
Linear,Different class,3.4283006514499132
Linear,Different class,-2.4136533933574924
Linear,Same class,1.2549280565479999
Linear,Different class,-9.074249999078022
Linear,Different class,-1.3852248745256057
Linear,Same class,8.083398395618081
Linear,Different class,-4.263434142071629
Linear,Different class,-13.483757982625873
Linear,Different class,5.403853725598839
Linear,Different class,-10.429120907722856
Linear,Different class,-1.9445098763236288
Linear,Same class,5.110943149592866
Linear,Different class,-9.235939809599355
Linear,Same class,-14.536192827864499
Linear,Different class,-0.8671698827094707
Linear,Same class,34.26583922676407
Linear,Different class,-10.444613278077165
Linear,Different class,-6.758358005235887
Linear,Same class,8.473560863490896
Linear,Different class,9.907324266915438
Linear,Different class,-11.444575816099972
Linear,Same class,6.875982425080807
Linear,Same class,4.94901613049433
Linear,Different class,4.408908700488222
Linear,Same class,-5.125203524089023
Linear,Different class,10.811530018865835
Linear,Same class,-4.321584778867987
Linear,Same class,-0.38131839827232394
Linear,Same class,2.251896480397945
Linear,Same class,1.7366346304915605
Linear,Different class,-11.546084781679285
Linear,Different class,-7.210838228823201
Linear,Same class,-4.838042434638087
Linear,Different class,-8.394033367159116
Linear,Different class,-0.4543663058013283
Linear,Different class,-19.402776242039334
Linear,Different class,-1.3458505411419
Linear,Different class,-3.5672072956022833
Linear,Same class,-21.66442532630532
Linear,Different class,-1.6168643287650415
Linear,Different class,-1.1579451637775224
Linear,Same class,-6.255346049612073
Linear,Different class,0.6396571171300053
Linear,Same class,4.929348679112272
Linear,Different class,4.392350735627866
Linear,Different class,8.990832157665936
Linear,Different class,9.758606948757802
Linear,Same class,-9.263312236591785
Linear,Different class,-6.792548788218116
Linear,Different class,-18.183282339091186
Linear,Different class,-10.756345952187953
Linear,Different class,-1.7035757230308068
Linear,Same class,12.513940111078497
Linear,Same class,-5.010051064412398
Linear,Same class,-9.743368160790794
Linear,Different class,4.675315571565789
Linear,Different class,1.6602251834868373
Linear,Same class,4.621436070053981
Linear,Same class,13.227073823716783
Linear,Different class,-9.659418025873054
Linear,Same class,-3.7350954875860745
Linear,Different class,-1.5363750642891256
Linear,Same class,17.485277626080418
Linear,Same class,-0.881760077276459
Linear,Different class,-1.8249588765502978
Linear,Different class,-25.141562594128228
Linear,Different class,6.57814635721631
Linear,Same class,-6.880458606804971
Linear,Same class,-6.258114206846146
Linear,Different class,-8.623907037258453
Linear,Different class,2.1241871531606984
Linear,Same class,-5.214845043766611
Linear,Different class,-3.556955486970505
Linear,Same class,2.4860379033096875
Linear,Same class,2.202346338905843
Linear,Different class,-3.52443000471926
Linear,Same class,-2.605095395571983
Linear,Different class,6.117588992338394
Linear,Same class,-5.047335491477072
Linear,Different class,11.312775502439443
Linear,Different class,-4.162678062893864
Linear,Different class,0.43783041556747193
Linear,Same class,-3.0640488215251724
Linear,Same class,-3.8227779866227243
Linear,Different class,12.490760565644559
Linear,Different class,-9.340247955727932
Linear,Same class,1.303334962652501
Linear,Different class,-4.9562001142487135
Linear,Different class,4.960945108095284
Linear,Same class,-15.163085680787391
Linear,Same class,3.30632770852278
Linear,Different class,0.05015524434082322
Linear,Same class,1.0736460028229085
Linear,Different class,5.48644358410058
Linear,Same class,7.36506277446956
Linear,Same class,9.689616441126812
Linear,Different class,-2.110191764026155
Linear,Different class,4.129064949590297
Linear,Same class,4.9607844256698135
Linear,Different class,3.096491286971746
Linear,Same class,-4.411050936535863
Linear,Same class,25.94371640902224
Linear,Same class,-5.347227078312365
Linear,Different class,5.056711243322576
Linear,Different class,-16.74220895641588
Linear,Same class,5.804876259518906
Linear,Same class,6.0530946193871
Linear,Same class,2.70602629227051
Linear,Same class,-3.3479131766802825
Linear,Different class,-2.601170522095896
Linear,Same class,0.7490245749183767
Linear,Same class,1.5104662690581072
Linear,Same class,3.5673699600969675
Linear,Different class,7.974070901013372
Linear,Different class,1.194636158480055
Linear,Different class,-1.6960651533421482
Linear,Different class,-3.044013191484992
Linear,Different class,-5.034008234861393
Linear,Same class,4.748148968837941
Linear,Same class,5.097646193792027
Linear,Same class,2.864406941615406
Linear,Different class,-3.406623219202553
Linear,Different class,3.1310594685784694
Linear,Different class,-6.194800951688478
Linear,Different class,-3.0269184534065294
Linear,Same class,-4.485376244547745
Linear,Different class,-0.31976301147374453
Linear,Same class,5.621632265521797
Linear,Same class,2.085952851739915
Linear,Same class,9.72022937515133
Linear,Different class,-13.578450977610801
Linear,Same class,7.933174887777151
Linear,Different class,-6.87189597884539
Linear,Different class,13.783661013255863
Linear,Different class,2.9622390534026732
Linear,Different class,5.807710518659149
Linear,Different class,2.5931420941765553
Linear,Same class,-12.403532091624017
Linear,Different class,-0.3012781514793922
Linear,Same class,0.6384345216497688
Linear,Different class,-10.638596322813402
Linear,Same class,6.184966894060469
Linear,Different class,9.420645163854807
Linear,Different class,-5.9571150691374894
Linear,Same class,3.3780640453286606
Linear,Different class,6.693233565979264
Linear,Different class,-1.3847420547008107
Linear,Same class,12.18229491078151
Linear,Same class,-13.056136927117226
Linear,Different class,1.010803643468977
Linear,Same class,3.083758304511563
Linear,Same class,1.481405460188002
Linear,Different class,3.004267629432394
Linear,Same class,-4.8935815709687915
Linear,Same class,5.973880973133802
Linear,Same class,-3.30588121018776
Linear,Different class,3.3169438997206515
Linear,Different class,-15.55518362729142
Linear,Same class,-3.1410867393230943
Linear,Same class,-6.883192111953559
Linear,Same class,-7.229069009570387
Linear,Same class,3.989658869332769
Linear,Different class,11.055284547756791
Linear,Different class,-9.844300005866268
Linear,Different class,-3.347684285351443
Linear,Same class,-0.7163808533604793
Linear,Same class,14.434114284002991
Linear,Different class,2.935388147469063
Linear,Different class,-10.132703309366772
Linear,Different class,-3.210942675260134
Linear,Same class,-19.33373791182962
Linear,Same class,-3.3547036562303347
Linear,Different class,-0.44612553346641526
Linear,Different class,-11.891835551778556
Linear,Same class,0.704327513434559
Linear,Same class,-0.21671830508313508
Linear,Different class,1.6360023020041599
Linear,Same class,2.835389777856653
Linear,Same class,-3.149330933229109
Linear,Different class,-3.858020638241636
Linear,Same class,-1.736128010338593
Linear,Same class,6.991795044696969
Linear,Same class,-11.128801982418732
Linear,Different class,-3.6876081640502023
Linear,Same class,-3.06443431689202
Linear,Same class,1.071693114092078
Linear,Different class,15.298246557279423
Linear,Different class,-7.2616983985332
Linear,Different class,5.919193021099838
Linear,Different class,-4.383790412602321
Linear,Same class,7.338891094580117
Linear,Different class,-1.0135469119317462
Linear,Different class,5.661299190307885
Linear,Same class,-2.774915618353167
Linear,Same class,-8.081155446355407
Linear,Different class,-3.209780675692378
Linear,Different class,8.85100193923885
Linear,Same class,-1.0490635002279052
Linear,Same class,-7.402099814908279
Linear,Same class,-2.732073602738167
Linear,Same class,4.566947977812944
Linear,Different class,-7.057585221965761
Linear,Different class,-7.298213902046537
Linear,Same class,-16.431222325612875
Linear,Same class,4.280448461245761
Linear,Same class,2.8516979069955237
Linear,Different class,-1.917121917641299
Linear,Same class,-14.262505828930463
Linear,Different class,1.1492626595448698
Linear,Different class,-0.5628424931989849
Linear,Different class,-1.727665243782742
Linear,Different class,-4.086971288929418
Linear,Different class,-5.182485630701112
Linear,Same class,-7.599343405441415
Linear,Different class,3.9297726846520113
Linear,Different class,-6.362927410675914
Linear,Same class,5.629044147550911
Linear,Different class,-7.677630275368363
Linear,Same class,8.486442643984017
Linear,Same class,9.339213905102143
Linear,Different class,3.079773822938379
Linear,Same class,0.0818220951282013
Linear,Same class,21.066410286312422
Linear,Different class,-5.628013210625631
Linear,Different class,-4.0265831767165565
Linear,Same class,7.173332815232771
Linear,Different class,-3.583370148723267
Linear,Same class,-7.934524352339197
Linear,Different class,3.494072618360825
Linear,Different class,-4.665461673819103
Linear,Different class,-22.194159211882234
Linear,Different class,16.25647966818332
Linear,Same class,1.3612303451722028
Linear,Different class,-1.2793332369960948
Linear,Same class,6.649784035429838
Linear,Different class,5.044124564171704
Linear,Different class,1.3725956726981081
Linear,Same class,16.39550821965784
Linear,Same class,-4.2707544501363435
Linear,Same class,0.06826518541042727
Linear,Same class,-2.9431460136393564
Linear,Same class,-7.014376390380711
Linear,Same class,10.478557187922814
Linear,Different class,2.5476205733190174
Linear,Different class,5.964450987038004
Linear,Different class,10.632399484778373
Linear,Same class,-10.948940641012719
Linear,Different class,5.633262725748598
Linear,Different class,-5.2405627304227185
Linear,Same class,6.185469921014609
Linear,Different class,0.6957676446648897
Linear,Different class,1.7302739357196326
Linear,Same class,-2.6593961218768367
Linear,Same class,0.5808493866498559
Linear,Same class,7.120022665297212
Linear,Same class,-17.828143014481967
Linear,Different class,-6.950076622168747
Linear,Same class,0.21891757615222596
Linear,Different class,9.149768826117189
Linear,Same class,0.13875172109020015
Linear,Different class,5.995754335008845
Linear,Same class,2.82470932004634
Linear,Different class,-0.9237760789754389
Linear,Different class,-10.28489236109521
Linear,Same class,-4.925942858086521
Linear,Different class,0.871444094371274
Linear,Same class,5.4388515756462565
Linear,Different class,-3.0290132298088506
Linear,Different class,-7.194676419084784
Linear,Different class,-9.088177483759495
Linear,Different class,-3.258926719309247
Linear,Same class,-0.8511731006606716
Linear,Same class,-1.158317010515052
Linear,Same class,6.147482151356896
Linear,Same class,-15.796563291060568
Linear,Different class,0.5077362985347731
Linear,Different class,-10.028646891102216
Linear,Same class,3.7726771117419053
Linear,Different class,1.3926697381508575
Linear,Different class,20.47063541826521
Linear,Different class,-5.729915113957275
Linear,Same class,3.977006278078627
Linear,Same class,4.841127254037269
Linear,Different class,4.328182096842935
Linear,Same class,-1.613115911608551
Linear,Same class,5.609064255612729
Linear,Different class,-5.718128705322132
Linear,Same class,2.6902018681606212
Linear,Different class,0.9028000025433568
Linear,Different class,10.215148161883347
Linear,Different class,-4.617955526110593
Linear,Same class,-6.469299856547106
Linear,Same class,-3.352630410878542
Linear,Different class,-4.501417724921554
Linear,Same class,-12.063891033257867
Linear,Different class,-7.88998294634145
Linear,Same class,7.4017141608495045
Linear,Different class,7.174103994676482
Linear,Different class,8.105012982163803
Linear,Same class,5.690979510966715
Linear,Same class,13.798998660110797
Linear,Different class,-1.8806804661813683
Linear,Same class,3.2889605083722055
Linear,Same class,-5.418337625638896
Linear,Same class,3.930207183001421
Linear,Same class,-4.422392354887695
Linear,Same class,5.19672383260726
Linear,Same class,-5.661480039918951
Linear,Different class,0.34328994428271287
Linear,Same class,3.277339947840261
Linear,Different class,-0.37875180032140754
Linear,Different class,-11.47546581509489
Linear,Different class,0.7216855255797598
Linear,Different class,-1.995838910727554
Linear,Same class,8.694975166443292
Linear,Different class,-2.959133756588698
Linear,Different class,-1.669405350934444
Linear,Same class,4.842917702296436
Linear,Same class,-3.9649866452868197
Linear,Same class,-0.43808635651231076
Linear,Different class,-4.323838318072925
Linear,Same class,12.337442203573026
Linear,Different class,1.1540408109763938
Linear,Different class,4.511460147021646
Linear,Same class,-3.709520424220042
Linear,Same class,16.104981110749208
Linear,Different class,-4.061323115133253
Linear,Same class,-2.3974981968828164
Linear,Different class,-2.080254302808601
Linear,Different class,4.140963097943421
Linear,Same class,-3.4769172512801156
Linear,Different class,-4.245068221149859
Linear,Same class,-9.673394577830434
Linear,Different class,12.405370824004303
Linear,Same class,-3.502086480628818
Linear,Different class,-14.702395312461793
Linear,Different class,-0.8618374410101998
Linear,Same class,2.4224562727379837
Linear,Same class,-2.325533303670328
Linear,Different class,-6.9546029658793564
Linear,Different class,-7.9998826492086845
Linear,Same class,-13.538870843796431
Linear,Same class,-8.166202559667372
Linear,Same class,-4.257293571888476
Linear,Same class,-1.8378472265225683
Linear,Different class,2.5520868620533905
Linear,Same class,-3.739137272973992
Linear,Different class,2.0388438313927675
Linear,Same class,3.8726055690951435
Linear,Different class,-1.7273962229592246
Linear,Different class,-9.218457608574855
Linear,Different class,8.958882627467746
Linear,Different class,4.125902690708547
Linear,Different class,-5.445634835404588
Linear,Different class,4.887373678828773
Linear,Same class,2.399075343400856
Linear,Same class,4.081252213882447
Linear,Same class,0.16948360207948046
Linear,Same class,-4.859628956325902
Linear,Different class,-3.274428665298636
Linear,Same class,-2.1938257819564426
Linear,Same class,2.113274198817388
Linear,Same class,5.584136014562784
Linear,Different class,0.7501486755077873
Linear,Same class,11.655672278722758
Linear,Different class,-6.566101557274897
Linear,Different class,0.7930615259609515
Linear,Different class,-6.097927880008743
Linear,Same class,-1.886069556712127
Linear,Different class,-3.7225413342571994
Linear,Different class,-4.6051755115773085
Linear,Same class,1.674570458367542
Linear,Same class,-10.541883129543589
Linear,Same class,0.3486170709616301
Linear,Same class,-0.5709128805793842
Linear,Same class,-12.635170597143832
Linear,Different class,-11.492423321556025
Linear,Different class,2.1631993410766333
Linear,Different class,1.3032176860408007
Linear,Same class,-0.6454837396801703
Linear,Same class,-13.990435038337104
Linear,Different class,-0.6735508474541182
Linear,Same class,-14.538754452375091
Linear,Different class,0.5617980860974132
Linear,Different class,-4.000493367469635
Linear,Same class,-1.6813737306212597
Linear,Different class,-4.042933559645806
Linear,Different class,-4.464772842103518
Linear,Different class,-6.762272095991634
Linear,Different class,-14.37501089145626
Linear,Different class,0.17309554950041703
Linear,Same class,-5.8225253996345305
Linear,Different class,-1.7335152658859196
Linear,Different class,-1.4459296829486432
Linear,Same class,-2.2957739767018936
Linear,Different class,1.7663761081032898
Linear,Different class,9.435557037517494
Linear,Different class,-1.8042086288044996
Linear,Different class,-1.6652469680363213
Linear,Same class,2.5145119765583264
Linear,Different class,-3.1677570089118476
Linear,Different class,2.686309749096909
Linear,Same class,5.6315904089012925
Linear,Different class,1.1552757146135924
Linear,Different class,-8.40436816519386
Linear,Same class,3.56508766850893
Linear,Same class,-9.876259868856733
Linear,Same class,1.9983239137867044
Linear,Different class,-4.660898670230197
Linear,Same class,-0.43147684654367047
Linear,Different class,0.2982078207157182
Linear,Different class,-3.589066390063929
Linear,Different class,4.5605662466044885
Linear,Different class,0.07818709064426774
Linear,Same class,0.5851334975135449
Linear,Same class,0.07627302886013322
Linear,Same class,6.6211998076507115
Linear,Same class,-5.665252101774068
Linear,Same class,11.360398675409098
Linear,Same class,-4.3094153075632855
Linear,Same class,-8.846094784702506
Linear,Same class,9.43697488565614
Linear,Different class,20.627836024592014
Linear,Same class,12.203712392679307
Linear,Different class,4.762423700411792
Linear,Different class,5.916894426172921
Linear,Same class,-7.79685963680306
Linear,Different class,-2.017118243616302
Linear,Different class,-3.159576789734982
Linear,Different class,4.147135906357002
Linear,Same class,8.009022072149588
Linear,Same class,-3.823520771341503
Linear,Same class,9.939482684260414
Linear,Different class,2.29528335117882
Linear,Different class,7.485035726680147
Linear,Different class,-4.538559744760097
Linear,Different class,-7.040880158406865
Linear,Different class,6.737800082350139
Linear,Different class,10.200566831346757
Linear,Different class,-1.8933672634570176
Linear,Different class,3.5162150326949106
Linear,Same class,-6.232399484408925
Linear,Same class,-2.915879126204885
Linear,Same class,6.286452577305423
Linear,Different class,1.9269320351306132
Linear,Different class,-1.908333449015982
Linear,Different class,8.701246115979153
Linear,Same class,6.673806980746116
Linear,Different class,2.3026890523709698
Linear,Different class,6.925057831264707
Linear,Same class,-5.493765028662002
Linear,Different class,3.87004359137788
Linear,Different class,-3.623945348724457
Linear,Different class,-12.315001593708857
Linear,Different class,3.34916182000537
Linear,Different class,2.4602709633233215
Linear,Different class,18.869108114571596
Linear,Different class,4.218110444304895
Linear,Same class,-14.667211063561732
Linear,Different class,-11.200242171581674
Linear,Different class,3.060217385667526
Linear,Different class,3.9186835918923038
Linear,Same class,0.3194326141043222
Linear,Same class,-0.7210928496333174
Linear,Different class,8.131214271729913
Linear,Different class,10.004663464030317
Linear,Different class,1.6736306453983538
Linear,Different class,-9.950797209635054
Linear,Different class,-7.000384191694642
Linear,Same class,7.491516320926767
Linear,Same class,-7.954224920232661
Linear,Different class,3.6645686828066144
Linear,Same class,-7.687342263090538
Linear,Same class,1.838481295454932
Linear,Same class,-4.257734343077917
Linear,Same class,-2.725104507744485
Linear,Same class,-5.078533629390854
Linear,Different class,2.6943863406257424
Linear,Different class,-11.11083884371521
Linear,Same class,11.701919666169667
Linear,Same class,2.7689270374555175
Linear,Different class,-4.545516240708528
Linear,Same class,-2.949522687065857
Linear,Same class,16.36161721560172
Linear,Different class,-2.4988794196196134
Linear,Different class,3.1974578352871794
Linear,Different class,0.7968182330066607
Linear,Different class,-3.7049160372408023
Linear,Different class,5.378221028373244
Linear,Different class,4.60869674224159
Linear,Same class,3.7966858058958044
Linear,Different class,4.969591457680642
Linear,Same class,5.58200946933253
Linear,Same class,-1.9050289055249614
Linear,Same class,5.688973399386585
Linear,Same class,-16.088283286602426
Linear,Same class,-2.3382861079822885
Linear,Different class,-1.9756562940534614
Linear,Different class,6.078692119556173
Linear,Same class,-5.305882437764882
Linear,Same class,3.159661677615014
Linear,Same class,13.01603607070464
Linear,Different class,0.028544676166348454
Linear,Same class,-2.708145690445185
Linear,Different class,-2.042688195302487
Linear,Different class,-10.426650880307339
Linear,Same class,0.7950287152493429
Linear,Different class,-7.938125245559244
Linear,Different class,3.7085573303248647
Linear,Different class,-1.3954230766279943
Linear,Same class,-10.66511134197363
Linear,Different class,-8.666976844053623
Linear,Different class,-8.249019975136644
Linear,Different class,-11.485820667877057
Linear,Same class,0.03424911249107768
Linear,Different class,6.409352382753581
Linear,Same class,11.568451341922316
Linear,Same class,6.498673107884448
Linear,Same class,14.779290344405334
Linear,Same class,6.101528383261075
Linear,Different class,-4.115300103964073
Linear,Different class,-1.932697219896908
Linear,Different class,4.043167649965366
Linear,Different class,-4.5558566010909365
Linear,Different class,-4.073088854639075
Linear,Different class,-1.001019551500092
Linear,Different class,-6.22136699744446
Linear,Same class,-14.8021667043537
Linear,Different class,5.956329648716423
Linear,Different class,0.08598444804972628
Linear,Same class,-1.9123748914393346
Linear,Same class,-9.583103367905812
Linear,Different class,8.23811683657939
Linear,Different class,2.2328991508967464
Linear,Same class,0.04685008931995486
Linear,Different class,3.1405539525468034
Linear,Same class,11.706541119669243
Linear,Same class,3.593154708443149
Linear,Different class,3.744562192499034
Linear,Different class,0.6543306113996313
Linear,Different class,2.1485835419869876
Linear,Different class,5.23144074721736
Linear,Different class,-4.415013921235464
Linear,Different class,-1.1655636802469576
Linear,Same class,1.381560770253232
Linear,Same class,2.8397556570688494
Linear,Different class,-5.073151050522933
Linear,Different class,6.368647469724441
Linear,Different class,-27.567203054629726
Linear,Different class,6.3756232477402
Linear,Same class,-0.3857170521645997
Linear,Different class,10.021964071724453
Linear,Different class,-3.5027650801459673
Linear,Same class,9.470847914817014
Linear,Same class,2.5967639147503987
Linear,Different class,-9.19921215726659
Linear,Same class,8.486373499517994
Linear,Same class,-7.549583391560105
Linear,Same class,6.937709608886077
Linear,Different class,0.615614860669782
Linear,Different class,3.0829983873087015
Linear,Same class,1.7129091709228772
Linear,Same class,-4.780769894857712
Linear,Same class,-8.800858880027514
Linear,Same class,6.085593865550218
Linear,Different class,0.37378801307864107
Linear,Same class,4.780127263678549
Linear,Different class,-2.8247968544153577
Linear,Different class,9.864282559312322
Linear,Different class,2.735693117950393
Linear,Same class,6.489013606336813
Linear,Same class,1.2645976479663712
Linear,Different class,8.546202988334839
Linear,Same class,-3.361102730039558
Linear,Different class,7.671541456300083
Linear,Different class,2.9088233702108792
Linear,Different class,-1.56565022299258
Linear,Different class,-8.324369358317554
Linear,Different class,10.393486542259772
Linear,Same class,-14.242092946801055
Linear,Same class,8.476853939206137
Linear,Different class,-16.84958821201411
Linear,Different class,10.120318641257064
Linear,Different class,1.2762266127647741
Linear,Different class,-1.370674089955292
Linear,Same class,-0.5432521326890647
Linear,Different class,4.1393237076955955
Linear,Different class,7.805594159175533
Linear,Same class,-0.5071629639886924
Linear,Same class,0.5441567161703665
Linear,Same class,-1.526304085256662
Linear,Different class,1.6230549754496935
Linear,Same class,4.914156848541602
Linear,Different class,7.132487124491758
Linear,Different class,5.064136370063239
Linear,Same class,-3.171982444263307
Linear,Same class,-1.3780306666423146
Linear,Same class,2.108150699660116
Linear,Same class,-16.206329063759817
Linear,Different class,-5.676861317562159
Linear,Same class,1.3248908678025673
Linear,Different class,-8.690357924217807
Linear,Different class,1.9123835239961111
Linear,Same class,9.271830382966677
Linear,Different class,6.7401589269356394
Linear,Same class,-8.540390823581696
Linear,Different class,17.656247173405
Linear,Same class,-3.3121984943967604
Linear,Same class,-5.933022468388195
Linear,Same class,-12.916273938939092
Linear,Different class,-0.890936606486488
Linear,Different class,8.589521783128095
Linear,Same class,-5.864096194740904
Linear,Different class,-0.29795549649781305
Linear,Same class,2.9639330947444535
Linear,Same class,-4.356032086171675
Linear,Different class,-0.1313547149968256
Linear,Same class,-3.313719649992347
Linear,Different class,-5.849454825392448
Linear,Same class,7.272498877396838
Linear,Different class,-0.9504019064334733
Linear,Different class,1.5446679130589651
Linear,Different class,-3.0530969228939577
Linear,Different class,-10.195722496936325
Linear,Different class,7.507139727485831
Linear,Different class,2.33623047850425
Linear,Different class,-4.170062931480634
Linear,Different class,-4.947359792092107
Linear,Same class,28.617343368413163
Linear,Same class,0.8175295736360859
Linear,Same class,6.809483345252691
Linear,Same class,-0.7071414076934702
Linear,Different class,3.6450640038436672
Linear,Same class,-15.174192509102394
Linear,Different class,-1.0983821034252226
Linear,Same class,0.06627298165750829
Linear,Different class,-5.80034150421253
Linear,Different class,-7.134109078487124
Linear,Same class,-12.86987356576749
Linear,Same class,-1.1478319734022178
Linear,Different class,-10.830783127052177
Linear,Different class,-3.517008244112758
Linear,Different class,-0.6178705510698991
Linear,Different class,8.413581597627678
Linear,Same class,3.296224023502369
Linear,Different class,3.098369628658029
Linear,Same class,-5.699303968371781
Linear,Different class,1.7238818010457333
Linear,Same class,-2.1914611359077685
Linear,Same class,-2.4212793838854623
Linear,Different class,-3.1163795504230962
Linear,Same class,-0.36801053380929116
Linear,Same class,-2.4567898151215988
Linear,Different class,-1.1305565083254294
Linear,Different class,1.2070173480697233
Linear,Same class,-1.3592585315415222
Linear,Same class,-6.084700597861484
Linear,Different class,7.795512788060362
Linear,Same class,6.75020663955689
Linear,Same class,1.9945451438176052
Linear,Different class,0.20140948496954625
Linear,Same class,12.693027278899963
Linear,Same class,-3.7863080015725212
Linear,Same class,-15.872258310576337
Linear,Different class,4.428367685586583
Linear,Different class,-12.176252825728795
Linear,Same class,9.490812681501637
Linear,Same class,4.548117351392326
Linear,Same class,0.14817701160038751
Linear,Different class,-2.9918077434576844
Linear,Same class,-2.5136305064731514
Linear,Different class,17.79652665900046
Linear,Same class,-7.22061590288251
Linear,Same class,-1.1800332640496891
Linear,Different class,-7.656131831190438
Linear,Different class,7.1970886350606555
Linear,Different class,10.541287800725232
Linear,Same class,-0.2919246911593838
Linear,Same class,-5.350503763513256
Linear,Same class,-4.182190759575749
Linear,Same class,-3.4811960950002967
Linear,Same class,0.4665830523826017
Linear,Same class,-7.311956321991446
Linear,Different class,-2.17652357697847
Linear,Same class,3.4762166198824893
Linear,Different class,0.723218911476005
Linear,Same class,3.586767059393976
Linear,Same class,-4.69662356162119
Linear,Same class,-8.2063906081164
Linear,Different class,-12.788880499150984
Linear,Same class,-2.7211674215655672
Linear,Same class,-2.802564364579381
Linear,Same class,10.345639666087274
Linear,Same class,-13.059923886671626
Linear,Same class,-9.226783825174444
Linear,Same class,-0.9595720000770357
Linear,Same class,7.0893977268743456
Linear,Same class,4.879907951805108
Linear,Different class,4.554554844429095
Linear,Different class,-10.539852254384842
Linear,Same class,-9.881830578048842
Linear,Same class,-12.790642283169037
Linear,Different class,0.9999681632140538
Linear,Different class,-0.16184227100637175
Linear,Different class,-3.211478765949103
Linear,Different class,10.384878432024015
Linear,Different class,5.875545413586841
Linear,Same class,1.389138192411819
Linear,Same class,-6.622144701694417
Linear,Different class,-11.124536595894483
Linear,Different class,-4.437461173621306
Linear,Same class,-1.9241361183474113
Linear,Same class,-5.358338859457553
Linear,Different class,5.967846869477478
Linear,Different class,13.223240362667607
Linear,Same class,-1.9134533934183948
Linear,Different class,-11.206925420566048
Linear,Same class,-2.5867490627943392
Linear,Different class,9.716516089075508
Linear,Different class,4.845092079417803
Linear,Different class,2.8086298339206457
Linear,Different class,6.428982926346765
Linear,Different class,5.823071170167216
Linear,Same class,-0.24516272526968086
Linear,Different class,-4.923859353336085
Linear,Same class,4.014463686137258
Linear,Same class,6.274142836806598
Linear,Same class,-3.3658547398532823
Linear,Same class,-1.873832006264095
Linear,Different class,-0.5192703293478266
Linear,Same class,1.3110058439810974
Linear,Same class,-3.9005173138155844
Linear,Same class,4.129879126176233
Linear,Same class,7.764544222040099
Linear,Same class,-1.2058530612237663
Linear,Same class,3.5690238189073993
Linear,Different class,-2.9884261546769206
Linear,Same class,17.502119275767818
Linear,Different class,1.3851431450911365
Linear,Different class,3.427958259191809
Linear,Same class,10.385367494084239
Linear,Different class,1.5223701058698749
Linear,Different class,-16.189148054496222
Linear,Different class,-1.1914597830077762
Linear,Same class,16.68432556336646
Linear,Different class,-0.9967289895945604
Linear,Different class,-1.2703620800846107
Linear,Same class,4.496257862899514
Linear,Same class,6.4510596952011445
Linear,Same class,-3.5732358336402545
Linear,Different class,-9.197113535801742
Linear,Different class,2.913856178082533
Linear,Different class,1.2356397119655065
Linear,Different class,7.663958174665176
Linear,Different class,17.15816666067877
Linear,Same class,0.618089943299658
Linear,Different class,-7.900685260351349
Linear,Same class,-10.64190918026646
Linear,Same class,3.0173455510249667
Linear,Same class,-6.211904364585584
Linear,Same class,10.717824350491624
Linear,Same class,-10.331584169207026
Linear,Different class,-6.087133418809249
Linear,Same class,4.328642804895204
Linear,Different class,4.20556755977362
Linear,Same class,-19.41480369065716
Linear,Different class,-4.815016842575335
Linear,Different class,-4.840889568831768
Linear,Same class,-0.5566176871772353
Linear,Same class,-10.941002847494222
Linear,Same class,-2.909941696022175
Linear,Same class,1.4955990513268937
Linear,Same class,-1.1213754437221732
Linear,Same class,-17.9078539933597
Linear,Same class,5.194921613227295
Linear,Same class,7.463883707874932
Linear,Different class,2.510765194450887
Linear,Same class,35.2539445937902
Linear,Same class,-7.404505019479257
Linear,Different class,-5.999318674721813
Linear,Same class,-11.71156150085385
Linear,Different class,-17.543178530867166
Linear,Different class,1.0286332271235046
Linear,Different class,-3.171541792560934
Linear,Different class,-2.9543694936624187
Linear,Same class,-0.29236343730260306
Linear,Same class,-0.9062906457136825
Linear,Same class,1.2986475087911968
Linear,Same class,-3.9405464016897276
Linear,Same class,-4.774631765938647
Linear,Different class,5.352991073598453
Linear,Same class,-5.9136972096566165
Linear,Different class,-7.682072661000301
Linear,Different class,-8.29018906105776
Linear,Different class,3.4988940434953246
Linear,Same class,4.022056843349938
Linear,Different class,11.116806233545969
Linear,Different class,-14.375635509597604
Linear,Different class,4.505316839458373
Linear,Different class,-3.1903514924242984
Linear,Different class,3.455674663638623
Linear,Different class,-4.618665116616892
Linear,Same class,3.2440851404187585
Linear,Different class,-3.929724632159699
Linear,Same class,-4.222978285213418
Linear,Same class,2.394727545333343
Linear,Different class,-2.338265213508494
Linear,Different class,-13.297510500904014
Linear,Same class,-0.13394564870971018
Linear,Same class,-3.8286277080691433
Linear,Same class,11.301433627453305
Linear,Different class,20.579442622321608
Linear,Different class,7.867741421581034
Linear,Different class,5.269862117564398
Linear,Same class,-6.232170319853792
Linear,Different class,-5.516609293919851
Linear,Different class,-5.7606388527924315
Linear,Different class,8.246235202353336
Linear,Same class,-7.81196481464532
Linear,Same class,-4.503359252241703
Linear,Different class,-0.1833369561118895
Linear,Same class,-5.338889495911414
Linear,Different class,4.147524585448429
Linear,Same class,-7.795280601301519
Linear,Different class,0.6798488212496466
Linear,Same class,13.41159695725501
Linear,Different class,9.46090032575296
Linear,Different class,-2.7422734355211182
Linear,Different class,5.893611051736155
Linear,Different class,5.784779500545531
Linear,Same class,3.806775037733331
Linear,Same class,-6.220313076588309
Linear,Different class,-1.369181301283213
Linear,Same class,0.6282165341053726
Linear,Same class,-7.22526033243468
Linear,Different class,-0.43218536352568104
Linear,Same class,-2.366965351501903
Linear,Different class,-11.684410667785517
Linear,Different class,-1.95280779249598
Linear,Same class,5.621302352304822
Linear,Different class,0.6536590871723049
Linear,Same class,-3.6243295700386624
Linear,Different class,1.8182936158391423
Linear,Different class,1.5960927177607274
Linear,Different class,-3.4328960615776314
Linear,Same class,-2.015195982668244
Linear,Different class,3.7283422496781022
Linear,Different class,7.282726208782122
Linear,Different class,13.694272928548486
Linear,Same class,-3.8868594700781753
Linear,Different class,3.9370402918037906
Linear,Same class,5.085855075237728
Linear,Different class,-2.671328178654406
Linear,Same class,-2.6753274891633696
Linear,Different class,18.18096166165031
Linear,Same class,11.88101925956844
Linear,Different class,-3.6234830932156172
Linear,Same class,6.5094778713641155
Linear,Different class,-2.285302017493747
Linear,Same class,-2.3061743406070105
Linear,Different class,-6.306985451240239
Linear,Different class,10.582755360707818
Linear,Different class,-3.087855203211695
Linear,Same class,-4.1850771022132625
Linear,Different class,-5.09749546911885
Linear,Same class,-12.849909494537066
Linear,Different class,-1.715809919387572
Linear,Same class,3.498102854709993
Linear,Same class,-1.556035457971225
Linear,Same class,-2.41012955690998
Linear,Different class,-0.018501409166727406
Linear,Same class,5.752754765077916
Linear,Same class,0.5263947602541486
Linear,Different class,0.2855766398360205
Linear,Different class,2.2864657425617274
Linear,Same class,3.4104816326983087
Linear,Different class,-6.696772530447942
Linear,Different class,3.326977579141073
Linear,Same class,5.722002107733999
Linear,Different class,-12.593672595174969
Linear,Different class,1.473688155076123
Linear,Same class,6.523172673879138
Linear,Different class,0.5217861807510246
Linear,Same class,5.890010447904744
Linear,Different class,-12.60544812441243
Linear,Same class,0.5992479548782454
Linear,Different class,3.0046117026499073
Linear,Same class,-16.99559740830193
Linear,Different class,-2.1816500319241054
Linear,Different class,-2.191367070177212
Linear,Different class,-4.910497804603522
Linear,Same class,-2.1705395842456947
Linear,Different class,0.37121214181302004
Linear,Different class,-1.6200380037894442
Linear,Different class,-5.510904685271229
Linear,Same class,0.9129124098888394
Linear,Different class,7.704041492761243
Linear,Same class,-2.2874736931144435
Linear,Different class,1.8164289133435385
Linear,Same class,1.6297053722352908
Linear,Different class,-2.9438584088965563
Linear,Same class,-5.754706459970176
Linear,Different class,-4.9669503222873095
Linear,Different class,-3.2571589141913018
Linear,Same class,1.1769301745797123
Linear,Same class,3.837853732830406
Linear,Different class,-5.38948502742177
Linear,Different class,0.09823759555388302
Linear,Same class,-1.1315001178587494
Linear,Same class,3.494700103429612
Linear,Different class,0.9029728674029089
Linear,Different class,-2.5381577763078913
Linear,Different class,0.9102146592841809
Linear,Same class,-1.609148073650613
Linear,Different class,-5.194468563786208
Linear,Same class,11.601850828831752
Linear,Same class,1.996434532394355
Linear,Same class,-1.426545723799717
Linear,Different class,4.389578236914326
Linear,Same class,-3.2519797639576713
Linear,Different class,4.7861146274237925
Linear,Different class,7.195432419385035
Linear,Different class,-9.881037517750414
Linear,Different class,-5.443965333818522
Linear,Same class,5.339055300567012
Linear,Same class,-4.141066812100434
Linear,Different class,-1.4026795570375572
Linear,Same class,5.183132379386933
Linear,Different class,2.3763062778764383
Linear,Same class,1.3837148708521458
Linear,Different class,4.930508563705905
Linear,Same class,2.2104990234519533
Linear,Different class,13.955269478468622
Linear,Different class,-6.814101791715115
Linear,Different class,6.56417217224979
Linear,Different class,5.522932127206355
Linear,Same class,-5.312800470816181
Linear,Same class,15.261676741230145
Linear,Different class,2.8364871084716525
Linear,Same class,1.7447734403819422
Linear,Same class,6.059736084968814
Linear,Different class,-4.45602971412856
Linear,Different class,-5.297031537319076
Linear,Same class,-16.795625595867435
Linear,Different class,-5.8175273150723
Linear,Same class,-1.7058276217599575
Linear,Different class,2.326074931766061
Linear,Same class,2.1143001091644344
Linear,Same class,5.917706610544391
Linear,Same class,-7.561336977629741
Linear,Same class,-0.11961476001868068
Linear,Same class,-6.704096481546318
Linear,Same class,-1.7267651219356888
Linear,Different class,-4.653598311314716
Linear,Same class,1.6225523447046593
Linear,Different class,4.029537034906321
Linear,Different class,5.204586023067853
Linear,Different class,2.4462586564201203
Linear,Same class,-3.3714285847015026
Linear,Different class,3.43923950545837
Linear,Different class,-0.025007553277355293
Linear,Different class,3.6871971057624227
Linear,Different class,-1.5241881800495893
Linear,Different class,-17.304742880950894
Linear,Different class,-5.365430032970445
Linear,Same class,4.767903098916847
Linear,Different class,-0.4483497724945471
Linear,Different class,1.9885889512229318
Linear,Different class,2.6984810106869634
Linear,Same class,7.033402049913375
Linear,Same class,5.296602124724373
Linear,Same class,5.898991994109034
Linear,Same class,5.753605001808642
Linear,Same class,2.362276862514446
Linear,Different class,-1.6623690038030488
Linear,Same class,-1.574876524669429
Linear,Same class,-10.097008913383078
Linear,Same class,10.690602098487805
Linear,Different class,12.922758571887242
Linear,Different class,-1.438792823005198
Linear,Same class,3.3069909724705298
Linear,Same class,10.027848823772892
Linear,Different class,3.5172113102825393
Linear,Same class,3.8435705868317465
Linear,Same class,7.0563846263869205
Linear,Same class,-3.447053006431627
Linear,Different class,-0.5691331506901909
Linear,Same class,1.5446578612557602
Linear,Same class,-10.959102246678539
Linear,Different class,-7.954362551065054
Linear,Same class,-10.616284931632087
Linear,Same class,5.410044299804136
Linear,Same class,4.533408864537469
Linear,Different class,5.152329988709334
Linear,Same class,-7.3096386875236545
Linear,Same class,7.378368799118581
Linear,Same class,-1.3810503771865967
Linear,Different class,2.268685718651643
Linear,Different class,-12.044475720970397
Linear,Same class,2.6695922134146146
Linear,Different class,3.3812902312946447
Linear,Same class,2.9703269701412873
Linear,Different class,4.508233347648754
Linear,Same class,-13.195351689616302
Linear,Different class,-0.4309305926221054
Linear,Same class,0.9650121336263605
Linear,Same class,0.9789169446626496
Linear,Different class,3.7183562065255806
Linear,Different class,-13.37199312664878
Linear,Same class,-0.48708115537118957
Linear,Same class,-2.8709294561743737
Linear,Same class,3.350013072297565
Linear,Different class,5.649468849135261
Linear,Different class,-6.4752051049350445
Linear,Different class,-4.393351550043094
Linear,Different class,-2.384787174215824
Linear,Different class,0.722877526157958
Linear,Same class,2.970656803864411
Linear,Different class,2.6280723809208295
Linear,Same class,-16.754049280438778
Linear,Different class,4.992952284977078
Linear,Different class,7.6963579994236735
Linear,Same class,4.278912137673706
Linear,Different class,5.419368871932032
Linear,Same class,0.5868133214559691
Linear,Same class,-1.4937906143430202
Linear,Different class,-1.5171575840050513
Linear,Same class,3.7420089265561725
Linear,Same class,0.24479470033407383
Linear,Different class,2.6057047049452158
Linear,Different class,3.564697362387989
Linear,Different class,-1.4868855658460864
Linear,Same class,-6.968459223235679
Linear,Different class,-4.078455964835328
Linear,Same class,4.323581445236006
Linear,Same class,1.1824913926147347
Linear,Different class,2.997433411676881
Linear,Different class,0.5021608310181461
Linear,Different class,-3.8345523878954997
Linear,Different class,0.9379763290734413
Linear,Different class,2.8311942586236345
Linear,Different class,-3.2657418455644094
Linear,Different class,-5.257842761848072
Linear,Different class,18.586861826620396
Linear,Different class,1.424639584784269
Linear,Same class,-11.598403097386765
Linear,Same class,-5.2931409140352
Linear,Same class,-6.95260620784348
Linear,Same class,-1.9355877722002695
Linear,Same class,1.1709815272810065
Linear,Different class,13.136515153963582
Linear,Different class,0.5639893661509301
Linear,Different class,-4.878176547063893
Linear,Different class,-1.1312468729711427
Linear,Different class,-4.692476339072912
Linear,Same class,-3.679265348225375
Linear,Same class,-14.061129990368567
Linear,Different class,4.705443352802031
Linear,Different class,4.914012246922049
Linear,Same class,-9.035326257162794
Linear,Different class,-1.261761911779094
Linear,Same class,-1.7012777066140883
Linear,Different class,-2.446597613593181
Linear,Same class,1.0022194539378717
Linear,Different class,-3.0457566638474396
Linear,Same class,-3.13986706382721
Linear,Same class,-3.8454743328506695
Linear,Different class,-3.451742502486823
Linear,Same class,-6.067783297354629
Linear,Same class,-2.5215964501678405
Linear,Same class,-7.927211388807845
Linear,Same class,-0.2140298994729433
Linear,Different class,-4.271547498058717
Linear,Same class,12.90442381295112
Linear,Different class,-7.408182075661962
Linear,Different class,-0.6567175526276595
Linear,Same class,13.624098132364345
Linear,Same class,-2.847450033555755
Linear,Same class,2.856469997239962
Linear,Different class,-2.8841289018175713
Linear,Different class,-8.478761934547409
Linear,Same class,-1.8308475702320408
Linear,Different class,5.796117612434728
Linear,Different class,-6.388765970112451
Linear,Same class,-7.9117953557933856
Linear,Same class,9.386913546247039
Linear,Different class,8.66434870847542
Linear,Same class,4.566138939425908
Linear,Different class,-10.06428572839819
Linear,Different class,-11.93212501107481
Linear,Same class,0.589104790175278
Linear,Same class,2.2968781674518155
Linear,Different class,7.198552213837991
Linear,Different class,2.070527148148971
Linear,Different class,-4.066234207595388
Linear,Different class,-2.24375307373451
Linear,Same class,2.1123525214946617
Linear,Different class,-12.707759574419637
Linear,Same class,-6.155759303108107
Linear,Different class,8.170624006549144
Linear,Same class,3.8772950028401945
Linear,Same class,4.531127292603166
Linear,Different class,-2.9385369706863753
Linear,Different class,-1.8613393880239801
Linear,Different class,1.87294284095452
Linear,Different class,-12.125591829716914
Linear,Same class,-2.3045446580115807
Linear,Different class,49.65667518314122
Linear,Same class,-7.925000803891809
Linear,Same class,19.47255312614432
Linear,Different class,4.109004649275796
Linear,Different class,0.22682419514544735
Linear,Different class,2.145848238734935
Linear,Same class,3.6664188323673272
Linear,Same class,-18.650813242765864
Linear,Different class,-3.1950017574817586
Linear,Same class,-11.556628622696659
Linear,Same class,4.031618688182679
Linear,Same class,-3.3458126061310214
Linear,Same class,-2.0598682971781277
Linear,Same class,6.137678984101625
Linear,Different class,3.871895716652223
Linear,Different class,1.0476017790736183
Linear,Same class,-5.664408953773998
Linear,Different class,9.222219966626204
Linear,Same class,-1.963411706486156
Linear,Different class,2.43671997350813
Linear,Same class,4.8677694069160085
Linear,Same class,2.983778431133543
Linear,Same class,4.951108499339419
Linear,Same class,5.015851375372638
Linear,Same class,2.4302286391626633
Linear,Different class,-17.609867257769938
Linear,Different class,5.214098291206076
Linear,Different class,8.565441770333212
Linear,Different class,-4.321043033387179
Linear,Different class,-9.510876795499613
Linear,Different class,3.8594576057638132
Linear,Different class,-5.603532685663024
Linear,Different class,10.788041517897534
Linear,Same class,6.751000149553902
Linear,Same class,-3.477791644620968
Linear,Different class,-0.6722470343498369
Linear,Same class,2.8529947155048254
Linear,Different class,-4.25885138566172
Linear,Same class,-22.022987593220577
Linear,Same class,6.929668196514268
Linear,Different class,2.2051617068848137
Linear,Different class,2.2868022301638264
Linear,Same class,-1.665430039018797
Linear,Same class,-2.065629309044401
Linear,Different class,-5.363537540619513
Linear,Same class,9.596698640048375
Linear,Same class,-8.589784312721433
Linear,Different class,8.085498174571162
Linear,Same class,-2.4644708706215095
Linear,Different class,2.3982943869207776
Linear,Same class,-6.327765951072891
Linear,Different class,5.4709698036303
Linear,Same class,-1.4974181244012108
Linear,Same class,-28.123879897521213
Linear,Same class,-0.36094789823439466
Linear,Same class,8.207444579474263
Linear,Same class,2.505048952333798
Linear,Different class,-8.317586816760757
Linear,Different class,2.9630533602045674
Linear,Same class,-9.910302549678546
Linear,Different class,2.5407775357492763
Linear,Different class,-7.023636056957177
Linear,Same class,8.424220417812487
Linear,Different class,-1.7426073056692162
Linear,Different class,-1.5344564622195587
Linear,Same class,1.6993076627138373
Linear,Different class,-4.701541820717571
Linear,Same class,-9.361526307506075
Linear,Same class,-14.987055518538217
Linear,Same class,6.1801564809323395
Linear,Different class,6.858222517626012
Linear,Same class,-0.769854598131425
Linear,Same class,1.6663597794136564
Linear,Same class,-2.244004249550871
Linear,Same class,-11.175141401212413
Linear,Different class,-0.008259622279982474
Linear,Same class,0.6651344802788111
Linear,Different class,1.9445270220435193
Linear,Different class,4.331958480546216
Linear,Same class,-3.0501152344808027
Linear,Different class,-8.14466650632956
Linear,Same class,3.230670473517372
Linear,Different class,3.6558639830941377
Linear,Same class,20.61135861409464
Linear,Different class,-1.2660037749062236
Linear,Same class,-0.2659209626673819
Linear,Same class,-11.568676795207097
Linear,Same class,7.79634190240781
Linear,Different class,-4.010464272770552
Linear,Different class,3.0635482764958537
Linear,Same class,-2.0711980590734593
Linear,Different class,-2.9737699091378365
Linear,Same class,-2.6174900509163974
Linear,Different class,-1.9479571022560673
Linear,Same class,1.3401094641674527
Linear,Different class,-4.367057371953351
Linear,Same class,-2.784316648568596
Linear,Same class,3.8552481283180486
Linear,Different class,3.062232582828077
Linear,Different class,3.039080852442338
Linear,Same class,-3.3879446502640733
Linear,Same class,-0.16988369016351423
Linear,Different class,4.548749654141396
Linear,Same class,-1.8252692450856214
Linear,Same class,0.8865565184218218
Linear,Different class,-0.10904780246713389
Linear,Different class,10.794271007544413
Linear,Different class,14.91346763905815
Linear,Same class,0.8007268449136198
Linear,Same class,4.608147806755779
Linear,Different class,-10.6784143573822
Linear,Same class,-0.6464867289863434
Linear,Same class,6.783003947922591
Linear,Same class,6.745170949924886
Linear,Same class,7.551072062120289
Linear,Different class,-0.19424258550151688
Linear,Different class,-2.1516545179597233
Linear,Different class,-2.4297467718160144
Linear,Same class,-3.695426578733984
Linear,Same class,0.5758613985012009
Linear,Same class,-6.998822109261658
Linear,Different class,5.534132517613247
Linear,Different class,7.799023061509357
Linear,Same class,10.067296417794584
Linear,Same class,6.496023917663717
Linear,Same class,2.358335739476885
Linear,Different class,1.9679057731406797
Linear,Same class,-8.326020969552951
Linear,Different class,3.6434211281413953
Linear,Same class,4.296273679206076
Linear,Different class,3.2900840147261343
Linear,Same class,2.6944356596159564
Linear,Same class,-22.077563134776796
Linear,Different class,1.3340083834271992
Linear,Different class,0.16590226718120424
Linear,Same class,3.4149046928057287
Linear,Different class,0.8523214530399211
Linear,Different class,4.508703191469042
Linear,Different class,-10.299138372842709
Linear,Different class,-6.056687899255407
Linear,Same class,10.849871899974291
Linear,Same class,0.21122412033226293
Linear,Different class,-22.331845829244855
Linear,Same class,-3.0202863106127174
Linear,Same class,-5.674961303252857
Linear,Same class,3.627680732204261
Linear,Different class,9.577879793116173
Linear,Different class,-1.5731604611075924
Linear,Same class,12.364043974177708
Linear,Same class,6.014868310441395
Linear,Same class,2.9769312962278858
Linear,Different class,6.603644015787491
Linear,Different class,1.2320135538283623
Linear,Same class,-2.8799922209102933
Linear,Different class,-19.332867298257224
Linear,Different class,-6.314304973689283
Linear,Different class,-0.7584812653373124
Linear,Same class,6.901011178991301
Linear,Same class,3.2846732912081933
Linear,Different class,-2.2657237745395626
Linear,Same class,-1.2150011136425969
Linear,Same class,-6.436076200455372
Linear,Different class,2.3920413713712723
Linear,Same class,-2.936957490228835
Linear,Different class,-3.531186305536741
Linear,Different class,-7.191055988283531
Linear,Same class,-1.4045489989325821
Linear,Different class,-2.533694886590681
Linear,Different class,-2.8954931251075946
Linear,Same class,-6.754422237032735
Linear,Different class,6.347125666368671
Linear,Different class,-1.5336429840440458
Linear,Different class,-0.3083431113644015
Linear,Same class,-1.8478818474894498
Linear,Same class,2.612850864085358
Linear,Same class,-5.069578423232935
Linear,Same class,-3.528371713149177
Linear,Same class,-8.39926886836762
Linear,Different class,-3.495017064252008
Linear,Same class,19.348328770882283
Linear,Same class,-2.625525631098112
Linear,Same class,-2.842476701455488
Linear,Different class,-6.596995252788522
Linear,Same class,-0.7558261376421935
Linear,Same class,5.098595861037453
Linear,Different class,-8.237420247266966
Linear,Different class,-1.8030171975495854
Linear,Different class,3.733858529267303
Linear,Same class,-6.300244321416413
Linear,Same class,-3.4709574435511388
Linear,Different class,21.80101035946288
Linear,Different class,-2.52941654498116
Linear,Same class,6.040336795912367
Linear,Different class,7.8793869495543625
Linear,Different class,2.3487353997678655
Linear,Different class,-1.4913673234940608
Linear,Same class,-3.6694220206781702
Linear,Same class,1.6080168103512842
Linear,Same class,5.080820527896712
Linear,Same class,-2.618198760525447
Linear,Different class,-6.6666263429727985
Linear,Same class,-7.188748559536335
Linear,Same class,2.8363529237035676
Linear,Same class,5.3431392045438715
Linear,Same class,2.4308097118068455
Linear,Same class,-6.238701256738064
Linear,Different class,2.2993981869807594
Linear,Same class,-7.254088625967637
Linear,Same class,-6.854194276494704
Linear,Different class,11.865257518513127
Linear,Same class,-3.9084138653272693
Linear,Same class,2.0029939465911686
Linear,Different class,-2.6170668077656036
Linear,Different class,-18.421294855856665
Linear,Different class,-9.164123966952106
Linear,Same class,-3.4854324330396036
Linear,Same class,-6.603716189073247
Linear,Different class,3.456776764340188
Linear,Different class,-7.165438179393392
Linear,Same class,2.658554762942272
Linear,Same class,-0.43665231278750427
Linear,Same class,23.201088039209242
Linear,Different class,-0.33509579562451686
Linear,Different class,4.325244104455749
Linear,Different class,5.4779261608185825
Linear,Different class,1.8393117158691117
Linear,Different class,6.220425228845171
Linear,Different class,-9.62202186322653
Linear,Different class,-3.678472761564673
Linear,Same class,-0.04511675345932797
Linear,Different class,6.978001288526637
Linear,Different class,19.921988457438925
Linear,Different class,-1.7588810096238765
Linear,Different class,-8.989954061805726
Linear,Same class,10.705444686385011
Linear,Different class,-17.5780083584619
Linear,Different class,-1.4295663607684792
Linear,Different class,-13.551447912664447
Linear,Different class,-10.009220320152144
Linear,Same class,-11.161156252604375
Linear,Different class,-15.55669510627537
Linear,Different class,-6.528860044717368
Linear,Same class,-1.3780242644420042
Linear,Same class,1.9481814309371484
Linear,Same class,2.752320245142518
Linear,Different class,-2.2684553723694867
Linear,Different class,-6.072927066688434
Linear,Same class,-4.772478927150428
Linear,Same class,10.498917974114034
Linear,Same class,16.01252474528926
Linear,Different class,-8.682091126699106
Linear,Same class,4.567848379284359
Linear,Same class,2.9515734499368134
Linear,Same class,5.5987039983486815
Linear,Same class,12.68164226513186
Linear,Different class,-3.003176587983696
Linear,Same class,-3.296977623309811
Linear,Same class,-10.946942850874407
Linear,Different class,-1.69543685231309
Linear,Same class,25.710026013873513
Linear,Different class,-2.333691703028895
Linear,Same class,3.011112051072602
Linear,Same class,12.754674309624233
Linear,Same class,-16.061831095817
Linear,Different class,-3.2450739236101827
Linear,Same class,1.1733345604996273
Linear,Different class,10.287608249126112
Linear,Same class,-0.662004246372122
Linear,Different class,-1.7333454455706252
Linear,Same class,11.867838095439865
Linear,Different class,3.0678300531926856
Linear,Same class,-2.0907694178217957
Linear,Same class,4.942554944566868
Linear,Different class,0.6728394596491557
Linear,Same class,-0.7161887965518848
Linear,Different class,0.15694787863571413
Linear,Different class,5.8399053342060245
Linear,Same class,1.8794124917841015
Linear,Same class,1.4718924679193128
Linear,Same class,4.283724274792705
Linear,Different class,0.15178606796885277
Linear,Different class,3.980336992308578
Linear,Different class,-1.5358840708175312
Linear,Same class,-0.8213982258967417
Linear,Different class,-6.045662334329979
Linear,Same class,-9.004794704171317
Linear,Same class,-3.1157901122525478
Linear,Different class,-6.363545427400658
Linear,Different class,-4.786200056607944
Linear,Same class,2.0032523510167564
Linear,Different class,5.317806083343247
Linear,Same class,9.031524841501374
Linear,Same class,5.324606729108951
Linear,Same class,16.22309907856822
Linear,Same class,1.5679663085362041
Linear,Different class,-9.797310963860314
Linear,Different class,-4.869685378707612
Linear,Same class,-6.562681319530422
Linear,Different class,3.2840040291504233
Linear,Same class,-8.076095330594256
Linear,Same class,-6.1911449295484235
Linear,Same class,10.485666881690628
Linear,Same class,-1.4493760420647233
Linear,Different class,3.2945162869674585
Linear,Same class,-4.5656926133725415
Linear,Same class,8.215888230550116
Linear,Different class,10.601392404798492
Linear,Same class,2.497472036330336
Linear,Same class,5.07117794766967
Linear,Same class,16.122442955445713
Linear,Same class,-6.804262773865184
Linear,Different class,0.35543372380554134
Linear,Same class,0.5325107685874826
Linear,Different class,4.338738214088451
Linear,Same class,1.4763804282002082
Linear,Same class,9.700041420762163
Linear,Same class,5.969815859934019
Linear,Different class,4.432393394163335
Linear,Same class,-31.57019945823467
Linear,Different class,0.37716703898287496
Linear,Different class,4.234050711648488
Linear,Different class,9.722275077925591
Linear,Same class,4.557086144485569
Linear,Different class,-0.39099692438653944
Linear,Different class,-12.073560277832396
Linear,Different class,2.386299267136762
Linear,Same class,7.291568841785995
Linear,Different class,-4.495020727455681
Linear,Same class,-6.0786809461233515
Linear,Same class,2.4020021822484314
Linear,Same class,-2.262192677469971
Linear,Same class,-2.0803717155160166
Linear,Different class,-12.279197025081302
Linear,Same class,-1.3461772870476258
Linear,Different class,1.4484572519958996
Linear,Same class,4.5544597032565735
Linear,Different class,-8.976835607872538
Linear,Different class,-1.702546419535005
Linear,Different class,-14.066518092469101
Linear,Same class,-9.012397613419225
Linear,Same class,-1.240283927668741
Linear,Same class,-0.3391356750209653
Linear,Same class,-2.542225221913732
Linear,Same class,-4.591721782599095
Linear,Different class,1.1031037929066385
Linear,Different class,-14.54225110174406
Linear,Same class,-6.887874955058032
Linear,Different class,9.658646135422648
Linear,Different class,-13.187736446745367
Linear,Same class,-6.978228862694783
Linear,Same class,-0.8423245549266178
Linear,Same class,1.5820584634936405
Linear,Same class,3.7144284509012806
Linear,Different class,-8.06476337914785
Linear,Different class,0.4767924979761547
Linear,Same class,-1.0284644350480583
Linear,Same class,-12.537803583855094
Linear,Different class,3.617567367256889
Linear,Different class,-7.6608233962373475
Linear,Different class,2.9544906566205418
Linear,Same class,-0.11055893059528872
Linear,Different class,-2.5341006372530988
Linear,Different class,4.369307392289266
Linear,Same class,-0.9639148278264119
Linear,Same class,-10.002690318151394
Linear,Different class,-1.2048694099164368
Linear,Same class,3.0523985305197696
Linear,Same class,-1.4133141039109545
Linear,Different class,-7.257960615622837
Linear,Same class,-1.9229609375342036
Linear,Same class,-15.644250792443652
Linear,Same class,1.8310926303661819
Linear,Different class,-0.8565955510833266
Linear,Different class,-10.924183878148362
Linear,Same class,0.4302194901417158
Linear,Different class,-10.495077492462073
Linear,Same class,-4.487240084883837
Linear,Different class,4.859681116938878
Linear,Same class,1.639224663760487
Linear,Same class,3.7216534229399687
Linear,Different class,-2.440599847731691
Linear,Same class,9.289954123215075
Linear,Different class,7.0075794451548195
Linear,Different class,0.005407592034772342
Linear,Different class,1.0325867915872748
Linear,Different class,-9.100878060709233
Linear,Different class,-9.419198271997786
Linear,Different class,0.5189264679898389
Linear,Different class,-0.12909930551816526
Linear,Different class,-19.658838099429744
Linear,Different class,-3.841760265953419
Linear,Different class,-0.9768707979881811
Linear,Same class,4.971139520957385
Linear,Same class,3.885416281041048
Linear,Same class,-1.767345878117262
Linear,Same class,2.6321700252938807
Linear,Same class,1.0130599598854
Linear,Same class,1.6614621316623648
Linear,Different class,14.095612024990773
Linear,Different class,-4.768872824158375
Linear,Different class,-19.60599965385605
Linear,Different class,-3.537372731115909
Linear,Different class,-6.050935493037169
Linear,Same class,-2.814162903265004
Linear,Same class,-8.912740060534512
Linear,Same class,0.4818924178423025
Linear,Same class,2.248095451875891
Linear,Same class,-3.094578821998749
Linear,Different class,17.488821659767396
Linear,Different class,4.193374685485157
Linear,Different class,-3.1743203275058547
Linear,Same class,-4.190918205020435
Linear,Same class,-1.3097120083276206
Linear,Different class,-4.650882745831466
Linear,Same class,-16.154519236082034
Linear,Same class,-0.9723024840429051
Linear,Different class,-1.0771699031607467
Linear,Different class,-8.955936941415363
Linear,Different class,-7.253900094853724
Linear,Different class,-1.032206929302783
Linear,Same class,-3.7172406648178424
Linear,Different class,4.403983317645597
Linear,Different class,7.400582202688059
Linear,Same class,8.393156512110519
Linear,Same class,-12.896591895855957
Linear,Same class,3.6742827393432194
Linear,Same class,-5.937995877007036
Linear,Different class,-11.297472518893686
Linear,Same class,21.04636008033753
Linear,Different class,-4.144558855144773
Linear,Same class,4.142492486983739
Linear,Same class,8.711969125564607
Linear,Same class,13.542656193869696
Linear,Same class,0.8086080221195384
Linear,Same class,1.763945157689694
Linear,Same class,3.6722284648258503
Linear,Different class,10.961316888668426
Linear,Same class,5.348021009816926
Linear,Same class,3.53071878078897
Linear,Different class,10.08109075568181
Linear,Same class,-8.890606623017103
Linear,Same class,0.372638333923325
Linear,Same class,-1.9143639411861613
Linear,Same class,15.474636561976904
Linear,Same class,-2.924766522759036
Linear,Different class,7.668192689970494
Linear,Different class,7.961931733589133
Linear,Different class,4.570787347831624
Linear,Different class,-7.152819819255456
Linear,Different class,-7.930646975307553
Linear,Same class,5.352469979579299
Linear,Same class,15.996008780081414
Linear,Different class,3.7537685479820575
Linear,Same class,8.761408101901498
Linear,Same class,2.7303579658207284
Linear,Same class,-8.642918866874812
Linear,Same class,-18.049167355564588
Linear,Different class,0.8486243088259715
Linear,Different class,5.449715827970447
Linear,Different class,0.23226992386639833
Linear,Different class,-1.4335317949154083
Linear,Same class,6.722311310753796
Linear,Same class,8.683187038617387
Linear,Different class,5.589773090003391
Linear,Different class,2.669139958746236
Linear,Same class,-17.632326236822003
Linear,Different class,7.862639375841099
Linear,Same class,-5.6333029904790735
Linear,Different class,1.9430458204686487
Linear,Different class,-3.587045149920391
Linear,Same class,6.101158841471614
Linear,Different class,-5.248984064878706
Linear,Same class,2.5625262152872668
Linear,Different class,7.486618225254886
Linear,Same class,14.250846773752079
Linear,Same class,2.2516892181438477
Linear,Different class,-3.6785140976313384
Linear,Same class,-0.9937266457058935
Linear,Same class,6.761021119669791
Linear,Different class,4.409222945476058
Linear,Different class,2.866817116555024
Linear,Different class,-5.308450745481812
Linear,Different class,0.33308898547484855
Linear,Same class,3.3367496996915396
Linear,Same class,-1.669193199359957
Linear,Different class,-9.348517381301997
Linear,Same class,9.037906272392577
Linear,Same class,5.837327631948883
Linear,Same class,3.691532117460571
Linear,Same class,-4.314372047867826
Linear,Same class,-4.835214139238801
Linear,Same class,5.40720802392074
Linear,Different class,8.803412568562345
Linear,Different class,4.270157293997962
Linear,Different class,4.155294236954941
Linear,Same class,7.720833195543001
Linear,Same class,1.8836150306672885
Linear,Different class,8.074572272597113
Linear,Same class,-0.4947267608651673
Linear,Different class,-4.10448529835536
Linear,Same class,-0.7897051404872868
Linear,Different class,1.0456777338832268
Linear,Same class,-5.442919831100376
Linear,Same class,-7.309990649714766
Linear,Different class,-6.3778495493049
Linear,Different class,4.14288742543199
Linear,Same class,-2.020018101539457
Linear,Same class,-14.451343053302194
Linear,Same class,-6.289429826625746
Linear,Different class,7.93288405487629
Linear,Different class,-0.5121662982469789
Linear,Different class,-11.182998433895026
Linear,Different class,8.111130705236604
Linear,Different class,0.37445300220552147
Linear,Same class,-3.262541882609768
Linear,Same class,-5.333568085799271
Linear,Different class,9.588575639439297
Linear,Different class,4.132722111374838
Linear,Different class,3.0937847864420673
Linear,Same class,-5.15223353709608
Linear,Same class,6.2692909236706145
Linear,Different class,-7.646566495291015
Linear,Same class,-12.11289563174579
Linear,Same class,-2.482967362894452
Linear,Different class,-0.039618160449078316
Linear,Different class,8.19534954477489
Linear,Same class,13.002983565342122
Linear,Different class,-3.157009829329968
Linear,Same class,-5.5305920065620935
Linear,Different class,-5.461205681603976
Linear,Same class,10.876068437899118
Linear,Different class,-9.850814222953522
Linear,Same class,-4.282249987910122
Linear,Same class,1.4284686568786809
Linear,Different class,-8.237605012341028
Linear,Different class,-4.102600001910148
Linear,Same class,31.910387646829957
Linear,Different class,-1.8837850787317147
Linear,Different class,-2.0272840874561773
Linear,Different class,2.10090295278567
Linear,Same class,5.705497154964781
Linear,Different class,3.419772239152954
Linear,Same class,-1.9615371622579647
Linear,Same class,-0.18356768282147143
Linear,Different class,-6.293197560629564
Linear,Different class,-4.8470407282440044
Linear,Same class,-0.16625465749723403
Linear,Different class,5.804063486504125
Linear,Different class,-3.8248122840076166
Linear,Same class,-9.366967369322207
Linear,Same class,3.854612049940326
Linear,Same class,-20.20347417505732
Linear,Same class,-3.5821229202280223
Linear,Same class,-8.171212461229139
Linear,Same class,5.3656799506912956
Linear,Different class,6.273338137731771
Linear,Same class,-0.3044972068395306
Linear,Different class,-6.231476841011206
Linear,Same class,2.145665758692368
Linear,Same class,7.313640040480085
Linear,Different class,2.572892940944218
Linear,Different class,1.7157025204408498
Linear,Different class,-1.3298679378823623
Linear,Same class,-0.4001606601359571
Linear,Same class,5.068532252282579
Linear,Same class,-5.982607409169141
Linear,Same class,-7.355710429006201
Linear,Different class,6.044887539600068
Linear,Same class,-2.1418176795289385
Linear,Same class,4.879610524323379
Linear,Same class,4.092248043106571
Linear,Same class,7.352592501762841
Linear,Different class,12.039580265948208
Linear,Different class,8.57648038893656
Linear,Different class,2.6752303211760067
Linear,Different class,-1.3551775071213925
Linear,Different class,-1.2493596961036877
Linear,Different class,-0.6888985061500372
Linear,Same class,10.905691594603935
Linear,Different class,-2.997824337430723
Linear,Same class,2.7545269270578046
Linear,Different class,-8.65212142660447
Linear,Different class,-0.8166810608656362
Linear,Different class,3.1887286511721946
Linear,Same class,1.1941535934436907
Linear,Different class,4.60157337923251
Linear,Different class,3.277166878334727
Linear,Same class,-0.5944752098455686
Linear,Same class,-0.8055494149297571
Linear,Different class,7.815345210651458
Linear,Same class,0.02522536764067241
Linear,Same class,-17.262722768191082
Linear,Different class,-4.463784000940002
Linear,Same class,-21.45854439239656
Linear,Same class,7.133958684810161
Linear,Same class,-2.8578197523441355
Linear,Same class,-11.06903437692729
Linear,Different class,-6.969012005017764
Linear,Same class,-2.1874912407936877
Linear,Different class,12.21211459526106
Linear,Different class,-5.749020337035898
Linear,Same class,-3.389706256875593
Linear,Same class,1.6334326496822402
Linear,Different class,-0.40810989271672815
Linear,Different class,-6.501387342743086
Linear,Same class,0.1690578496146893
Linear,Same class,2.120085343978892
Linear,Same class,-0.14889298868662904
Linear,Same class,5.886082067428126
Linear,Different class,2.18355450163962
Linear,Different class,11.550957853473522
Linear,Same class,6.135037428942328
Linear,Different class,-2.5103196936401027
Linear,Same class,-2.9416628995768974
Linear,Different class,-7.616108294965995
Linear,Same class,-14.632826571266515
Linear,Same class,8.11733733900665
Linear,Different class,6.370517118553049
Linear,Different class,-4.747932265059863
Linear,Different class,-8.073319544141794
Linear,Different class,-5.931220963399573
Linear,Different class,-3.092423937314966
Linear,Same class,-1.2771746893216773
Linear,Different class,5.293710666540848
Linear,Different class,-1.8237513729929045
Linear,Same class,-3.810997227947487
Linear,Same class,-3.8880418459593007
Linear,Same class,-10.767089420543803
Linear,Different class,-2.960510592212624
Linear,Different class,6.098339841570437
Linear,Different class,-1.6771477636827687
Linear,Different class,-16.52905105444785
Linear,Same class,-1.9874507715598848
Linear,Different class,3.8507308874464234
Linear,Same class,11.900749820787864
Linear,Same class,9.84909417458562
Linear,Different class,3.982208749305979
Linear,Same class,11.772937039135273
Linear,Same class,-0.77223395326184
Linear,Same class,11.491647165677138
Linear,Same class,5.335871835895231
Linear,Different class,-2.91114098605133
Linear,Same class,1.6501181816055308
Linear,Different class,-9.268754224249369
Linear,Same class,-2.3319396646816726
Linear,Same class,6.782507686884296
Linear,Different class,-5.685205891850108
Linear,Different class,0.10680859380962572
Linear,Same class,18.351154418759318
Linear,Different class,0.5483532572983376
Linear,Different class,-2.238910379213736
Linear,Different class,-1.2035982559404497
Linear,Different class,-1.6805612897149569
Linear,Same class,4.082528489067524
Linear,Same class,16.823976399323
Linear,Different class,-1.2273419163167976
Linear,Same class,-0.24388283561146662
Linear,Same class,11.957746770772962
Linear,Same class,10.301656589826667
Linear,Same class,-0.26722645298926695
Linear,Different class,-1.8501379714187114
Linear,Same class,4.588464239428462
Linear,Different class,-1.4934084774713405
Linear,Same class,2.345607071848133
Linear,Different class,3.684554643028142
Linear,Different class,-3.718977200007512
Linear,Different class,-7.34320225057851
Linear,Different class,6.485844631827588
Linear,Same class,3.1792460671588754
Linear,Different class,7.221504119649254
Linear,Different class,-6.90562778326916
Linear,Different class,-1.5681332665564143
Linear,Different class,3.5100789467061495
Linear,Different class,5.367693219341309
Linear,Same class,8.018948248562518
Linear,Same class,-11.744056239076228
Linear,Different class,4.021424259936461
Linear,Different class,1.8361846339069496
Linear,Different class,-6.6185154030068905
Linear,Different class,-1.3340689482432082
Linear,Same class,42.95080851454987
Linear,Different class,-6.612872603107692
Linear,Same class,-6.265994974919081
Linear,Different class,-8.022726386314487
Linear,Same class,-5.143404177014603
Linear,Same class,8.613038380481651
Linear,Different class,-5.552954907306447
Linear,Same class,2.065555946456109
Linear,Same class,23.139576671430458
Linear,Same class,7.764831801883853
Linear,Same class,-3.13303427840842
Linear,Same class,18.34503001281036
Linear,Same class,4.728266576901575
Linear,Same class,7.643615892907132
Linear,Different class,7.752888018235141
Linear,Different class,-1.5774136963427154
Linear,Different class,4.69385808149751
Linear,Same class,-6.662431428820165
Linear,Different class,2.7321670238487985
Linear,Different class,-1.0762897375453582
Linear,Same class,3.0641296735452577
Linear,Same class,3.4537099271384193
Linear,Same class,7.6667864573884525
Linear,Different class,5.282879564563615
Linear,Different class,-7.877028803384543
Linear,Same class,5.445038987729882
Linear,Different class,-2.4096429494414418
Linear,Same class,2.326892937328786
Linear,Same class,-7.715838454075099
Linear,Same class,2.487239665016839
Linear,Same class,-0.9206150862124242
Linear,Different class,-1.9030418235226982
Linear,Different class,13.186345460036257
Linear,Same class,0.9675139472357396
Linear,Same class,-8.907018895297515
Linear,Same class,-2.8817651655908474
Linear,Different class,7.986160746522264
Linear,Different class,0.005079229285070127
Linear,Different class,5.563398547000687
Linear,Different class,-4.380813038735273
Linear,Same class,-4.202676633065305
Linear,Same class,7.644888666926578
Linear,Same class,-3.238262876807071
Linear,Different class,-14.805168654476548
Linear,Same class,-2.72788043437894
Linear,Different class,10.518326931560477
Linear,Different class,-1.5130320091490923
Linear,Different class,1.824099702346388
Linear,Same class,4.323849318406393
Linear,Same class,-2.28582808633353
Linear,Different class,-14.895723658136506
Linear,Different class,9.310544596054534
Linear,Same class,2.6493210926839827
Linear,Same class,0.7746431451158688
Linear,Same class,9.690617763472439
Linear,Same class,3.3579660543273615
Linear,Same class,5.370458774506934
Linear,Different class,-0.7187660094565048
Linear,Different class,2.008938985833027
Linear,Different class,3.9232785247681083
Linear,Different class,-12.09366175520848
Linear,Different class,5.160642111713788
Linear,Different class,-7.312965800452819
Linear,Different class,-1.4639093127849843
Linear,Same class,7.244047854926915
Linear,Different class,-1.4464694798272173
Linear,Same class,7.925635444050254
Linear,Different class,-8.293806430773296
Linear,Same class,-1.1727363905346706
Linear,Same class,-3.170279751796115
Linear,Same class,-23.61921647683394
Linear,Same class,0.605490401265115
Linear,Different class,-5.463134011585344
Linear,Same class,2.004387953546312
Linear,Same class,0.20070611184774298
Linear,Same class,-2.439487327288015
Linear,Same class,-3.9034685405897966
Linear,Different class,-5.520749007119199
Linear,Different class,-9.192187834729236
Linear,Different class,-7.511144421949279
Linear,Same class,-3.945140850553026
Linear,Same class,5.176638145526012
Linear,Different class,11.380103406509846
Linear,Same class,-2.1600519528040625
Linear,Different class,-2.4338764351268587
Linear,Different class,-4.551585655665017
Linear,Different class,-4.841935858786241
Linear,Different class,-4.160730302189615
Linear,Different class,-7.572232487859495
Linear,Different class,12.598977216654843
Linear,Different class,-0.12198800156691939
Linear,Same class,-2.1143487508217076
Linear,Same class,7.414066733348674
Linear,Same class,4.103790826458804
Linear,Same class,3.5305877559544854
Linear,Same class,-12.859615402042413
Linear,Same class,7.664765062773832
Linear,Different class,8.196078309629076
Linear,Same class,0.516346153657899
Linear,Different class,-3.3694559005823925
Linear,Same class,-2.594866545536652
Linear,Same class,-2.8564743098316843
Linear,Different class,5.547732009765099
Linear,Different class,0.8065130760731307
Linear,Different class,-2.1916412439352597
Linear,Same class,9.548663928749637
Linear,Same class,1.4166093406866838
Linear,Same class,0.4225534080564915
Linear,Same class,15.825754463246692
Linear,Different class,3.3032209771470127
Linear,Different class,-6.193034929830778
Linear,Same class,3.1401400158212938
Linear,Different class,-10.546606571530301
Linear,Different class,-2.943012575732587
Linear,Same class,-14.53268171141531
Linear,Different class,-18.9829547023317
Linear,Same class,1.428469524160515
Linear,Same class,-0.8342569574301629
Linear,Same class,9.348454850390768
Linear,Same class,-9.855642035360274
Linear,Same class,-5.234153987896627
Linear,Different class,24.615728104958592
Linear,Same class,-11.96551235700068
Linear,Different class,-0.503201940837981
Linear,Different class,-9.851238370886657
Linear,Same class,-5.305882437764882
Linear,Different class,-1.2219752518999263
Linear,Same class,1.5280686148629044
Linear,Different class,-0.5025557367560831
Linear,Same class,17.588925322032274
Linear,Same class,-5.700496716359735
Linear,Same class,-8.256821185752013
Linear,Different class,-6.487885382335238
Linear,Same class,8.389745345876479
Linear,Same class,3.085666017326172
Linear,Same class,6.190817366334449
Linear,Different class,-1.3432706727828516
Linear,Different class,-3.5094226474167303
Linear,Same class,-12.353755898834697
Linear,Same class,5.095962251972043
Linear,Same class,3.927519986619841
Linear,Same class,-3.770619542959141
Linear,Different class,1.091354014860025
Linear,Same class,8.64133932333736
Linear,Different class,8.142848640102248
Linear,Different class,-3.9469845009427185
Linear,Same class,-2.6848520327195367
Linear,Same class,11.810762161706545
Linear,Different class,-2.140553144911486
Linear,Different class,8.104842293855532
Linear,Same class,8.072216670454248
Linear,Same class,32.92959514486249
Linear,Different class,-3.317055252918259
Linear,Different class,-13.328515358931613
Linear,Same class,5.547149010773244
Linear,Same class,-3.1444159048244433
Linear,Same class,4.893090864770575
Linear,Different class,9.365681750366674
Linear,Same class,0.17664452023882937
Linear,Different class,-1.1447804408796551
Linear,Same class,0.3980257959587965
Linear,Different class,-0.4699266842517822
Linear,Different class,-10.062335701500373
Linear,Different class,-3.6001079948401427
Linear,Different class,-4.153622077764015
Linear,Same class,-6.6579742888110935
Linear,Same class,7.864126840947506
Linear,Different class,-10.742146534551797
Linear,Same class,8.544851119209444
Linear,Same class,-6.899640979787116
Linear,Same class,-8.573026719541984
Linear,Same class,3.654612281991562
Linear,Different class,-0.6777798938049721
Linear,Same class,2.9622986460910243
Linear,Different class,-6.283708525795681
Linear,Different class,3.8646411519001944
Linear,Different class,2.3322507796078398
Linear,Same class,-5.326920891374529
Linear,Same class,1.1295195079278495
Linear,Different class,-0.37287708802031394
Linear,Same class,10.767912663985564
Linear,Different class,4.092223648191098
Linear,Different class,1.2484243528106738
Linear,Same class,-4.468586978561541
Linear,Different class,-4.300561966528067
Linear,Same class,1.3005034776232114
Linear,Different class,-1.3192258042110003
Linear,Same class,-0.2911383653012033
Linear,Different class,3.8575571379666247
Linear,Same class,0.19712373708928296
Linear,Different class,8.308387849284133
Linear,Different class,1.5583227959771115
Linear,Different class,10.756454974440901
Linear,Same class,5.219770335029856
Linear,Different class,-1.5966602484132952
Linear,Different class,1.6606223305490375
Linear,Different class,-0.5440611694076237
Linear,Different class,-1.9226874277904047
Linear,Same class,1.1648038499456
Linear,Different class,-5.603016649534551
Linear,Different class,-5.188117619845954
Linear,Different class,-4.331267482828172
Linear,Different class,1.1673526486721013
Linear,Different class,-4.631555580773566
Linear,Same class,3.800402513799984
Linear,Different class,3.1551954219353355
Linear,Different class,3.098459035712766
Linear,Different class,-1.6332508699897352
Linear,Same class,-4.983606356948223
Linear,Same class,-4.128853324601629
Linear,Different class,-0.2233484778459847
Linear,Different class,8.863007657336139
Linear,Same class,8.275545727311917
Linear,Different class,3.3461552934581187
Linear,Different class,4.743408028623929
Linear,Same class,4.986977960281382
Linear,Same class,-3.3309811823685926
Linear,Different class,-4.880222001903528
Linear,Same class,1.558137360945001
Linear,Different class,-19.634790948944232
Linear,Different class,6.8190944369168545
Linear,Different class,-2.900912089958559
Linear,Same class,-1.9016840865539348
Linear,Different class,13.276715606856115
Linear,Different class,-19.402481965238646
Linear,Different class,-10.663523443941918
Linear,Different class,-0.9092393788381177
Linear,Same class,3.35067347447
Linear,Same class,-5.166370494506347
Linear,Different class,-3.5336011948131896
Linear,Different class,-3.503455962811871
Linear,Same class,-3.669891443028703
Linear,Same class,-2.756309616186618
Linear,Same class,11.576752939491222
Linear,Same class,-5.955664274975785
Linear,Different class,-7.5813009943167895
Linear,Same class,-5.849335247513604
Linear,Same class,0.6575043302543565
Linear,Same class,10.094019330543578
Linear,Different class,-6.314855070349425
Linear,Same class,-0.15783073489209545
Linear,Different class,-18.098461270393013
Linear,Same class,4.472175350590666
Linear,Same class,-2.0527089368289193
Linear,Same class,-7.151055076360404
Linear,Different class,2.0692117694365515
Linear,Same class,-3.017558572384661
Linear,Same class,-5.8336894189534
Linear,Different class,-4.40733944482681
Linear,Different class,7.3975657040504235
Linear,Different class,3.8861380999191653
Linear,Same class,7.192902545766733
Linear,Different class,-6.22980447298992
Linear,Same class,9.165637499769096
Linear,Different class,2.1419708064291654
Linear,Different class,6.684607722361024
Linear,Same class,1.9777900471691345
Linear,Same class,1.428656093828401
Linear,Different class,-14.249417130804973
Linear,Same class,-3.2254747263282733
Linear,Same class,0.1801478565981256
Linear,Different class,-3.0059342637086393
Linear,Same class,5.081415043008078
Linear,Different class,10.685385700891443
Linear,Same class,6.061943227234038
Linear,Same class,-6.384239028125642
Linear,Same class,11.893689844817887
Linear,Different class,-1.3301328461276145
Linear,Same class,1.4421986623330514
Linear,Same class,8.200450143594436
Linear,Same class,-0.48406351795007707
Linear,Same class,1.4852751568402676
Linear,Same class,1.8124022754868163
Linear,Different class,-3.3696483193516276
Linear,Different class,-6.051434881935199
Linear,Same class,-0.6140524967676365
Linear,Same class,6.441915732155739
Linear,Same class,-1.292000821865792
Linear,Same class,1.4542124951363953
Linear,Same class,11.626793410844005
Linear,Different class,1.4930595533319053
Linear,Same class,9.682924335525058
Linear,Same class,4.465769250653545
Linear,Different class,2.1121024074014745
Linear,Different class,-4.28385042825523
Linear,Different class,7.565155538172334
Linear,Same class,4.670689694007982
Linear,Different class,8.660621977967525
Linear,Different class,-2.0120613469342605
Linear,Same class,-8.96370061353471
Linear,Different class,-6.3828269371643085
Linear,Same class,-2.7820112095725276
Linear,Different class,8.066111511799345
Linear,Different class,-0.7021491261991001
Linear,Different class,2.1641632538138973
Linear,Different class,-3.501888180925433
Linear,Different class,0.5345866049583483
Linear,Different class,-1.0900457228633251
Linear,Same class,-7.300307060562692
Linear,Same class,6.648040341404275
Linear,Same class,2.7766962626529965
Linear,Same class,-5.236161783643939
Linear,Same class,2.3695564115921695
Linear,Different class,8.130722723181057
Linear,Different class,-4.059464990989036
Linear,Different class,-6.970734049880788
Linear,Different class,-2.5369871986424815
Linear,Different class,-4.673245751003953
Linear,Different class,13.196260193333284
Linear,Same class,2.528787813808022
Linear,Same class,-2.030554162567795
Linear,Different class,8.418411156040257
Linear,Same class,9.202359273457358
Linear,Same class,6.728929601573071
Linear,Different class,-12.041445207838226
Linear,Different class,-9.357900042029861
Linear,Same class,-4.711991393776882
Linear,Different class,1.0033454895084066
Linear,Different class,10.700453903996497
Linear,Same class,12.666640611964052
Linear,Same class,6.581974832648626
Linear,Same class,2.280211659999112
Linear,Different class,-8.725815639022667
Linear,Same class,4.613069476584196
Linear,Same class,6.732254925284743
Linear,Same class,4.757135568084898
Linear,Same class,-7.486189943816945
Linear,Different class,8.50316875464915
Linear,Same class,1.7601297492913737
Linear,Different class,0.6015382611050507
Linear,Same class,6.769447401355876
Linear,Same class,-16.40554433708462
Linear,Different class,-4.181886106182245
Linear,Same class,4.344422290541837
Linear,Same class,3.143598784118154
Linear,Same class,6.384112214748784
Linear,Different class,3.0601455340341355
Linear,Different class,6.533112262403222
Linear,Different class,8.72231358312598
Linear,Different class,13.102337441077442
Linear,Same class,-3.452599421168056
Linear,Different class,-10.314296169824608
Linear,Same class,7.667945015654357
Linear,Different class,1.2265265998805688
Linear,Same class,5.7252239418571795
Linear,Different class,-2.4598467201646383
Linear,Different class,5.227194065149004
Linear,Different class,-12.11654587494956
Linear,Same class,-7.042690951456275
Linear,Different class,0.1734708258127934
Linear,Different class,2.608394018073231
Linear,Different class,3.7348174948188144
Linear,Different class,3.470805209630721
Linear,Different class,2.5973190050004105
Linear,Same class,1.502843652420957
Linear,Different class,3.3218394248840775
Linear,Different class,0.4529832112578052
Linear,Different class,7.233343499991975
Linear,Same class,-5.6659016190924545
Linear,Same class,8.303472206192353
Linear,Different class,0.9952816237638145
Linear,Different class,1.0114744536918872
Linear,Same class,-4.703327432649733
Linear,Same class,0.024395186746360792
Linear,Same class,-1.2968951015011363
Linear,Same class,-1.7134206432981294
Linear,Different class,31.454833758266176
Linear,Same class,-7.628931481080625
Linear,Different class,5.125346488724492
Linear,Different class,-7.050648051345553
Linear,Different class,3.744251289036317
Linear,Same class,-3.4652818870515802
Linear,Same class,1.8026639692382853
Linear,Same class,1.0997508393430546
Linear,Same class,6.628201064930363
Linear,Different class,5.786152009432174
Linear,Different class,5.7376147318231245
Linear,Same class,-0.7048471089933253
Linear,Same class,-2.6240453509607318
Linear,Same class,3.9356648983315874
Linear,Different class,3.2110405464069407
Linear,Different class,-0.13931884854250065
Linear,Different class,-8.651434564941832
Linear,Same class,7.3262264005659095
Linear,Different class,-1.3672759781272517
Linear,Different class,-5.274652480288245
Linear,Different class,2.1963893845236875
Linear,Different class,-2.3300742561815717
Linear,Same class,10.696084755509755
Linear,Different class,-5.609789381978492
Linear,Same class,2.6318288784547943
Linear,Same class,-1.1879370533564733
Linear,Same class,6.218500400273142
Linear,Different class,-0.8148960644060448
Linear,Same class,-9.767324435762085
Linear,Same class,-4.808980499831807
Linear,Same class,-1.4519135188825134
Linear,Same class,3.2340137050149025
Linear,Same class,5.35447676514763
Linear,Same class,8.952071164329187
Linear,Different class,-2.871706425673871
Linear,Same class,-9.959478380363462
Linear,Same class,1.513581636826048
Linear,Different class,6.463793619534196
Linear,Different class,-4.117263401099859
Linear,Different class,-1.400541452645584
Linear,Different class,-5.010581722809318
Linear,Same class,-1.3269217784274776
Linear,Same class,7.586626650635436
Linear,Different class,5.021302416809764
Linear,Different class,7.942859671655187
Linear,Different class,0.7330640882958506
Linear,Same class,-10.240687682038828
Linear,Different class,9.900259103536063
Linear,Different class,6.977202428005012
Linear,Different class,-4.486337731695367
Linear,Same class,-5.926597989418906
Linear,Same class,0.8438417716687728
Linear,Different class,0.30260705230569984
Linear,Different class,-5.353786530528635
Linear,Different class,9.59606576273716
Linear,Same class,-5.84973814158307
Linear,Different class,8.493613083165588
Linear,Same class,-1.9257217746073978
Linear,Same class,2.426464128429254
Linear,Different class,-0.5372578227949888
Linear,Same class,-12.745234830083508
Linear,Different class,-9.284544419029592
Linear,Different class,1.108836333962617
Linear,Different class,-4.0766033077099175
Linear,Same class,-0.46230672557676566
Linear,Same class,-0.8991619158991732
Linear,Different class,-1.203295815921378
Linear,Same class,-2.2596040191685147
Linear,Different class,8.690105691061701
Linear,Same class,7.8209973140944715
Linear,Different class,3.1076706963217777
Linear,Different class,-1.5766986886407524
Linear,Different class,-0.4760780841931246
Linear,Different class,-3.28214958624662
Linear,Different class,-5.975982422998393
Linear,Different class,1.8712925678606085
Linear,Same class,-11.531021991114306
Linear,Same class,8.280395817765626
Linear,Same class,-5.648371900202549
Linear,Same class,-1.4406663625968608
Linear,Different class,1.0536390591083376
Linear,Same class,-8.748353336161967
Linear,Same class,-4.167147634052251
Linear,Different class,6.329425581863606
Linear,Different class,-7.898747165074636
Linear,Same class,18.736354579814925
Linear,Same class,1.867585401696186
Linear,Same class,-7.279102739549529
Linear,Same class,8.989340597255834
Linear,Same class,5.685202382126951
Linear,Same class,13.23156609249404
Linear,Different class,5.763196819802012
Linear,Different class,-5.223874792623559
Linear,Same class,-11.99867764965389
Linear,Different class,6.910143533181198
Linear,Different class,-10.309413770875782
Linear,Same class,6.553881018347185
Linear,Different class,8.793886815929255
Linear,Different class,-9.680501805480208
Linear,Same class,5.9596138808401555
Linear,Same class,11.770755830642793
Linear,Same class,0.5884352607692551
Linear,Same class,6.855218699271394
Linear,Different class,9.646057481591011
Linear,Same class,-11.519305170842426
Linear,Same class,-18.337618141136367
Linear,Same class,1.2444056708999989
Linear,Different class,-4.406053973438234
Linear,Different class,-8.832425609972674
Linear,Same class,-2.7015337688517373
Linear,Same class,-5.663502354085831
Linear,Different class,-10.598994568619597
Linear,Same class,-4.927772476215884
Linear,Same class,13.349179648935278
Linear,Different class,-1.1990675273813967
Linear,Different class,-5.537983983271811
Linear,Different class,-2.6377370558900792
Linear,Different class,-3.9352365592031293
Linear,Same class,-3.902315509713402
Linear,Different class,10.406016778983645
Linear,Different class,-17.11486211610719
Linear,Different class,-6.392277830974605
Linear,Same class,3.0609782581797944
Linear,Different class,2.779607670897357
Linear,Different class,-10.108730596601436
Linear,Different class,-2.036791678344381
Linear,Same class,1.2860361662868256
Linear,Different class,9.473413138485368
Linear,Same class,0.15170584805341839
Linear,Different class,16.91438807517621
Linear,Different class,-7.562089644567751
Linear,Different class,2.618205007718722
Linear,Same class,-5.608181403204903
Linear,Same class,23.1293257679428
Linear,Same class,-1.6101171861582895
Linear,Same class,13.432625327981501
Linear,Different class,-13.945457014207157
Linear,Different class,-0.28333279524501476
Linear,Same class,-12.791105175139108
Linear,Different class,-1.7222287819373352
Linear,Different class,-0.22742767586506607
Linear,Different class,1.7791346797086123
Linear,Different class,4.359201751836847
Linear,Different class,-7.312965800452819
Linear,Different class,4.74712700410201
Linear,Same class,-8.027172266735024
Linear,Different class,1.149279464818968
Linear,Same class,4.538054679363491
Linear,Same class,-2.628206071604047
Linear,Same class,6.646930518992615
Linear,Different class,-3.945544436035272
Linear,Same class,-3.045534168290992
Linear,Different class,1.537403919810886
Linear,Different class,-0.8855878666443341
Linear,Same class,-3.7492594053623964
Linear,Same class,-1.6511259121008903
Linear,Different class,-4.848289222824781
Linear,Different class,-2.4725131058593655
Linear,Different class,-3.6890799544677306
Linear,Same class,-2.26619680409337
Linear,Same class,2.9603967716440254
Linear,Different class,-3.040964000620414
Linear,Same class,12.650225338668973
Linear,Same class,5.053874621104624
Linear,Different class,-0.3402674930413663
Linear,Same class,24.02582303334499
Linear,Different class,-2.9424859381384203
Linear,Same class,-3.0771849937253277
Linear,Same class,5.1035206240605255
Linear,Different class,-5.51382559277707
Linear,Same class,-6.7897931308913755
Linear,Different class,2.109152176687307
Linear,Different class,14.219282470578273
Linear,Same class,14.208534140793285
Linear,Same class,5.6468505517192105
Linear,Same class,-4.500487480121665
Linear,Different class,-3.941748514746105
Linear,Same class,8.692759332570741
Linear,Same class,-0.9310224534543968
Linear,Different class,-2.8423872193903033
Linear,Same class,5.185558584513648
Linear,Same class,-4.626696805279075
Linear,Same class,1.1191682761518895
Linear,Same class,7.459460463548159
Linear,Different class,10.930474394693581
Linear,Same class,-0.9583849597103727
Linear,Same class,-4.278162919220134
Linear,Different class,-7.807833730745267
Linear,Same class,-18.0596008824173
Linear,Same class,7.6386905442408395
Linear,Different class,0.7033823373567581
Linear,Same class,3.165995554668033
Linear,Same class,-10.340183445297736
Linear,Same class,-2.545593427568777
Linear,Different class,0.44090692724552666
Linear,Different class,10.090143860087245
Linear,Same class,-2.719637234109698
Linear,Different class,1.331920039728386
Linear,Same class,-4.293818084285804
Linear,Same class,-2.5627203428377405
Linear,Same class,-2.995725239628177
Linear,Different class,-10.85388261100357
Linear,Different class,-18.610836694232827
Linear,Same class,14.07266760492044
Linear,Same class,-15.415073923946505
Linear,Same class,1.5953465183299584
Linear,Same class,-2.4168727785537207
Linear,Different class,2.6587592967599503
Linear,Different class,1.3083263113264365
Linear,Different class,-9.841806338663305
Linear,Same class,5.546517695589806
Linear,Same class,9.377199199803385
Linear,Different class,11.578881777831127
Linear,Same class,-6.838380060439575
Linear,Different class,1.1357520868642408
Linear,Same class,-0.4955883400212151
Linear,Different class,-7.181317782728924
Linear,Different class,-7.4382700494996605
Linear,Different class,-4.32776632173038
Linear,Different class,-4.251397428398839
Linear,Same class,2.731489385774282
Linear,Same class,-6.578017939699373
Linear,Same class,-10.653017226967112
Linear,Same class,9.751535718788643
Linear,Different class,-22.37391921154166
Linear,Different class,1.430125168222288
Linear,Different class,-12.898219060679823
Linear,Same class,-2.921117526548326
Linear,Different class,0.8293542402718952
Linear,Different class,2.6094460719196673
Linear,Same class,4.2840298836285164
Linear,Same class,27.93884128390613
Linear,Different class,-11.326544696250425
Linear,Same class,-6.929021511993329
Linear,Same class,4.564761248572927
Linear,Different class,2.6953482661979504
Linear,Same class,-3.4673974155560794
Linear,Same class,-12.854023260128097
Linear,Different class,13.039056204893265
Linear,Different class,3.28200190932605
Linear,Same class,15.276940987873536
Linear,Different class,1.3387300544823069
Linear,Different class,-16.559691360511636
Linear,Different class,-0.7970154626084287
Linear,Different class,-3.560652686720967
Linear,Different class,-2.7552370623346003
Linear,Same class,-2.7941142148913203
Linear,Different class,-2.8961080266648125
Linear,Different class,-2.4912603422189625
Linear,Different class,-0.6132419317973472
Linear,Same class,-11.257306048416739
Linear,Same class,-9.514789605635057
Linear,Same class,11.495350514201002
Linear,Different class,1.0668492263655136
Linear,Different class,-4.737691247517642
Linear,Same class,-15.872821628904866
Linear,Different class,-3.8016828064254065
Linear,Different class,11.89880924285434
Linear,Different class,-1.4288350589844143
Linear,Different class,-4.722673907480656
Linear,Same class,0.4816068078277749
Linear,Same class,-0.7019828603775307
Linear,Different class,1.018316098028729
Linear,Same class,0.8717537260979886
Linear,Different class,2.61106896544451
Linear,Different class,6.277246495278842
Linear,Different class,-2.463382255835124
Linear,Different class,1.8716903587754226
Linear,Different class,0.3672992107569273
Linear,Same class,-8.670259413960991
Linear,Same class,-2.902431132721614
Linear,Same class,-1.9940837422807154
Linear,Same class,6.970753093861827
Linear,Same class,5.029800868531814
Linear,Same class,-1.4489222627539686
Linear,Same class,4.518902235362181
Linear,Same class,8.798795420733239
Linear,Different class,-1.6089434561749105
Linear,Same class,6.28790937167938
Linear,Same class,3.445347456567353
Linear,Different class,-3.630724246998022
Linear,Different class,9.668829462195735
Linear,Different class,1.1748023413015107
Linear,Different class,-13.197478935052672
Linear,Same class,-0.9558828887369156
Linear,Different class,3.4273403026008475
Linear,Different class,2.3997174119375604
Linear,Different class,16.151354150949395
Linear,Same class,-7.293387698636535
Linear,Different class,-2.314298240497928
Linear,Different class,-4.610079259972855
Linear,Same class,18.108499570696548
Linear,Same class,11.231798618521022
Linear,Same class,2.4115019108328872
Linear,Same class,-0.6118563539180087
Linear,Same class,-1.502228821847666
Linear,Different class,-0.40759361934639915
Linear,Different class,10.720558003718141
Linear,Same class,2.3814452853807926
Linear,Same class,5.223653424564118
Linear,Same class,0.40755284146005893
Linear,Different class,5.903037551127551
Linear,Same class,-2.634359582705029
Linear,Different class,-8.65746361808273
Linear,Different class,9.581965799283523
Linear,Different class,7.166792055747197
Linear,Different class,-1.00575262151428
Linear,Different class,11.296043278481951
Linear,Same class,-9.415728144723639
Linear,Different class,-8.732396392837607
Linear,Different class,-5.0953993500162
Linear,Different class,7.173109945347354
Linear,Same class,6.912995630035168
Linear,Different class,0.9284180976279461
Linear,Different class,1.1770500941358106
Linear,Different class,-3.1583897020631246
Linear,Different class,1.219012252517188
Linear,Different class,-1.714948945089158
Linear,Different class,4.288870576757501
Linear,Different class,3.414630777364547
Linear,Different class,1.7835229120493594
Linear,Different class,1.6594796031070076
Linear,Same class,2.849118910725846
Linear,Same class,-1.8745973589683114
Linear,Same class,-3.036589566200792
Linear,Different class,-1.4812163677625123
Linear,Different class,-0.6019347840739758
Linear,Same class,5.67123855246775
Linear,Same class,14.596422846327705
Linear,Different class,3.876795781229859
Linear,Different class,12.87698391856288
Linear,Different class,1.8722544693022627
Linear,Same class,9.535402625595855
Linear,Same class,-2.13206992835367
Linear,Different class,9.224166428393604
Linear,Same class,4.896905964839635
Linear,Different class,1.5041958407544536
Linear,Different class,3.2814145912953805
Linear,Same class,-5.686278271783122
Linear,Different class,2.878122207842246
Linear,Same class,13.01972859979409
Linear,Same class,0.6864147539167954
Linear,Same class,2.805002524715015
Linear,Same class,-4.901527133700776
Linear,Same class,1.1005305454541567
Linear,Different class,6.058050624892214
Linear,Same class,1.493074597564607
Linear,Different class,-7.5693705098644415
Linear,Different class,3.6571025379853785
Linear,Different class,-4.0864332709446645
Linear,Different class,-11.340889159992434
Linear,Same class,5.3102869304298626
Linear,Same class,-1.7372882600521016
Linear,Same class,-13.430717463404422
Linear,Different class,14.826669499907206
Linear,Same class,-4.459013546679352
Linear,Same class,-1.1094617012741026
Linear,Different class,-6.580413115828558
Linear,Different class,3.070913578390118
Linear,Different class,5.103769960666586
Linear,Different class,1.5172628752060042
Linear,Same class,5.173959273301549
Linear,Different class,-8.537241168649949
Linear,Different class,5.105927347253229
Linear,Different class,1.9828867190676378
Linear,Same class,-0.7665454460880309
Linear,Same class,-0.7662480203907284
Linear,Same class,-0.37150147910363723
Linear,Same class,6.2277236987601325
Linear,Same class,-2.7350683698400378
Linear,Different class,-15.027199545299233
Linear,Same class,0.36637681361244523
Linear,Same class,-8.206114232979353
Linear,Same class,-6.909131333842063
Linear,Different class,2.6203194378591377
Linear,Different class,-0.612265003016567
Linear,Same class,-0.9016029561081823
Linear,Same class,6.05034738598623
Linear,Different class,-6.761791669298344
Linear,Different class,3.230756947999754
Linear,Same class,9.433218358245387
Linear,Same class,6.799710712226836
Linear,Same class,5.150594466642414
Linear,Same class,12.347214348662924
Linear,Same class,10.42747652596541
Linear,Same class,2.5075237868033575
Linear,Same class,-0.22029185766440587
Linear,Same class,3.3495176607918484
Linear,Different class,0.7245267993429785
Linear,Same class,8.651308515775348
Linear,Different class,-1.199971007450233
Linear,Different class,0.5153226288258816
Linear,Different class,6.280610761119559
Linear,Different class,-4.6314117737947935
Linear,Different class,-10.090080825795894
Linear,Same class,9.984274623169712
Linear,Same class,3.8353677831256467
Linear,Different class,-7.053121901744028
Linear,Different class,6.421221948493517
Linear,Same class,11.379141494284216
Linear,Same class,-2.6080614995859723
Linear,Same class,-3.484469201416405
Linear,Different class,2.817784370743199
Linear,Different class,-2.377017278852314
Linear,Different class,3.8214373029441053
Linear,Same class,-6.267177909041839
Linear,Different class,-11.028701803030666
Linear,Different class,3.4746086523875768
Linear,Different class,2.214577641112783
Linear,Same class,1.8350518711705248
Linear,Different class,0.7264033042966865
Linear,Same class,5.6698550126141924
Linear,Same class,71.5133023167221
Linear,Same class,-5.681068272378305
Linear,Different class,6.846635509982021
Linear,Different class,-0.8395368009963152
Linear,Same class,1.3145543608686419
Linear,Same class,0.36467695634736
Linear,Different class,7.451573627139895
Linear,Different class,-10.485426783494724
Linear,Different class,5.712142251630662
Linear,Same class,2.1135462687944213
Linear,Different class,-12.650008990254154
Linear,Same class,6.087949384683176
Linear,Same class,-4.300309246323663
Linear,Different class,8.172449966978501
Linear,Different class,-2.62248405358419
Linear,Different class,2.041960038474761
Linear,Same class,-5.599188582445645
Linear,Same class,-3.0940212891314554
Linear,Same class,-0.06572442092757128
Linear,Same class,-1.278625300851279
Linear,Different class,-9.256499662686126
Linear,Same class,-6.887980647104971
Linear,Different class,-1.1713021706956284
Linear,Same class,7.468167160672886
Linear,Different class,-2.217126897978495
Linear,Same class,-19.859538904107733
Linear,Same class,5.286209640961841
Linear,Different class,0.2700316864515684
Linear,Different class,5.752333029132939
Linear,Different class,-1.1848200400152338
Linear,Different class,3.3117242371723896
Linear,Different class,-0.2798170371297962
Linear,Same class,9.551398009909734
Linear,Different class,9.924541685288188
Linear,Different class,-6.5411833135182125
Linear,Different class,25.310447135240853
Linear,Different class,-19.69501013285585
Linear,Different class,0.9081051215476774
Linear,Same class,-2.603042556147864
Linear,Different class,3.100162391903445
Linear,Different class,-5.230671768410001
Linear,Same class,-6.655823658190554
Linear,Different class,-0.40225231840381026
Linear,Different class,0.3302137103807204
Linear,Different class,5.155990077880531
Linear,Same class,6.310941949391371
Linear,Different class,-0.8221404331111748
Linear,Same class,-5.965691145407589
Linear,Same class,8.283114883152146
Linear,Different class,-0.7553807066654731
Linear,Same class,3.6074283641582343
Linear,Different class,4.35750735694195
Linear,Different class,-3.120355383202533
Linear,Different class,-3.966275065194277
Linear,Different class,-8.231768265510672
Linear,Same class,5.7478383974306135
Linear,Different class,6.980360914414915
Linear,Same class,4.948440242839748
Linear,Different class,-1.70400509318919
Linear,Same class,1.6731134788181494
Linear,Same class,-7.0206133781412765
Linear,Same class,-1.710351076812779
Linear,Different class,-3.624664095956542
Linear,Different class,-7.708908143301592
Linear,Different class,-3.5248689034504443
Linear,Different class,-1.042104600329724
Linear,Same class,1.8304583297123413
Linear,Same class,15.912429633101805
Linear,Different class,13.930895275348979
Linear,Same class,-1.4628440496398112
Linear,Different class,-1.9555169101827863
Linear,Different class,-19.418274566988938
Linear,Different class,2.5314292028986958
Linear,Same class,-8.715702995659537
Linear,Same class,0.03099303701720891
Linear,Same class,-4.8994270335180286
Linear,Different class,10.102356446829036
Linear,Same class,21.37953931192595
Linear,Different class,3.0073314269816365
Linear,Different class,-9.037250451119828
Linear,Same class,-8.844582982504894
Linear,Same class,-2.124939938207225
Linear,Different class,6.56273880765467
Linear,Same class,-7.9913752001579335
Linear,Different class,-2.027360184923686
Linear,Same class,-0.8767945973168886
Linear,Different class,2.6066807193441788
Linear,Different class,11.212558477785224
Linear,Different class,6.419888062790371
Linear,Different class,16.880237785595178
Linear,Same class,3.411566115324801
Linear,Same class,0.9105010119717654
Linear,Different class,-10.581416800333832
Linear,Same class,10.211324159509985
Linear,Same class,6.522744776572216
Linear,Same class,9.78362693123943
Linear,Different class,10.070233460314043
Linear,Same class,-0.06280639714837764
Linear,Different class,2.973541884128896
Linear,Same class,11.979185560750992
Linear,Different class,-2.320670216391743
Linear,Same class,-1.465394461645701
Linear,Same class,17.116097120551125
Linear,Same class,-3.1693106858020372
Linear,Different class,-3.7024026770895495
Linear,Different class,6.948156746029985
Linear,Different class,3.494548439289902
Linear,Same class,5.777289079170971
Linear,Different class,3.278931811928199
Linear,Same class,-5.842203444808111
Linear,Different class,6.716496741687905
Linear,Same class,7.250923490174096
Linear,Different class,6.479243092026463
Linear,Same class,6.083918798650846
Linear,Different class,4.61061859523104
Linear,Same class,-7.77525388165485
Linear,Same class,3.746716329135256
Linear,Different class,-4.877487019658003
Linear,Same class,-3.8202207579313088
Linear,Same class,14.524709598246321
Linear,Same class,1.4843387112677981
Linear,Different class,4.01644808841103
Linear,Same class,-5.729452661036297
Linear,Same class,-4.42404845892502
Linear,Different class,0.23653878062880354
Linear,Different class,-2.3047340504219145
Linear,Same class,-10.724897412566095
Linear,Different class,-7.905342317739177
Linear,Different class,-3.994353214345543
Linear,Different class,8.362841193081348
Linear,Different class,-0.3512512916255375
Linear,Same class,-4.5473440912077985
Linear,Different class,5.989357250146044
Linear,Same class,-2.182537214276135
Linear,Different class,-0.23355328117555219
Linear,Same class,11.477299588468203
Linear,Different class,-6.763947916395358
Linear,Same class,-1.2959181815374075
Linear,Different class,-0.8166991038115348
Linear,Different class,3.4332465232338283
Linear,Different class,-4.15010856514928
Linear,Same class,8.529614991527163
Linear,Different class,15.661388984244391
Linear,Different class,-2.65224452192741
Linear,Same class,0.8017953408812952
Linear,Same class,-3.9727537573220078
Linear,Same class,-0.7836985511035558
Linear,Same class,-21.00393828652405
Linear,Same class,-0.1290704192725335
Linear,Different class,-7.722568588480282
Linear,Same class,-8.154914840130685
Linear,Same class,-2.784119436315981
Linear,Same class,1.0045492528308355
Linear,Different class,-4.093151499975523
Linear,Different class,6.541197000002479
Linear,Same class,-2.594313670490817
Linear,Different class,1.4180763597617763
Linear,Same class,0.8510414568594992
Linear,Same class,2.8454610788198296
Linear,Same class,-1.1239311671253882
Linear,Same class,-0.4234173934054962
Linear,Different class,-5.133453851351448
Linear,Different class,6.896700155664568
Linear,Different class,1.3753039374301061
Linear,Same class,-9.73045777889681
Linear,Different class,-9.3759738526407
Linear,Different class,10.192543951563218
Linear,Same class,4.600281647097665
Linear,Same class,-0.5552438782853669
Linear,Same class,-3.634529705367291
Linear,Different class,-2.664104439185577
Linear,Different class,-3.1006346483684615
Linear,Same class,2.962265427336658
Linear,Different class,-7.718808912680535
Linear,Same class,-0.4146778343045663
Linear,Different class,6.340895437072922
Linear,Same class,3.6963045305709197
Linear,Same class,2.2463872450086844
Linear,Different class,-16.73240635732265
Linear,Same class,-7.122441966237737
Linear,Same class,-2.7172689881263605
Linear,Different class,7.5101059034862345
Linear,Different class,1.9471990915843682
Linear,Different class,-6.341447953381859
Linear,Different class,2.7575146979664
Linear,Same class,1.0509284183911975
Linear,Same class,17.72407857709963
Linear,Same class,-6.256642470273142
Linear,Same class,3.839905257297378
Linear,Same class,-0.6005578051034745
Linear,Different class,-0.6167850630290722
Linear,Different class,-8.523200365728417
Linear,Same class,-0.12211939407856408
Linear,Different class,-1.0566842568214279
Linear,Same class,3.8510760126499592
Linear,Same class,34.15254784459784
Linear,Different class,-1.3198401111403122
Linear,Different class,-8.323732287803633
Linear,Different class,-4.430532716711529
Linear,Different class,3.0611737079135057
Linear,Different class,7.138561813852808
Linear,Same class,4.746597277964508
Linear,Different class,-6.5796114092245
Linear,Different class,-9.259932467987944
Linear,Different class,-5.851493563561348
Linear,Different class,-4.158872249883073
Linear,Different class,1.2508621069692425
Linear,Different class,3.1952733171563046
Linear,Same class,1.4992402710716977
Linear,Same class,-12.249582692932831
Linear,Same class,-3.5774731617784967
Linear,Different class,20.526959169817847
Linear,Same class,-8.354835843600005
Linear,Different class,-7.5231555143529905
Linear,Same class,-0.37511145483273545
Linear,Different class,8.312059957066579
Linear,Different class,-13.141586811245837
Linear,Different class,11.356924546878902
Linear,Different class,-14.352149733561342
Linear,Different class,-6.755881794214319
Linear,Different class,-2.7192211071308603
Linear,Different class,5.8702184566012265
Linear,Different class,-6.7668512554380715
Linear,Different class,-2.9596713311203753
Linear,Different class,17.416274811373384
Linear,Different class,-0.7245823284626793
Linear,Same class,-4.8273053092672695
Linear,Different class,4.375570636418766
Linear,Different class,-2.0673812176706585
Linear,Same class,2.053944737101749
Linear,Different class,-1.0392935369038199
Linear,Different class,-7.1175761816098
Linear,Same class,12.917759017106535
Linear,Different class,-2.4918914545025292
Linear,Same class,-7.968960734038089
Linear,Different class,3.837458261803686
Linear,Different class,3.9274364278625855
Linear,Different class,-4.42491169515221
Linear,Different class,-2.217172877330944
Linear,Different class,-0.03535197955842587
Linear,Different class,-1.130475339729575
Linear,Same class,5.231959287174938
Linear,Same class,-10.882788232509753
Linear,Same class,-7.459497011556869
Linear,Same class,-8.408297905086304
Linear,Same class,7.3660405508336595
Linear,Same class,-5.742637624137627
Linear,Same class,-0.238893924306774
Linear,Different class,1.9542446718578501
Linear,Different class,13.793053105187392
Linear,Different class,0.22744796927840838
Linear,Different class,-6.31908406614514
Linear,Different class,-2.0919846226277543
Linear,Different class,8.650209772050221
Linear,Same class,4.5652722663221486
Linear,Different class,-4.979197979184213
Linear,Same class,2.3357250569082
Linear,Different class,-17.925923842806434
Linear,Same class,-8.506643965683786
Linear,Same class,-1.030374844893668
Linear,Same class,28.28328602944535
Linear,Different class,11.232341167646348
Linear,Different class,1.6097145144299758
Linear,Different class,-3.420658635454901
Linear,Same class,3.5632842811330785
Linear,Different class,8.841337999204287
Linear,Different class,3.3144026886080935
Linear,Same class,3.7448321684342636
Linear,Different class,8.264727995945
Linear,Different class,8.265286621306165
Linear,Different class,4.002901170450351
Linear,Different class,9.562383286286527
Linear,Different class,-10.299880525074418
Linear,Different class,-1.862432890828345
Linear,Same class,-5.508176510707312
Linear,Different class,2.157908294905057
Linear,Same class,12.173939500960916
Linear,Different class,-2.686492041622363
Linear,Same class,0.5528194233827085
Linear,Different class,3.326123202255153
Linear,Same class,4.684155234541848
Linear,Different class,3.8021311470586805
Linear,Different class,-19.96977474638421
Linear,Same class,-11.850523351343933
Linear,Different class,2.2557500574285734
Linear,Different class,0.7275621114919424
Linear,Same class,-6.292432570710686
Linear,Same class,-9.247803850175853
Linear,Same class,-2.6283559348844636
Linear,Same class,-3.498319652578299
Linear,Different class,13.383155709800253
Linear,Same class,2.0098630254044787
Linear,Same class,5.190210234113503
Linear,Different class,-10.024846713134467
Linear,Same class,14.332412885333259
Linear,Different class,-5.728262563753305
Linear,Same class,-11.69265963356753
Linear,Different class,0.3070469368576898
Linear,Same class,1.8013431734889038
Linear,Same class,0.13035080330361937
Linear,Same class,-1.6231931052175197
Linear,Same class,-3.1424870096617696
Linear,Same class,-5.5863883379201615
Linear,Different class,-1.7594800162739859
Linear,Different class,9.270930709462785
Linear,Same class,-3.083681477553389
Linear,Same class,3.965975128745175
Linear,Same class,-0.8794572629615921
Linear,Different class,-3.3329419077369806
Linear,Same class,1.9371148808416436
Linear,Different class,-20.512487366078584
Linear,Different class,6.0164106794261025
Linear,Same class,7.117729479965096
Linear,Same class,-16.242491826430314
Linear,Same class,-7.8868789131750585
Linear,Different class,6.752853097994177
Linear,Same class,4.028519826050001
Linear,Different class,-6.874106143461873
Linear,Different class,4.505728678115828
Linear,Different class,8.377570886603877
Linear,Different class,-1.4596428623322748
Linear,Different class,-10.65953278090595
Linear,Same class,8.66784118576227
Linear,Different class,4.332517639763998
Linear,Same class,-7.129415455018223
Linear,Same class,-2.823890364564038
Linear,Same class,-4.476632961564845
Linear,Same class,3.202321221996689
Linear,Different class,-10.585862531042912
Linear,Same class,-3.0220824975949014
Linear,Different class,5.776641503894434
Linear,Different class,-2.8421634388335377
Linear,Different class,1.1073506946772027
Linear,Same class,-1.3995953129606682
Linear,Different class,12.676710903927306
Linear,Different class,15.68283398008609
Linear,Different class,-12.558126113686846
Linear,Same class,1.0807697199616386
Linear,Different class,-0.4579583430694757
Linear,Same class,4.784561773651929
Linear,Different class,5.150358587179929
Linear,Different class,-10.384806678991403
Linear,Same class,1.5064512211644223
Linear,Different class,5.0157725091539875
Linear,Different class,7.459962943506074
Linear,Same class,-3.649053831260232
Linear,Different class,-0.14907217382673799
Linear,Different class,-0.5092957843683876
Linear,Different class,-2.0062995186263914
Linear,Same class,-3.719142802324201
Linear,Same class,-3.556140571601113
Linear,Same class,0.5616737141830341
Linear,Same class,12.148250035733767
Linear,Different class,-5.740551369172468
Linear,Different class,1.250040843435293
Linear,Same class,-11.50081316173743
Linear,Same class,9.367923234092295
Linear,Same class,-8.139758623166442
Linear,Same class,-1.4481179899286356
Linear,Different class,2.690573649896261
Linear,Different class,1.7747108813365673
Linear,Different class,-2.3835239258678653
Linear,Same class,-4.589533475345901
Linear,Different class,-6.804486332446276
Linear,Same class,-1.308949481802927
Linear,Different class,-8.440159832996088
Linear,Same class,-6.411757478983828
Linear,Different class,0.511525548555528
Linear,Different class,1.4204518951188816
Linear,Same class,-8.193153952002183
Linear,Different class,-4.945645668863001
Linear,Same class,5.000467358173761
Linear,Same class,7.591140273082079
Linear,Same class,0.015685575746697017
Linear,Same class,7.172010617354307
Linear,Different class,-5.130885118253395
Linear,Same class,1.3745823356561169
Linear,Same class,0.061043524167923385
Linear,Same class,-0.48159233300264015
Linear,Different class,-17.092938889266204
Linear,Same class,5.070246752188196
Linear,Same class,10.19643377216696
Linear,Different class,0.7616302434960514
Linear,Same class,5.143019284116665
Linear,Same class,8.481165021795842
Linear,Same class,0.675465895045453
Linear,Same class,0.7711688017360447
Linear,Different class,-5.176419882895311
Linear,Same class,6.8910604792749774
Linear,Different class,-9.739582318097316
Linear,Different class,-5.0485877865189215
Linear,Different class,11.920116341183485
Linear,Different class,-10.58510085997739
Linear,Same class,0.3128464175375736
Linear,Same class,8.691530287125444
Linear,Different class,10.2391401328314
Linear,Same class,7.504929813260015
Linear,Different class,3.280901134882285
Linear,Same class,-3.663397173736068
Linear,Same class,-4.187831509432799
Linear,Same class,9.884876623611026
Linear,Same class,12.071874424086653
Linear,Different class,-7.051011886123931
Linear,Same class,-1.192570505495686
Linear,Different class,-8.436301502508922
Linear,Same class,-4.42050536419751
Linear,Same class,6.313419275486698
Linear,Different class,6.030970988461348
Linear,Different class,4.18367569316694
Linear,Different class,2.830008719566093
Linear,Different class,-2.5107013913329936
Linear,Same class,-3.8180216218782452
Linear,Same class,1.8036195893909743
Linear,Same class,-6.487284991714284
Linear,Different class,-10.734329476362877
Linear,Same class,-0.6509540162420019
Linear,Same class,3.992336785419549
Linear,Different class,-3.401215149778694
Linear,Same class,-1.3655088631449144
Linear,Different class,8.970217061183217
Linear,Same class,-2.5112898334379574
Linear,Same class,-7.501002395241314
Linear,Same class,3.1213095721581867
Linear,Different class,-6.15536432424763
Linear,Same class,-3.0474852868553928
Linear,Same class,-6.688688417783874
Linear,Different class,-2.375548042056556
Linear,Same class,-10.671188785411266
Linear,Different class,-2.3676640730383016
Linear,Same class,8.262815736799755
Linear,Different class,-3.4398483089557423
Linear,Same class,7.638314652967033
Linear,Same class,-2.9436316815370502
Linear,Same class,1.4018202409649423
Linear,Different class,14.853913491975485
Linear,Different class,-0.7168158662762603
Linear,Different class,-1.4919703621278193
Linear,Same class,17.778127698119526
Linear,Different class,1.9087891132481112
Linear,Different class,1.433979677013887
Linear,Same class,-6.860136364790383
Linear,Different class,-1.4496006605646146
Linear,Same class,-4.578549263369324
Linear,Same class,-1.7867308564111113
Linear,Different class,8.633094543787067
Linear,Same class,-8.363277095609732
Linear,Different class,2.803811893154
Linear,Different class,-4.342438794982854
Linear,Different class,-3.1961087402178907
Linear,Same class,-10.233088754877416
Linear,Same class,-10.450748657263892
Linear,Different class,-4.940185116507182
Linear,Same class,5.670486910912101
Linear,Same class,3.2122228171428127
Linear,Same class,5.532409875462643
Linear,Same class,2.321686262166075
Linear,Same class,-5.415994607157322
Linear,Same class,-0.3935562053225391
Linear,Same class,1.7138381284085749
Linear,Same class,-5.22453319295297
Linear,Same class,-2.4608883387098346
Linear,Different class,-21.470836971179878
Linear,Same class,4.345084846997221
Linear,Same class,-14.260845289883042
Linear,Different class,-3.136126870642547
Linear,Same class,3.2598837171701693
Linear,Same class,4.567982897869238
Linear,Same class,10.379121311697059
Linear,Same class,0.7629341669382227
Linear,Same class,-2.1856347453522287
Linear,Same class,13.943889288369151
Linear,Different class,4.939876677676922
Linear,Same class,6.819177457958874
Linear,Different class,-0.48891546774221695
Linear,Different class,-0.0997050280653771
Linear,Different class,1.4153499328734946
Linear,Same class,-2.9766264775924984
Linear,Different class,7.358257724573142
Linear,Same class,-4.464494839762588
Linear,Different class,4.778590147518851
Linear,Same class,-9.749371718726422
Linear,Same class,2.824431220257496
Linear,Different class,-2.7105427182898083
Linear,Different class,10.350539280863858
Linear,Same class,-10.445706872644235
Linear,Same class,5.457284907626029
Linear,Different class,-0.15370052873444984
Linear,Different class,4.658664272914785
Linear,Same class,-4.9642669284164
Linear,Different class,-8.723492628675668
Linear,Different class,6.022467641784425
Linear,Different class,-5.373442303329121
Linear,Same class,3.2512871803991983
Linear,Same class,-3.238411156573193
Linear,Different class,3.104058125975638
Linear,Different class,-2.3280733737440027
Linear,Different class,-11.055154477133778
Linear,Same class,14.064043211541223
Linear,Same class,-0.3015093132500536
Linear,Same class,12.957677892220985
Linear,Same class,-3.935165410948978
Linear,Different class,-1.2411385183798103
Linear,Same class,-5.164642667942974
Linear,Same class,-4.053523932841059
Linear,Different class,4.676022019244474
Linear,Same class,-1.0548401076956648
Linear,Same class,-9.391238737843523
Linear,Different class,3.505324899935207
Linear,Same class,-2.578990533072384
Linear,Different class,2.6731214118538897
Linear,Different class,-2.7837004917587596
Linear,Different class,2.4317504255453533
Linear,Same class,-2.6820048412408073
Linear,Same class,6.17546520615449
Linear,Different class,-0.6896634739797144
Linear,Same class,-0.4314804982263082
Linear,Different class,-12.36063652140245
Linear,Different class,-8.663551627902772
Linear,Same class,-5.772727578038312
Linear,Different class,-5.698015541464722
Linear,Same class,-12.827160244736486
Linear,Same class,8.448290827297198
Linear,Same class,6.665937439419188
Linear,Different class,-6.405520650281252
Linear,Same class,-2.6322799265845713
Linear,Same class,-7.516047382957749
Linear,Different class,-1.3361873017056827
Linear,Different class,-4.231358065403458
Linear,Same class,-2.994043453459397
Linear,Same class,7.175845396214505
Linear,Different class,-1.4347441233515794
Linear,Same class,-2.7550870253218127
Linear,Different class,3.47647555038228
Linear,Different class,0.9836288447620285
Linear,Different class,1.007028129725817
Linear,Different class,-3.032200261353094
Linear,Different class,2.245638014528782
Linear,Same class,-0.7535398409561328
Linear,Different class,5.680505962441147
Linear,Same class,-13.796394124861049
Linear,Same class,0.5963191192589181
Linear,Same class,2.7486307432071992
Linear,Same class,8.751771680873558
Linear,Same class,2.0293478042778785
Linear,Same class,3.695425580223654
Linear,Same class,-2.185591068240263
Linear,Different class,-2.5292465253443597
Linear,Different class,-0.7374893494244091
Linear,Different class,17.67483732628115
Linear,Same class,-11.426669337686732
Linear,Different class,-3.137443843959398
Linear,Different class,3.410185397277994
Linear,Same class,-2.5176211611240475
Linear,Same class,-7.046328890484121
Linear,Different class,-1.590710407901922
Linear,Different class,-8.733110416557963
Linear,Different class,-1.4038086896504058
Linear,Same class,2.000679839068536
Linear,Same class,-17.10504980741047
Linear,Same class,3.423978473958872
Linear,Same class,5.13884411241732
Linear,Same class,-5.476691638582631
Linear,Same class,2.8424599478244286
Linear,Same class,-13.494376354362403
Linear,Same class,0.29337962639632864
Linear,Same class,-7.09394208813417
Linear,Same class,-5.334506893391285
Linear,Same class,-19.12077576283044
Linear,Different class,-2.2014071778691324
Linear,Same class,4.392882777662449
Linear,Different class,0.5224896509969139
Linear,Same class,-0.3686216153110422
Linear,Same class,-0.6928419699321823
Linear,Different class,24.921849020675474
Linear,Different class,4.1320284032853385
Linear,Different class,-0.5429349992557327
Linear,Different class,-2.3418646345423397
Linear,Same class,-9.173742085327895
Linear,Different class,0.017937335679491635
Linear,Different class,-2.637930144174413
Linear,Same class,0.2923634512586377
Linear,Same class,-2.6795251852424258
Linear,Different class,1.9422408068503474
Linear,Same class,-3.7213465651363786
Linear,Same class,1.3763082592496076
Linear,Different class,-3.3648015516241454
Linear,Same class,3.864783996711609
Linear,Same class,10.9672664347628
Linear,Different class,-11.834890270619047
Linear,Same class,-1.5594482053286751
Linear,Same class,-5.642840283310692
Linear,Same class,0.8813541763498307
Linear,Different class,-8.265561059118
Linear,Different class,-1.3829730754456768
Linear,Different class,-18.55426067847856
Linear,Same class,-2.4979349500371657
Linear,Same class,2.212003036665685
Linear,Same class,6.06160713493074
Linear,Same class,16.74200574378844
Linear,Different class,-10.569736406434863
Linear,Different class,7.734383057325494
Linear,Same class,9.730786105139066
Linear,Same class,1.3783648174353398
Linear,Different class,4.942814848809591
Linear,Different class,7.85691210315535
Linear,Different class,-16.847948512656533
Linear,Same class,-7.092527140258821
Linear,Same class,-1.407140080554664
Linear,Different class,-8.81721863929127
Linear,Same class,4.2468978885001425
Linear,Same class,4.588755312453638
Linear,Different class,-9.933787801967544
Linear,Same class,4.939728799426864
Linear,Different class,1.7779347648007089
Linear,Same class,-6.446169293456032
Linear,Different class,-3.864894074683348
Linear,Same class,5.221952798927377
Linear,Same class,-4.8607029478382895
Linear,Same class,-4.937631341058078
Linear,Same class,5.802651058677889
Linear,Same class,-5.3058748681964065
Linear,Same class,2.2785407332873415
Linear,Same class,-9.434748995762893
Linear,Same class,-8.793079010741986
Linear,Different class,-1.2422345772941692
Linear,Different class,-0.5282673184184834
Linear,Same class,-2.766989465823186
Linear,Different class,-0.09903257962118527
Linear,Different class,2.7767781721150797
Linear,Same class,1.2652868388047245
Linear,Same class,-9.31151044577109
Linear,Same class,-1.8304667049480423
Linear,Same class,-3.3902993185096078
Linear,Same class,6.270902098334184
Linear,Different class,-6.383257371589643
Linear,Different class,0.31474433324537454
Linear,Different class,-2.5298266754112486
Linear,Different class,6.073756672010118
Linear,Different class,3.7814110054649617
Linear,Different class,4.770143263554032
Linear,Same class,8.847470844015529
Linear,Same class,-10.167699482901666
Linear,Same class,0.31702848665587663
Linear,Different class,0.5385402372002646
Linear,Different class,6.255313229141816
Linear,Different class,4.857880781050473
Linear,Same class,-6.632486421222611
Linear,Different class,3.070937015129115
Linear,Same class,-0.9451074473437108
Linear,Same class,15.29305242922439
Linear,Same class,5.1307603993059105
Linear,Different class,0.4100584261676618
Linear,Same class,-0.27234609905104346
Linear,Same class,1.5567784477777675
Linear,Different class,-0.70201566018636
Linear,Different class,8.505260355629188
Linear,Different class,-3.735986766420943
Linear,Same class,-8.545883698280019
Linear,Different class,2.0266674626449888
Linear,Same class,-5.0146670437154555
Linear,Same class,1.4413527203790701
Linear,Same class,-2.1378158752100562
Linear,Different class,-2.0130700422075765
Linear,Different class,2.6783310053186256
Linear,Different class,-5.647294328439253
Linear,Same class,3.3830438422319236
Linear,Same class,-2.8692803448652535
Linear,Different class,0.7529493235937712
Linear,Different class,5.682813800728921
Linear,Same class,-1.695829494518772
Linear,Different class,-13.467838816619553
Linear,Different class,5.464562155568787
Linear,Different class,-0.6185605706114622
Linear,Same class,-0.5253727900081883
Linear,Same class,-10.073299650421982
Linear,Same class,-6.122606199294583
Linear,Different class,-0.6070670813963756
Linear,Different class,1.5633802983561067
Linear,Same class,-10.100948393703204
Linear,Same class,-0.5357647167034498
Linear,Different class,10.171711895735628
Linear,Different class,7.266856978306682
Linear,Different class,-9.254567561758074
Linear,Different class,-6.336543749011959
Linear,Different class,-2.534204070879456
Linear,Different class,-8.804307156891841
Linear,Different class,-8.837831788851021
Linear,Same class,27.84734286503287
Linear,Same class,-4.756856900326844
Linear,Different class,-0.3001915018099075
Linear,Different class,-3.7777357106813776
Linear,Same class,-6.780010114238725
Linear,Same class,5.948248207188917
Linear,Different class,-6.701576505952769
Linear,Different class,0.607931160319702
Linear,Same class,0.9679194713430618
Linear,Different class,-0.4341514576114802
Linear,Different class,5.93969025660574
Linear,Different class,-7.4381751043414095
Linear,Different class,5.547703658985445
Linear,Different class,-0.3908793870365651
Linear,Same class,9.585682514858773
Linear,Different class,0.8544341378735938
Linear,Different class,3.279796820090032
Linear,Same class,-1.1785037339188504
Linear,Same class,-14.53253836028747
Linear,Same class,-0.5033631260439567
Linear,Different class,-2.653285053461709
Linear,Different class,-3.968996906462659
Linear,Same class,-10.600521629021049
Linear,Same class,1.886001978040735
Linear,Same class,3.5151330818644264
Linear,Different class,5.087811110834893
Linear,Different class,-2.3243463588587887
Linear,Same class,-14.918076822138868
Linear,Different class,9.111081657764265
Linear,Different class,12.328140487275128
Linear,Same class,-1.0724608287582955
Linear,Different class,-5.162164791312772
Linear,Different class,4.57501564515448
Linear,Same class,10.62706474044649
Linear,Same class,-0.9692961975227524
Linear,Different class,1.292456106249051
Linear,Same class,-2.0220763441751295
Linear,Different class,-5.2895183421791865
Linear,Different class,-3.501338918271582
Linear,Same class,-5.60652689757388
Linear,Different class,1.1890647033218842
Linear,Different class,2.279793137893318
Linear,Same class,-26.69885712134915
Linear,Different class,-12.085358240554477
Linear,Same class,4.517806387921877
Linear,Different class,10.498946989790532
Linear,Different class,2.7654351372173296
Linear,Same class,2.4603538974918315
Linear,Same class,3.209521815523437
Linear,Different class,-3.401991808023664
Linear,Different class,-11.259203937218512
Linear,Same class,9.752313293741864
Linear,Same class,5.574851102650859
Linear,Different class,-7.4186888710436465
Linear,Same class,-3.6360260818711416
Linear,Same class,3.5360385259918745
Linear,Different class,-10.906503237884749
Linear,Same class,-2.810507200803056
Linear,Same class,5.369555618994206
Linear,Different class,3.1184110901218594
Linear,Different class,-4.000659358285472
Linear,Same class,2.2458937964824797
Linear,Same class,-3.4529870780555654
Linear,Same class,3.0780920601047668
Linear,Same class,-13.385376201109745
Linear,Same class,-0.730844404337398
Linear,Same class,6.318145402967006
Linear,Different class,1.30175875099523
Linear,Same class,-5.663983876861209
Linear,Different class,-15.071282627546195
Linear,Same class,-2.379433146213263
Linear,Different class,-0.14764787711267516
Linear,Different class,-13.799023446645114
Linear,Different class,-3.6662323501527587
Linear,Same class,-11.40735748463606
Linear,Same class,-1.931665933880843
Linear,Different class,0.27363249454946725
Linear,Same class,1.3944283596956213
Linear,Different class,-5.519659458467308
Linear,Different class,7.193651267103068
Linear,Different class,8.753455251993207
Linear,Same class,-7.305518171344562
Linear,Different class,8.672495841068773
Linear,Different class,-6.1993799243775864
Linear,Different class,-7.476316306916479
Linear,Same class,0.955487964332143
Linear,Same class,10.400848017329931
Linear,Different class,3.342494675174069
Linear,Different class,-6.599203673352122
Linear,Same class,-3.1764034031438237
Linear,Same class,-8.918793183171472
Linear,Different class,-2.8105542342417658
Linear,Same class,-3.3132542918944767
Linear,Same class,1.3188153358034456
Linear,Different class,4.477412336385913
Linear,Same class,17.424619695175775
Linear,Different class,-8.449224478931752
Linear,Different class,1.3735277727491644
Linear,Different class,-1.2039573397586472
Linear,Same class,5.817416087809432
Linear,Different class,-7.607500148446888
Linear,Same class,-1.0547285796400734
Linear,Different class,2.778584900319106
Linear,Same class,-1.4283988977312672
Linear,Different class,-0.7302747761789007
Linear,Same class,-6.633088934358052
Linear,Different class,7.247364519875853
Linear,Different class,-4.77159694810051
Linear,Different class,1.9256758034460615
Linear,Same class,5.289203244465056
Linear,Same class,-5.321298714468552
Linear,Same class,-1.84483573894393
Linear,Different class,-4.202684431143374
Linear,Different class,4.848210371740124
Linear,Same class,2.9941374920499277
Linear,Different class,3.670243859135398
Linear,Same class,5.087481287020913
Linear,Different class,-9.738189549971596
Linear,Different class,6.120850385957729
Linear,Different class,4.703745722322281
Linear,Same class,5.979311680732549
Linear,Different class,-8.98981891984235
Linear,Different class,0.9731925223484235
Linear,Same class,4.258067210808783
Linear,Same class,-4.065611726661604
Linear,Same class,1.3818841937654984
Linear,Same class,5.260972179386843
Linear,Different class,-6.2315516280823315
Linear,Same class,27.215346856055863
Linear,Different class,-4.184077595644854
Linear,Same class,0.5398692383912989
Linear,Same class,15.311702191435202
Linear,Same class,3.6713390717402214
Linear,Different class,-11.643331961947796
Linear,Different class,-1.3526314736984488
Linear,Different class,-1.3773359075232832
Linear,Same class,-8.045372917475456
Linear,Same class,1.480008822029908
Linear,Same class,0.9724226534989062
Linear,Different class,-2.8355263611805355
Linear,Same class,-8.20557784687583
Linear,Different class,-2.2663771067901433
Linear,Different class,-7.573666822611745
Linear,Different class,24.995326595593152
Linear,Same class,6.237736273256471
Linear,Same class,-0.09481729221500067
Linear,Same class,-9.227604451812558
Linear,Same class,1.8222543329573537
Linear,Same class,2.729984910968425
Linear,Same class,2.5880652203639323
Linear,Different class,-2.3644141729239663
Linear,Different class,1.017732601732295
Linear,Different class,-7.305852991273296
Linear,Same class,-3.437012169178193
Linear,Same class,-2.8425831843820384
Linear,Different class,-1.1950176666441041
Linear,Same class,3.6870334774876907
Linear,Different class,-10.632597453602923
Linear,Same class,4.353811839612829
Linear,Different class,6.954738626703997
Linear,Same class,-4.524960179957199
Linear,Different class,-11.401355691691512
Linear,Same class,2.967179847083113
Linear,Different class,1.047527574854511
Linear,Same class,7.111467323154635
Linear,Same class,-7.0166896167640775
Linear,Different class,-3.780033865216204
Linear,Different class,-4.0259715185360285
Linear,Same class,-0.9863569053793392
Linear,Different class,0.32396750017519604
Linear,Different class,2.4288307823597126
Linear,Different class,-2.47049733700535
Linear,Same class,-7.131763158161671
Linear,Different class,-13.532691482413178
Linear,Same class,1.8937325341151536
Linear,Different class,-3.3271774902586024
Linear,Different class,-6.554460259892242
Linear,Same class,-20.229320057959672
Linear,Different class,-2.5190661821963736
Linear,Same class,-0.531969579047033
Linear,Different class,4.594976655307464
Linear,Different class,-9.488606486221025
Linear,Same class,2.8620064964816585
Linear,Same class,9.7523943335926
Linear,Different class,8.093668072219296
Linear,Different class,-9.38466601160448
Linear,Different class,-3.455794301411038
Linear,Same class,-1.6309677303955248
Linear,Different class,4.621799033759298
Linear,Different class,-3.1317841960797295
Linear,Different class,-0.8363582817072646
Linear,Same class,13.61470175157254
Linear,Same class,-1.4563355839013175
Linear,Same class,2.307699769356814
Linear,Same class,1.0908023524444517
Linear,Different class,-7.04669600468783
Linear,Different class,-0.5843212927214695
Linear,Same class,-2.3760843349210643
Linear,Different class,-9.313061927151567
Linear,Different class,7.862542051606352
Linear,Different class,4.95336287567669
Linear,Different class,-4.596173043617224
Linear,Different class,1.1926950025484122
Linear,Same class,1.9121290710817773
Linear,Same class,-1.8317907312602082
Linear,Different class,-6.934763023408294
Linear,Same class,-9.468907865728328
Linear,Different class,-0.6582974511223089
Linear,Different class,1.9941448908902508
Linear,Different class,9.703085691268475
Linear,Same class,-10.746490011062027
Linear,Same class,3.061171395609682
Linear,Same class,-1.8594037863303472
Linear,Same class,0.7529645052959812
Linear,Different class,30.350969363021672
Linear,Same class,7.716895919474983
Linear,Same class,2.574030142707478
Linear,Same class,-5.493068995612459
Linear,Same class,36.31722093385685
Linear,Same class,-3.859203225648122
Linear,Different class,7.004572614685058
Linear,Different class,-11.275295892414762
Linear,Same class,-9.70567560986324
Linear,Same class,-4.840902178524504
Linear,Same class,-6.107316625968988
Linear,Different class,-7.949005670205775
Linear,Same class,5.368599159916893
Linear,Same class,1.42876393097749
Linear,Same class,-4.780369451125195
Linear,Same class,0.09170706730902908
Linear,Same class,0.07895660557806713
Linear,Different class,-0.8907171077936854
Linear,Different class,-3.383567148228705
Linear,Different class,-1.0687785615690562
Linear,Same class,1.962759657086277
Linear,Same class,10.511482803386508
Linear,Same class,-5.586807457519737
Linear,Different class,-7.668458189593554
Linear,Same class,-7.61619394414286
Linear,Same class,1.3455229456562297
Linear,Same class,2.155773886677208
Linear,Same class,-2.191894278245898
Linear,Same class,4.323610346267618
Linear,Different class,7.667826202379106
Linear,Different class,-2.4360124429473555
Linear,Different class,5.870636284589586
Linear,Different class,5.874832296571696
Linear,Same class,-3.2268160685783442
Linear,Same class,2.532066991870814
Linear,Same class,-8.919263950044687
Linear,Same class,1.103406798554884
Linear,Same class,-7.3774597487685805
Linear,Same class,-2.4661579490693533
Linear,Different class,3.512861742685209
Linear,Same class,-0.34890718561144496
Linear,Same class,-3.3444360723317343
Linear,Different class,-1.8812730836260343
Linear,Same class,1.0729111647290788
Linear,Different class,1.2735567296434567
Linear,Different class,1.4265006591622413
Linear,Same class,7.70275953075925
Linear,Same class,-2.0894442737418997
Linear,Same class,3.983265635079208
Linear,Same class,-1.0618811399228774
Linear,Same class,-1.4102620805063093
Linear,Same class,3.1080515347902904
Linear,Different class,5.688351539157844
Linear,Same class,-13.135251432974611
Linear,Same class,5.873286392769437
Linear,Different class,-15.93146892069429
Linear,Different class,-0.6961446473855449
Linear,Different class,-3.208416422327135
Linear,Same class,0.7543167539254587
Linear,Different class,-5.971136933680198
Linear,Different class,1.8850529428478886
Linear,Different class,0.5273256088422853
Linear,Same class,6.860986376892628
Linear,Different class,1.2597995604514673
Linear,Different class,-5.800141307091143
Linear,Same class,-5.275848204517343
Linear,Same class,-5.174187311976225
Linear,Different class,-8.491661528963263
Linear,Same class,1.4763102275155653
Linear,Different class,10.922463852903727
Linear,Different class,0.1422420229038113
Linear,Same class,-6.9728875983734655
Linear,Different class,-6.354227858173098
Linear,Same class,-3.5699513773314764
Linear,Same class,-1.7473077177023368
Linear,Same class,-1.6397190303172127
Linear,Different class,-2.385300720526336
Linear,Same class,2.333074874193784
Linear,Same class,-2.882150434569767
Linear,Same class,0.7926714714211879
Linear,Same class,-5.289508336150313
Linear,Same class,-1.778787897263617
Linear,Same class,6.651090242847727
Linear,Different class,12.46165917580923
Linear,Different class,5.751226959620309
Linear,Same class,8.552407019414789
Linear,Same class,2.4599244265223517
Linear,Same class,-2.323245346188799
Linear,Same class,-5.255655983793496
Linear,Same class,-4.940216590319574
Linear,Same class,-1.5536513806440264
Linear,Same class,2.8746411540816705
Linear,Different class,-9.66674175760911
Linear,Same class,1.6339241725993225
Linear,Different class,-1.485749970827113
Linear,Different class,-0.9920752584750552
Linear,Same class,-2.8746474834213105
Linear,Different class,-0.30373653443869725
Linear,Same class,-6.107569433973331
Linear,Different class,-15.331989038137388
Linear,Different class,-3.4651973877074886
Linear,Same class,-0.17543448532773923
Linear,Different class,6.59337475618984
Linear,Different class,-1.2419290489320873
Linear,Different class,2.8670965634025105
Linear,Different class,-1.4092712242472425
Linear,Different class,0.7482246062412208
Linear,Different class,-14.779002623880167
Linear,Same class,12.264990170840438
Linear,Same class,7.037980731385504
Linear,Different class,-2.6195524296843073
Linear,Same class,-1.7004220296677575
Linear,Different class,2.285569063723797
Linear,Different class,-6.28581876719402
Linear,Same class,-7.121387258439618
Linear,Different class,-7.466888406809882
Linear,Same class,9.885413047865399
Linear,Same class,19.217753368062215
Linear,Same class,10.210545148053942
Linear,Different class,-4.738956074728247
Linear,Same class,-0.4643299337942234
Linear,Different class,-1.7585256307233526
Linear,Same class,-0.15620582810508302
Linear,Different class,-1.2294404225911415
Linear,Different class,1.4419305064244115
Linear,Same class,7.823047084330844
Linear,Different class,-2.3770820180236676
Linear,Different class,8.481490366110904
Linear,Different class,-4.632207556515888
Linear,Different class,6.966571975080997
Linear,Different class,1.401900329418648
Linear,Same class,23.051490866791067
Linear,Same class,-6.8885808539369116
Linear,Different class,-0.2502386542387127
Linear,Same class,3.1040682722592035
Linear,Different class,-20.316177703688094
Linear,Different class,1.375882477892544
Linear,Different class,-6.412877034199342
Linear,Different class,-11.63280049540631
Linear,Different class,2.9008308600619057
Linear,Different class,-0.48267899511337997
Linear,Different class,0.2322067567787209
Linear,Same class,-5.107710163807541
Linear,Different class,-7.446105953922216
Linear,Same class,12.101793621444573
Linear,Same class,-0.7685287923898143
Linear,Same class,3.6449527061094
Linear,Same class,-16.104428512934813
Linear,Same class,18.026378202208114
Linear,Different class,5.585174122506205
Linear,Different class,-2.0364589298760265
Linear,Different class,-10.908852057627515
Linear,Different class,5.483555761262731
Linear,Different class,-14.481417244966
Linear,Different class,-11.523273752826327
Linear,Same class,-4.021989934835014
Linear,Different class,2.432845660883202
Linear,Different class,3.3480799775800025
Linear,Different class,-3.1390427651659016
Linear,Different class,-10.021242304390594
Linear,Same class,1.4154638823604995
Linear,Different class,-10.441019057539734
Linear,Different class,-2.328982944765874
Linear,Different class,-1.3159910394290562
Linear,Same class,1.3655584064151063
Linear,Different class,8.13952171939669
Linear,Same class,3.9591906882754158
Linear,Different class,-3.940138556593933
Linear,Different class,-5.9550832532395805
Linear,Same class,0.7712611470065779
Linear,Different class,3.0864822613704104
Linear,Same class,5.092403774246186
Linear,Same class,5.103467693776835
Linear,Same class,3.277493782528706
Linear,Same class,-10.617804948423853
Linear,Same class,5.822895081061132
Linear,Different class,-0.05667177821257699
Linear,Different class,-1.0935572671871598
Linear,Different class,1.3951086417177065
Linear,Different class,0.7523939109461176
Linear,Different class,8.458992624230385
Linear,Same class,-6.083098910331424
Linear,Same class,-6.011337777458208
Linear,Different class,-1.1203639117951527
Linear,Same class,6.950068955657548
Linear,Same class,-15.128011840232839
Linear,Different class,-10.420322240422703
Linear,Different class,6.315629344486795
Linear,Same class,2.1498887431206763
Linear,Same class,4.810319746661785
Linear,Same class,10.861135374816236
Linear,Different class,6.146267389992731
Linear,Same class,-2.1443992649817387
Linear,Different class,2.341338127711839
Linear,Same class,-7.976457279547958
Linear,Same class,1.493486189864232
Linear,Same class,-6.840176401358974
Linear,Different class,-14.972146862212416
Linear,Same class,42.23289894978118
Linear,Same class,-8.140594420525769
Linear,Different class,-0.23154132002341044
Linear,Different class,2.0366218149670092
Linear,Same class,-2.815774584785501
Linear,Different class,-8.961667669625497
Linear,Different class,3.4023925104948125
Linear,Same class,-13.671187700220969
Linear,Different class,2.167171291484241
Linear,Same class,4.05423787870555
Linear,Different class,-17.624695642675707
Linear,Different class,8.222906365038908
Linear,Different class,-1.1748681565694372
Linear,Same class,2.679787189835591
Linear,Different class,-1.2112470278894036
Linear,Same class,-3.4846177101731644
Linear,Same class,0.2930168678568676
Linear,Same class,-5.167851097349073
Linear,Same class,-5.2726739626155394
Linear,Same class,8.870301097426017
Linear,Different class,-6.091836194217105
Linear,Different class,8.766097503720149
Linear,Different class,1.238597602930045
Linear,Different class,-3.7556105844019902
Linear,Different class,-4.588684955136037
Linear,Same class,-8.623824620060386
Linear,Same class,3.9629742870702054
Linear,Same class,7.599849317908792
Linear,Same class,-6.607694490899322
Linear,Same class,-0.70719387052578
Linear,Different class,-3.6484965576305157
Linear,Same class,11.26285913164592
Linear,Same class,-0.1764369988306547
Linear,Same class,9.149481737903404
Linear,Different class,7.429124542867305
Linear,Same class,2.4451545549296787
Linear,Same class,-0.37990383038609676
Linear,Different class,0.6920028277397613
Linear,Same class,1.7374191769276475
Linear,Different class,-9.193083249146186
Linear,Same class,4.935261162734386
Linear,Different class,8.5317420310398
Linear,Same class,2.826573739118081
Linear,Same class,0.9448846304698605
Linear,Same class,-2.648475748914414
Linear,Different class,1.8141119990866457
Linear,Same class,-7.180290118030155
Linear,Different class,4.96187551485468
Linear,Same class,-5.254964469168182
Linear,Different class,-2.622774083059395
Linear,Different class,-7.891782252546627
Linear,Same class,8.282982303019123
Linear,Different class,-3.82882148155371
Linear,Same class,2.9779388806666454
Linear,Same class,1.1460993226754204
Linear,Different class,-5.45117878376372
Linear,Different class,-1.5850241815834614
Linear,Same class,7.376901600697415
Linear,Different class,-13.067334221885188
Linear,Different class,12.023267319300306
Linear,Different class,5.482307346861874
Linear,Different class,6.953132593323404
Linear,Different class,-0.5294656136498265
Linear,Same class,3.3712487611936712
Linear,Different class,3.0002108875189846
Linear,Different class,-3.4837920737426518
Linear,Different class,-1.2221759820163063
Linear,Same class,1.9036576880748208
Linear,Different class,1.1506674775350285
Linear,Same class,-2.7087272648517033
Linear,Same class,-11.87341882663702
Linear,Different class,-8.802692994095683
Linear,Different class,-3.05926065391492
Linear,Same class,-3.5360522574075657
Linear,Same class,2.3836583895852748
Linear,Same class,-1.6432625139017296
Linear,Same class,-20.01328865928107
Linear,Different class,4.573283961211977
Linear,Same class,-12.820174311581964
Linear,Same class,11.048357072009496
Linear,Same class,1.762893279245544
Linear,Different class,-7.625703009551276
Linear,Same class,4.880128782229359
Linear,Different class,-1.0104695473084973
Linear,Same class,-1.3662983472159804
Linear,Same class,-10.574214828252073
Linear,Same class,21.31688324629243
Linear,Different class,-12.829904051641872
Linear,Different class,-3.2320310808000423
Linear,Same class,2.9705772027586046
Linear,Different class,-11.940628049932029
Linear,Same class,2.516312940637265
Linear,Different class,7.063065234699143
Linear,Same class,-11.347494341932423
Linear,Same class,23.59871220771149
Linear,Same class,1.8628347621285257
Linear,Same class,-3.173109555040245
Linear,Different class,-9.37661447291445
Linear,Different class,3.4312157296669032
Linear,Same class,2.481736214189463
Linear,Different class,2.567962137473211
Linear,Same class,-0.8755978547378732
Linear,Different class,-19.66253165319733
Linear,Different class,12.811198945368181
Linear,Same class,8.782849893480812
Linear,Different class,-12.915188214228078
Linear,Different class,-3.2667890858867237
Linear,Different class,2.604402425164274
Linear,Same class,-0.49950647245302016
Linear,Same class,0.7015289544840908
Linear,Same class,-10.84409440755795
Linear,Different class,-0.6441900233606838
Linear,Different class,-7.652219108915231
Linear,Same class,-2.8006582507909945
Linear,Same class,-2.713599738378464
Linear,Different class,3.626197679929742
Linear,Same class,-1.9848295867765204
Linear,Different class,-5.184987197131829
Linear,Same class,-16.816421700231363
Linear,Different class,-2.4729567366345804
Linear,Different class,-1.2450860255210732
Linear,Same class,-3.4239236319569826
Linear,Same class,4.294825942432045
Linear,Different class,9.08717781013606
Linear,Different class,6.642281930958709
Linear,Different class,-3.2539905298880343
Linear,Same class,10.781311729998594
Linear,Different class,-0.5809808456956672
Linear,Different class,-5.516195470162297
Linear,Same class,-2.6055787551135947
Linear,Different class,-6.9658133809854075
Linear,Different class,4.639059733030823
Linear,Different class,0.7935563525157596
Linear,Same class,16.000167153109167
Linear,Different class,3.26141293407855
Linear,Same class,-0.9893451940213772
Linear,Different class,4.491778367910439
Linear,Different class,-0.20153618207516702
Linear,Same class,16.104746156375974
Linear,Same class,-3.847077238622111
Linear,Same class,3.849847462861983
Linear,Different class,-5.70296000045036
Linear,Different class,4.196576158769528
Linear,Different class,8.678243990172126
Linear,Different class,-0.24590009905618973
Linear,Same class,2.4212562946488503
Linear,Same class,1.3812200756530684
Linear,Same class,-6.439555483631446
Linear,Different class,-12.273397805916918
Linear,Same class,8.036883253237137
Linear,Different class,9.709862958773128
Linear,Same class,10.602453380440487
Linear,Different class,2.3442428657730723
Linear,Different class,4.246499188896307
Linear,Same class,7.659010677954234
Linear,Different class,-1.7647345393578242
Linear,Same class,-3.2342597074104478
Linear,Different class,-4.940239151441479
Linear,Same class,-7.259792456193821
Linear,Same class,-4.976726785465084
Linear,Different class,-11.6525054661866
Linear,Same class,1.6883103310040728
Linear,Different class,-2.9715257060328115
Linear,Same class,2.6095790064246054
Linear,Different class,-5.958157151245225
Linear,Same class,4.032137157219679
Linear,Same class,-4.607128669850096
Linear,Different class,1.7323126924473529
Linear,Different class,7.523017877018586
Linear,Different class,22.28552373182835
Linear,Same class,6.095543190332406
Linear,Same class,-2.4238156021408126
Linear,Different class,-11.29076823095214
Linear,Different class,0.6144072442998074
Linear,Different class,4.03265055906518
Linear,Same class,-1.5405605593286227
Linear,Different class,-15.837525861763456
Linear,Different class,-0.17390944497328356
Linear,Same class,1.8434088082824953
Linear,Different class,7.071518234256201
Linear,Same class,-0.6251238496266025
Linear,Same class,1.1699287507451583
Linear,Different class,6.106575676380851
Linear,Same class,-3.2150076822002114
Linear,Different class,1.3188760764131187
Linear,Same class,8.8792077705871
Linear,Different class,0.12316659052931579
Linear,Different class,6.648669560681206
Linear,Same class,2.0935089232457202
Linear,Same class,16.781970218313464
Linear,Same class,-0.6219617563454133
Linear,Different class,17.15919348404728
Linear,Different class,-5.961815099565348
Linear,Same class,13.849196863941756
Linear,Different class,5.652460950925562
Linear,Different class,9.148589452788144
Linear,Different class,-1.4882278041587425
Linear,Different class,-3.6319264799383895
Linear,Same class,-10.45322482612758
Linear,Different class,-3.3966535622304384
Linear,Same class,0.08823749123337722
Linear,Different class,5.287084138282406
Linear,Different class,-5.473701534007103
Linear,Different class,2.170284915987933
Linear,Same class,6.876194052368629
Linear,Same class,4.927194050239561
Linear,Same class,18.980945373678388
Linear,Same class,5.384905726285215
Linear,Same class,0.2097135788135549
Linear,Same class,-5.325928143257833
Linear,Different class,1.3779326562626186
Linear,Different class,-5.227168863721555
Linear,Different class,1.4035204169195075
Linear,Same class,0.6809337276062459
Linear,Same class,-11.680137854699352
Linear,Different class,2.427539102654676
Linear,Same class,0.9985354983061383
Linear,Same class,-0.9448777121398242
Linear,Same class,0.23369693191492136
Linear,Same class,0.771440596688785
Linear,Same class,2.333523924885777
Linear,Different class,0.4939667132064325
Linear,Same class,8.573804850491275
Linear,Different class,2.404246819460336
Linear,Different class,-7.86492334798384
Linear,Same class,-5.087864879341652
Linear,Same class,10.48943828309923
Linear,Different class,-11.779201457085101
Linear,Different class,11.206895054660658
Linear,Different class,5.098379182386776
Linear,Same class,-2.164096960322187
Linear,Different class,14.397808773691416
Linear,Different class,-4.681584674100261
Linear,Same class,29.17062143432911
Linear,Different class,-5.369602902351919
Linear,Different class,-3.7028351695900237
Linear,Same class,-11.502406556628092
Linear,Same class,6.92824325229273
Linear,Different class,2.413038085120239
Linear,Different class,-9.598130908087883
Linear,Same class,5.534792582503348
Linear,Same class,-3.4431021786865403
Linear,Different class,-1.9642663785870638
Linear,Same class,2.27423342085496
Linear,Same class,-4.819295197435714
Linear,Different class,8.148054929057434
Linear,Different class,-1.0184157726341383
Linear,Same class,-6.5907262151404025
Linear,Same class,-2.45005163471238
Linear,Different class,-10.829022139007712
Linear,Different class,-3.2683897596646014
Linear,Same class,-2.962057559166172
Linear,Same class,4.52920803453956
Linear,Different class,-0.9260522920740077
Linear,Same class,-3.063596243190767
Linear,Different class,23.596596293561504
Linear,Same class,8.654283084588902
Linear,Same class,0.7846519036376317
Linear,Same class,-3.4577123340150813
Linear,Same class,-7.229231742986765
Linear,Same class,3.8288621100636258
Linear,Same class,9.27091988870064
Linear,Different class,-8.24257847011399
Linear,Different class,-4.857775693658473
Linear,Same class,-3.514692413707425
Linear,Same class,19.03541991179655
Linear,Different class,2.6026399532678477
Linear,Different class,-1.5235690228445984
Linear,Same class,-2.113344167788682
Linear,Same class,2.41507824080027
Linear,Different class,2.8148993392306783
Linear,Different class,5.810864367043708
Linear,Same class,-8.14892036905978
Linear,Same class,11.833344810662702
Linear,Same class,5.438596079103526
Linear,Same class,6.604518815449034
Linear,Same class,14.901305958957513
Linear,Different class,-6.06241025263841
Linear,Different class,12.40711855066488
Linear,Same class,1.8268092726960061
Linear,Same class,12.8365904918248
Linear,Same class,-10.299500186075425
Linear,Same class,-0.9438120254660861
Linear,Same class,-8.49807151280528
Linear,Different class,4.197803355956223
Linear,Different class,5.055543088756829
Linear,Different class,9.652398001928685
Linear,Same class,-1.0938971674305964
Linear,Different class,-4.7041339616656455
Linear,Different class,-2.964493901038841
Linear,Same class,-4.900704337184935
Linear,Different class,-9.001682855192264
Linear,Same class,-4.261815162124429
Linear,Same class,1.6213541587648015
Linear,Different class,5.204864356630516
Linear,Different class,1.05917377849716
Linear,Different class,-1.386053968968294
Linear,Different class,9.940405461912631
Linear,Same class,-3.3597611237117686
Linear,Same class,-9.470684603471828
Linear,Different class,-4.993741719410732
Linear,Same class,0.9527068351172798
Linear,Same class,-1.722090439799652
Linear,Different class,3.052149394836464
Linear,Same class,8.26074244954284
Linear,Different class,-4.09746818055503
Linear,Different class,5.831763624352791
Linear,Different class,-2.435852654273367
Linear,Different class,-3.4177346807121642
Linear,Different class,0.447838543980048
Linear,Same class,0.2643893638119674
Linear,Same class,-16.858420122946523
Linear,Same class,5.498214944726077
Linear,Same class,-1.4777301302954056
Linear,Different class,-16.70295058140337
Linear,Different class,5.637272661724885
Linear,Different class,-6.816673338777775
Linear,Different class,4.847187514649239
Linear,Same class,-5.503805897755902
Linear,Different class,7.462849137425349
Linear,Same class,5.321041545482131
Linear,Different class,6.387875949434183
Linear,Different class,1.7238386300340562
Linear,Same class,-0.4612506789071157
Linear,Different class,-7.316983388481908
Linear,Different class,-9.151333138947665
Linear,Same class,1.628946670880251
Linear,Same class,-0.14956709034548935
Linear,Different class,-1.1290181437684814
Linear,Different class,-8.573406478164108
Linear,Same class,1.061232440659466
Linear,Different class,-1.2245724884008058
Linear,Different class,-8.829632359423483
Linear,Same class,9.032077041229012
Linear,Different class,-6.8056492323469815
Linear,Same class,8.710937525401903
Linear,Same class,9.432149712914482
Linear,Different class,0.9528748422525732
Linear,Different class,27.647648322667624
Linear,Different class,4.401975592876827
Linear,Same class,-13.612147488710182
Linear,Same class,-0.28630660357018245
Linear,Different class,9.535874874992722
Linear,Different class,1.9943639931786838
Linear,Same class,-31.15865164932006
Linear,Different class,-9.085071377542624
Linear,Same class,-4.029464712806443
Linear,Same class,0.14236293147660353
Linear,Same class,1.4079597751482111
Linear,Same class,5.909072193184763
Linear,Different class,-6.789153967989851
Linear,Same class,4.8459879942616935
Linear,Different class,4.028974681876765
Linear,Different class,-15.070558977793882
Linear,Different class,2.661420675510851
Linear,Different class,3.0968809492162293
Linear,Different class,7.1064651111364885
Linear,Same class,1.6620368613636791
Linear,Same class,9.955849929073418
Linear,Different class,6.775722556064859
Linear,Same class,-0.4028794323345969
Linear,Different class,-5.64152817621107
Linear,Same class,1.9829529331708886
Linear,Same class,-9.300474317576487
Linear,Different class,2.164680497343925
Linear,Same class,-3.5643022306763688
Linear,Same class,0.024430044982255435
Linear,Same class,-11.002938206538342
Linear,Different class,-1.1685228963959353
Linear,Different class,8.026952439696574
Linear,Different class,-2.4082139566206195
Linear,Same class,5.299902123937288
Linear,Same class,-5.088620465700686
Linear,Same class,-13.530309323743895
Linear,Same class,-1.2043072963502761
Linear,Different class,0.0628645664825458
Linear,Same class,5.428999823043816
Linear,Different class,-1.9011031006331427
Linear,Same class,-13.520499668595647
Linear,Same class,4.586947755322232
Linear,Same class,-8.958540412932877
Linear,Different class,7.261119534890559
Linear,Different class,2.1558740152439775
Linear,Same class,-1.237248598341143
Linear,Different class,-1.7196490191367912
Linear,Same class,-3.0200351275809174
Linear,Different class,-22.91472331409625
Linear,Different class,1.8825494675252183
Linear,Different class,-7.896141436835025
Linear,Different class,6.877908876558138
Linear,Same class,7.26311662018963
Linear,Different class,-0.970802200476519
Linear,Same class,-14.350002535710107
Linear,Same class,18.742068116597956
Linear,Same class,3.2473523018858215
Linear,Different class,6.526654544179055
Linear,Different class,4.287829136706967
Linear,Same class,6.888244061381933
Linear,Same class,-13.506779763340472
Linear,Same class,-1.919398976300228
Linear,Different class,3.4192044410348013
Linear,Different class,6.721482089586617
Linear,Different class,3.464371309145252
Linear,Different class,2.566249576650356
Linear,Different class,-4.74165901883633
Linear,Same class,-4.918088545851778
Linear,Different class,5.285037252263913
Linear,Same class,0.7999946547587211
Linear,Same class,5.315638041468508
Linear,Same class,-10.369427698617853
Linear,Different class,2.3376946120486446
Linear,Different class,2.8741848825179224
Linear,Same class,-8.198603010756882
Linear,Same class,-17.53101309973731
Linear,Same class,1.1546000622377441
Linear,Different class,5.687451017714139
Linear,Different class,2.0148038010394735
Linear,Different class,3.152889868656433
Linear,Same class,-1.0854492773534898
Linear,Same class,8.942130220923357
Linear,Different class,-10.429292820372037
Linear,Same class,2.948124205398508
Linear,Different class,1.9271428893704654
Linear,Different class,7.895464534941983
Linear,Same class,3.2338624686736916
Linear,Same class,-9.320926113859866
Linear,Different class,-6.614670689922334
Linear,Same class,-0.5359993273982668
Linear,Different class,-0.4008321139681832
Linear,Same class,0.7869599318040555
Linear,Different class,-0.5545996814367368
Linear,Same class,-3.5124761909616864
Linear,Same class,9.922160591122736
Linear,Same class,0.49574510116556403
Linear,Same class,-10.716296903713978
Linear,Same class,4.461768216914819
Linear,Different class,-2.4780285259068324
Linear,Different class,3.45349239491233
Linear,Different class,-10.559227167526668
Linear,Same class,-11.777335578602822
Linear,Same class,1.209941025725558
Linear,Different class,-11.8924777002832
Linear,Same class,5.003556954669658
Linear,Same class,3.596666207269855
Linear,Different class,-5.703682053557995
Linear,Different class,-2.89891671544499
Linear,Same class,3.0049045618970087
Linear,Different class,7.021514915070135
Linear,Different class,1.7173565195611067
Linear,Different class,3.388753368924485
Linear,Same class,5.170800158688709
Linear,Same class,-5.762150221309827
Linear,Different class,-20.497986846275417
Linear,Same class,7.8659173945691965
Linear,Different class,-10.130308824982947
Linear,Different class,14.990091054550922
Linear,Same class,-6.676613272101909
Linear,Same class,3.363423362591445
Linear,Same class,-3.771630502281858
Linear,Same class,4.722404177068743
Linear,Same class,-5.889348599351705
Linear,Same class,2.2533298395763355
Linear,Same class,10.853592331580868
Linear,Different class,8.359649107211673
Linear,Different class,0.7328576451332771
Linear,Same class,9.18524854416191
Linear,Same class,1.1974565207681633
Linear,Same class,-3.0452662856339714
Linear,Different class,6.009407306356427
Linear,Same class,-8.323604218881288
Linear,Different class,-1.7281435692276386
Linear,Different class,-6.8066910003529815
Linear,Different class,3.297839020063899
Linear,Same class,7.580897103020777
Linear,Different class,-6.828998137405036
Linear,Different class,0.2136031151623279
Linear,Same class,2.556090801939029
Linear,Different class,7.449429270139108
Linear,Different class,-2.7138367217484736
Linear,Different class,1.3060217662932696
Linear,Same class,3.5832308178978147
Linear,Same class,15.928835516186837
Linear,Different class,-11.43112765419795
Linear,Same class,5.572934608870268
Linear,Different class,9.300307854419712
Linear,Different class,4.179680764162681
Linear,Same class,-7.233420405854365
Linear,Different class,-7.611897510894119
Linear,Different class,6.846152141639402
Linear,Different class,-4.9085075701076395
Linear,Same class,-2.3201438011686615
Linear,Different class,-2.510588110531349
Linear,Same class,-1.373993812754647
Linear,Different class,5.121337582766012
Linear,Different class,0.5240184528512817
Linear,Different class,-20.00882437190653
Linear,Same class,-8.943399782615973
Linear,Different class,-3.2711735655594367
Linear,Same class,1.0834978781124607
Linear,Different class,-0.07085779587291877
Linear,Different class,19.403221227017394
Linear,Same class,3.1282282980775866
Linear,Different class,-0.1701448722174569
Linear,Different class,-17.037557405180493
Linear,Same class,7.094372730641794
Linear,Different class,-4.98114061441735
Linear,Same class,5.06467276832214
Linear,Different class,1.2502730236027615
Linear,Same class,6.089368865281805
Linear,Different class,-15.893041349714608
Linear,Different class,-2.669583561762334
Linear,Same class,-5.862089466438029
Linear,Same class,-3.4124592194568915
Linear,Same class,-6.0500683412432785
Linear,Different class,0.9856849100506813
Linear,Same class,3.853150575124925
Linear,Same class,1.5477215207090953
Linear,Same class,-6.884867351260098
Linear,Same class,-8.787988571962057
Linear,Different class,-4.966728573905899
Linear,Same class,1.5943681726228391
Linear,Same class,-0.6947265590264818
Linear,Same class,-2.9708424482929408
Linear,Same class,-13.481274120626619
Linear,Different class,-9.203535466141643
Linear,Different class,-5.468414239006433
Linear,Same class,0.14148117831297005
Linear,Same class,2.7965677592695863
Linear,Same class,14.637226339342744
Linear,Different class,-3.4371700450543727
Linear,Same class,-10.977466505737905
Linear,Different class,2.3053672638317884
Linear,Different class,-1.286990914850847
Linear,Same class,-0.7994172507304564
Linear,Different class,-7.914562393224469
Linear,Same class,6.919484132588422
Linear,Different class,12.948699830404
Linear,Different class,-9.175515702080293
Linear,Same class,6.476591548085169
Linear,Same class,-1.927899523421451
Linear,Different class,-2.3877911146959425
Linear,Same class,1.6654555423145754
Linear,Different class,3.5873545241487044
Linear,Different class,-13.496913063470052
Linear,Different class,4.902564004614499
Linear,Same class,6.0904641646472015
Linear,Same class,16.63803501341744
Linear,Same class,16.510674341518417
Linear,Different class,-2.9834051769438306
Linear,Different class,13.109495053945325
Linear,Different class,-9.003269290555302
Linear,Same class,1.238805052605182
Linear,Different class,1.9707992724668864
Linear,Same class,-0.19492400275830635
Linear,Same class,1.5736680014516244
Linear,Same class,-12.981954147547034
Linear,Different class,7.322653986370379
Linear,Different class,-16.754920416000616
Linear,Same class,-0.42835352528985005
Linear,Different class,-17.205506809943497
Linear,Different class,-5.460502836292305
Linear,Different class,-2.1639530237883755
Linear,Different class,0.05637445724360987
Linear,Same class,-11.954886361182048
Linear,Different class,-6.081223855020423
Linear,Different class,5.366062812648355
Linear,Different class,-2.481424865989859
Linear,Different class,0.19722404311607508
Linear,Different class,-3.5640007389533013
Linear,Different class,-2.0221961055341797
Linear,Different class,8.578953557385939
Linear,Different class,12.904886617314041
Linear,Different class,0.2940929763703968
Linear,Different class,0.2191286661903471
Linear,Same class,-3.4255720464998336
Linear,Different class,-2.8355427655343215
Linear,Different class,-12.112211886665106
Linear,Same class,-6.461993192184384
Linear,Same class,-2.0977223443076727
Linear,Different class,-7.693123859771219
Linear,Same class,1.439205354622319
Linear,Same class,1.5562715263687152
Linear,Different class,9.941227848393876
Linear,Same class,0.5605523322771606
Linear,Different class,-16.54540886326414
Linear,Same class,-2.261663212867235
Linear,Different class,-7.251478835559016
Linear,Different class,-2.3189888493960105
Linear,Same class,1.7170841407697117
Linear,Different class,1.1124283278741427
Linear,Different class,0.917687388591179
Linear,Same class,-1.5833140115629742
Linear,Same class,4.523427466539311
Linear,Same class,4.457149649344861
Linear,Different class,-4.962629076802386
Linear,Different class,7.106479294499865
Linear,Same class,0.28227264706630856
Linear,Different class,7.949044540106158
Linear,Same class,3.398622142212612
Linear,Same class,-4.801057734592648
Linear,Same class,-6.707642371244717
Linear,Same class,-2.840563175584682
Linear,Same class,2.3544653667223265
Linear,Same class,1.5708566839252385
Linear,Different class,-4.4685735010802405
Linear,Same class,-3.5956992788870736
Linear,Different class,-5.0506925218516345
Linear,Same class,2.0450404512192066
Linear,Same class,1.7827556617320306
Linear,Same class,-1.6505619698609866
Linear,Different class,-0.4347596937358248
Linear,Same class,4.0716573002753975
Linear,Same class,9.59870613951574
Linear,Same class,-0.5654039606378455
Linear,Same class,6.494735014702235
Linear,Different class,4.5423326831107
Linear,Different class,1.9123979806587454
Linear,Same class,4.718165767474433
Linear,Different class,8.06752531709131
Linear,Different class,13.263240335393164
Linear,Different class,-5.470862485215476
Linear,Same class,-2.088783842978479
Linear,Same class,3.470427605808231
Linear,Different class,-0.09992238490375907
Linear,Different class,3.62190780556036
Linear,Different class,-1.3521378245162678
Linear,Same class,7.7926185827897765
Linear,Same class,-13.661603763770604
Linear,Same class,-3.2160751572877344
Linear,Different class,-3.6703058512459443
Linear,Different class,5.7568655239361215
Linear,Different class,2.8376784400946296
Linear,Different class,-1.5460282179773874
Linear,Different class,7.82258572477539
Linear,Same class,-5.167496584834903
Linear,Different class,-3.9757556978158815
Linear,Different class,17.4636633410779
Linear,Same class,-10.391177051063387
Linear,Different class,-2.681159308146253
Linear,Different class,-6.6790109116010905
Linear,Different class,-7.764575542049448
Linear,Same class,-1.040983014179383
Linear,Different class,-3.2895125876140465
Linear,Same class,-2.743853073480116
Linear,Same class,2.175817893019099
Linear,Different class,-4.876130028508937
Linear,Different class,-4.562498199039439
Linear,Same class,-0.7059769893773655
Linear,Same class,-10.34526883846434
Linear,Same class,13.552122673524714
Linear,Same class,7.596320083091942
Linear,Different class,17.884000212736524
Linear,Same class,0.5966026666505229
Linear,Different class,-8.463225313966856
Linear,Different class,12.155035426241867
Linear,Different class,3.683972222298835
Linear,Different class,5.821363241784309
Linear,Different class,0.728353907778631
Linear,Different class,-0.8189740972081233
Linear,Same class,5.421481015912967
Linear,Different class,0.24857502340115936
Linear,Different class,-4.789056982057056
Linear,Same class,4.3573455374153705
Linear,Same class,2.7360422521643164
Linear,Different class,3.081214467699055
Linear,Different class,-7.100480651712428
Linear,Different class,-12.485138541630445
Linear,Same class,10.978486375960516
Linear,Different class,-12.161064879066288
Linear,Different class,-4.707113952743465
Linear,Different class,5.154371680542004
Linear,Different class,-7.546792483554359
Linear,Different class,3.1755464764805876
Linear,Different class,-4.702087924867251
Linear,Different class,-5.832845498356886
Linear,Same class,3.5538881476366537
Linear,Different class,0.342497703445176
Linear,Same class,10.329801688975179
Linear,Same class,3.3951605765096744
Linear,Same class,2.810347974868609
Linear,Same class,-1.1320272325620226
Linear,Same class,-2.3816498503421566
Linear,Same class,2.327745852426646
Linear,Different class,-12.287360818048635
Linear,Same class,-0.906599937928778
Linear,Same class,-5.748234625304646
Linear,Different class,0.47259700682047745
Linear,Different class,-4.982696421003903
Linear,Same class,3.7649044453940013
Linear,Same class,0.28306779117576947
Linear,Same class,3.444557361790613
Linear,Same class,-4.49135332586843
Linear,Different class,0.6938771368780858
Linear,Same class,4.668307338914975
Linear,Same class,-10.314740430017627
Linear,Same class,-3.8666489157098223
Linear,Same class,-13.723234439434686
Linear,Different class,-1.142205124633178
Linear,Same class,8.15626440292212
Linear,Different class,2.7402375038169997
Linear,Same class,-1.73844914567836
Linear,Different class,-10.620305239895009
Linear,Same class,3.0512865179989124
Linear,Same class,6.459573214445824
Linear,Different class,-1.133775097497683
Linear,Different class,10.696754985390246
Linear,Same class,4.828146586955527
Linear,Different class,-2.3187864340887714
Linear,Different class,-9.855085448619276
Linear,Different class,-8.959935696447214
Linear,Different class,-3.4101630541490398
Linear,Same class,6.357643530466014
Linear,Different class,2.9195522983194055
Linear,Same class,7.736041512070776
Linear,Different class,0.5431213940633512
Linear,Different class,-7.1243786336459705
Linear,Same class,4.001795181200439
Linear,Different class,6.801786662798881
Linear,Different class,3.4200340780704703
Linear,Different class,-0.29761021317940195
Linear,Same class,0.43906462422017617
Linear,Same class,2.4941376058249243
Linear,Same class,-9.321276244897362
Linear,Different class,-3.563735134463539
Linear,Same class,-0.5516481538814586
Linear,Different class,2.1178961350821717
Linear,Different class,-15.118379385384396
Linear,Different class,0.30772888672644716
Linear,Same class,10.293439734361822
Linear,Same class,0.12204156447053369
Linear,Different class,14.648051936491402
Linear,Different class,-5.189128076830966
Linear,Different class,-7.264000099839285
Linear,Different class,-10.996592338920264
Linear,Different class,8.366629033851527
Linear,Same class,10.117449296556149
Linear,Different class,-7.689972682320369
Linear,Different class,25.66938021478465
Linear,Same class,-3.414713222440893
Linear,Different class,4.428528906277899
Linear,Same class,4.464007586126392
Linear,Same class,7.419980433229812
Linear,Different class,-1.4711366077256618
Linear,Same class,3.764669155707898
Linear,Same class,6.6264948446717735
Linear,Same class,-0.8961232090687649
Linear,Different class,-3.2469966589652244
Linear,Same class,9.643547012939333
Linear,Same class,9.148996325111304
Linear,Same class,7.367307803104527
Linear,Same class,3.1969011841969537
Linear,Different class,-5.788482271570697
Linear,Same class,27.642378882604163
Linear,Same class,-2.9794198504752827
Linear,Different class,-0.19825149813366852
Linear,Different class,-2.382531160539733
Linear,Same class,-4.155256795229049
Linear,Different class,-9.250869793210871
Linear,Same class,-3.80867012504122
Linear,Same class,10.50726526906684
Linear,Same class,-2.3700645170244963
Linear,Different class,2.2110231477232727
Linear,Different class,-3.727547550192766
Linear,Different class,0.5096950049796366
Linear,Same class,5.399507977257176
Linear,Same class,-0.9330296539277277
Linear,Same class,4.1140134502548555
Linear,Same class,10.10909052319476
Linear,Different class,-5.671062087049436
Linear,Different class,-3.7715540580797264
Linear,Same class,5.694673378108519
Linear,Different class,-12.086871425600082
Linear,Same class,-14.729839399541888
Linear,Same class,9.040235542131713
Linear,Different class,1.7514262289815135
Linear,Same class,0.30447696117531464
Linear,Same class,19.217268097948416
Linear,Different class,2.3949497647721634
Linear,Same class,-9.980239434426707
Linear,Same class,4.505717335164256
Linear,Different class,-2.404021290860081
Linear,Different class,3.6642150010520003
Linear,Different class,7.601817286467539
Linear,Different class,6.300972824224628
Linear,Different class,5.592539146746286
Linear,Different class,2.6088957194098663
Linear,Different class,-2.2850386499861526
Linear,Different class,-13.129871447762355
Linear,Same class,1.5822806603021131
Linear,Different class,10.8766730263718
Linear,Different class,0.817502677117136
Linear,Same class,-1.915318438762806
Linear,Same class,-0.44853862830271374
Linear,Same class,3.9385560308925065
Linear,Same class,3.4853605110851924
Linear,Different class,6.0634002926248325
Linear,Different class,-8.360214459659083
Linear,Different class,8.601196040618552
Linear,Same class,-0.03225450763378845
Linear,Same class,-8.008935704182512
Linear,Different class,-8.340220092550192
Linear,Same class,7.402103749439149
Linear,Same class,2.140787109724344
Linear,Different class,-8.299490504055354
Linear,Same class,16.49228339935098
Linear,Different class,5.292624871113736
Linear,Same class,10.349982787456796
Linear,Same class,2.0802041639811666
Linear,Same class,-0.378650908240025
Linear,Same class,1.1726733116779469
Linear,Same class,-3.3483548881862504
Linear,Same class,-2.5392313516541445
Linear,Different class,-2.4514792951033457
Linear,Same class,-13.753774453751443
Linear,Same class,5.029800868531814
Linear,Different class,-0.7111805550540041
Linear,Same class,-9.244991582797416
Linear,Different class,9.647729521386994
Linear,Same class,14.247546602937438
Linear,Same class,-5.0605378411704205
Linear,Different class,-3.477960872190762
Linear,Different class,-0.9419297620757751
Linear,Different class,6.717528469552502
Linear,Same class,-5.420323668964162
Linear,Same class,4.423267311069226
Linear,Same class,-6.8981648615563405
Linear,Different class,4.862875018534922
Linear,Different class,0.03861933222667821
Linear,Different class,-6.248075414949979
Linear,Different class,5.539958713358499
Linear,Different class,-13.077931931071152
Linear,Same class,6.102382198882847
Linear,Same class,-1.1586575187376023
Linear,Different class,-11.975011203014278
Linear,Different class,-8.25909620680792
Linear,Same class,-0.9074584856305615
Linear,Same class,0.6796249350369974
Linear,Same class,6.376097270563355
Linear,Different class,3.220197819440435
Linear,Same class,-5.09420945175916
Linear,Same class,-17.998343183788744
Linear,Different class,7.569330696041863
Linear,Same class,7.289259242567114
Linear,Same class,-1.980717984615111
Linear,Same class,3.2938123616686474
Linear,Different class,-15.379640264641605
Linear,Same class,1.8987361104332785
Linear,Same class,-3.947392145223251
Linear,Same class,3.5316285427580123
Linear,Different class,-4.251196635886855
Linear,Same class,-5.5931401185352945
Linear,Same class,11.522889937187802
Linear,Different class,-3.2940133171504886
Linear,Same class,11.449307379401954
Linear,Different class,-6.307010357649272
Linear,Same class,1.4749847277908403
Linear,Same class,0.6432950770006304
Linear,Different class,-0.6028581920830379
Linear,Same class,-10.847253757343884
Linear,Same class,0.9983912258302808
Linear,Same class,-4.710104464015389
Linear,Different class,7.707159837159164
Linear,Different class,-10.428252381712943
Linear,Same class,5.90583604062536
Linear,Different class,7.721639316055353
Linear,Different class,7.515974717514718
Linear,Different class,5.538931289100266
Linear,Same class,8.482926839483477
Linear,Same class,-10.52125549205079
Linear,Same class,3.510097441256028
Linear,Different class,6.7757380649427885
Linear,Different class,-1.8518300816996809
Linear,Different class,0.701875654961259
Linear,Same class,-7.102374894146528
Linear,Different class,-4.803738723840498
Linear,Different class,2.852435761382638
Linear,Different class,-6.895590186034981
Linear,Same class,-12.234944246407196
Linear,Different class,-3.672717540609258
Linear,Same class,1.1019722872610396
Linear,Different class,-3.379240208372377
Linear,Different class,0.3199770510532659
Linear,Same class,-7.788284484874092
Linear,Different class,14.387557194154747
Linear,Same class,2.448997704959448
Linear,Same class,-1.4794157161022197
Linear,Same class,-6.951558973452646
Linear,Same class,-8.837551652797227
Linear,Different class,2.1461429267041336
Linear,Same class,10.163868367680996
Linear,Different class,-9.578335635593254
Linear,Different class,-2.642723811796284
Linear,Different class,-4.8312913748828095
Linear,Same class,2.281458963172833
Linear,Different class,-0.2882667369973352
Linear,Different class,-13.785478715120632
Linear,Same class,1.1915810434115939
Linear,Different class,3.0670105730925488
Linear,Same class,0.13308257668144344
Linear,Different class,-2.881181847887319
Linear,Different class,9.32155836526883
Linear,Different class,3.1310873495359695
Linear,Different class,-14.821388348710546
Linear,Same class,-4.466013473523094
Linear,Different class,-4.253489952743391
Linear,Same class,-4.9797563523271045
Linear,Different class,2.892799719350403
Linear,Same class,9.926155953175755
Linear,Same class,-3.624030581090279
Linear,Different class,-11.90309524992973
Linear,Same class,-4.518271158988962
Linear,Different class,-0.6068735014550758
Linear,Different class,1.288224502331125
Linear,Same class,4.392290070243089
Linear,Different class,2.7359054540164958
Linear,Different class,-0.4079553705869122
Linear,Different class,0.3770507087580821
Linear,Different class,3.0401751376163513
Linear,Different class,-0.8657620189931255
Linear,Same class,-4.44953297889839
Linear,Same class,8.671018214678492
Linear,Same class,5.665764059250024
Linear,Same class,-7.638412587498762
Linear,Different class,2.8268165722744856
Linear,Different class,-2.2230492691796697
Linear,Same class,-1.7308480592330566
Linear,Different class,4.994823200501509
Linear,Different class,-0.46043098018392414
Linear,Different class,-10.04046684910791
Linear,Same class,-9.537813100209352
Linear,Different class,7.389925518788797
Linear,Same class,-7.786793538708983
Linear,Same class,4.044768940917664
Linear,Same class,-7.49544655828514
Linear,Different class,1.7044292536359842
Linear,Same class,3.2223118525995247
Linear,Different class,-12.521887912057089
Linear,Different class,-1.5021402255959098
Linear,Same class,0.6885287904821495
Linear,Same class,3.549593325765072
Linear,Same class,16.094465613527298
Linear,Different class,-1.8682769462144386
Linear,Different class,-6.642525309876003
Linear,Different class,-2.987927455335871
Linear,Different class,-5.190799482201997
Linear,Different class,-3.5055780462585764
Linear,Different class,-13.813587505912349
Linear,Different class,2.1497964686583835
Linear,Different class,4.372116341837419
Linear,Different class,-3.7377688364001354
Linear,Same class,-1.7645352539943415
Linear,Same class,10.524155581559087
Linear,Same class,-3.6826985190337957
Linear,Same class,-15.497003221016291
Linear,Different class,-2.2649971942878206
Linear,Same class,-7.47810822131946
Linear,Same class,-14.313426017084607
Linear,Same class,-3.597720121713705
Linear,Same class,1.017030816698292
Linear,Different class,-3.1252801948624125
Linear,Different class,-0.8886059022572149
Linear,Same class,5.565582780225122
Linear,Same class,1.3864459440391241
Linear,Different class,0.900469305127276
Linear,Same class,-2.050977148205426
Linear,Different class,5.811530974144257
Linear,Different class,0.4211328472451032
Linear,Same class,-1.4673651307181828
Linear,Same class,8.50732687844466
Linear,Different class,-2.6369888835680912
Linear,Different class,-14.345628063033548
Linear,Different class,-7.0833512620844985
Linear,Different class,-6.835304120819539
Linear,Same class,-12.39344439399288
Linear,Same class,-1.807830920411544
Linear,Same class,7.480989198960442
Linear,Same class,4.89187862145272
Linear,Different class,0.0454505053736507
Linear,Different class,1.4956522983251213
Linear,Same class,-5.273392573807306
Linear,Different class,0.28734593741019254
Linear,Same class,-0.9301960103053724
Linear,Different class,-5.373523308215897
Linear,Different class,-5.981283137494245
Linear,Same class,-2.7081358982075634
Linear,Different class,3.4480296152281653
Linear,Different class,7.686030098945647
Linear,Different class,-0.41206926266087496
Linear,Same class,0.9189363594913987
Linear,Different class,-6.215270544876884
Linear,Same class,-0.8240403427538161
Linear,Different class,-12.607630170659577
Linear,Different class,-7.479532062861888
Linear,Different class,-7.102761083783002
Linear,Different class,-4.666884614446123
Linear,Different class,-4.182571573983837
Linear,Same class,3.5217648821953613
Linear,Same class,-0.9220174827825652
Linear,Different class,-9.42498459444843
Linear,Different class,-3.6841626618661296
Linear,Different class,10.74345182230285
Linear,Same class,-2.897009205872662
Linear,Different class,-0.5727511262883985
Linear,Same class,-11.191809555691144
Linear,Same class,-7.7594737922862596
Linear,Same class,-1.3704942941587968
Linear,Same class,-11.497319275982536
Linear,Same class,0.9207394733872489
Linear,Different class,3.0687696163482574
Linear,Same class,-7.680331057180411
Linear,Different class,5.112936010302056
Linear,Same class,-2.5830234595837607
Linear,Different class,-6.309588392562607
Linear,Same class,5.8809723201552035
Linear,Same class,4.404286287016907
Linear,Different class,-6.944481225755204
Linear,Same class,1.5767388948880934
Linear,Same class,9.665069315453831
Linear,Same class,1.165606214703274
Linear,Same class,-6.945425346872171
Linear,Different class,-2.4653777095504896
Linear,Different class,0.8498918572868609
Linear,Same class,-2.0389252621868676
Linear,Same class,4.2128524020851135
Linear,Same class,-3.7952407888071193
Linear,Same class,10.743100444729603
Linear,Same class,0.5157497841332491
Linear,Same class,-13.775078864317061
Linear,Different class,3.50374755375605
Linear,Same class,-15.199042480704001
Linear,Same class,-3.0444200779910697
Linear,Same class,6.004568743086775
Linear,Same class,4.49563228274865
Linear,Same class,-1.8199165115116085
Linear,Same class,5.982122601016532
Linear,Same class,10.04631571075665
Linear,Same class,-7.9754242178654975
Linear,Same class,-2.828867291226733
Linear,Different class,-15.188184936981532
Linear,Different class,-0.21061519462968828
Linear,Same class,2.147638892004859
Linear,Same class,-1.6432487001506073
Linear,Different class,-2.1433768421535704
Linear,Same class,-1.6925366791076644
Linear,Different class,3.2596429574072365
Linear,Different class,-4.86791811046398
Linear,Different class,-8.085422068158163
Linear,Different class,-13.068541977677437
Linear,Same class,-5.779312886547249
Linear,Different class,-1.771071968276938
Linear,Different class,-1.9646732135416785
Linear,Same class,-9.058993201474
Linear,Same class,-2.853284869036413
Linear,Different class,-11.732540749965272
Linear,Different class,8.56675498266942
Linear,Different class,4.6925528718757725
Linear,Same class,9.388106015685988
Linear,Different class,-21.282737922409677
Linear,Different class,-0.026810748160172586
Linear,Different class,7.904442125039765
Linear,Same class,-3.6543985696602594
Linear,Different class,-2.4067529313549763
Linear,Same class,5.872621115836213
Linear,Same class,-7.487295013343978
Linear,Same class,-6.689005108407092
Linear,Same class,-5.217801341326762
Linear,Different class,-6.936593324516633
Linear,Same class,-14.55529663531631
Linear,Different class,-2.7514091054161804
Linear,Same class,-1.9882820737587343
Linear,Same class,0.6503455567508901
Linear,Different class,2.5532460037631184
Linear,Same class,-9.631633813212972
Linear,Different class,-1.7249458927777166
Linear,Same class,8.458234565369573
Linear,Same class,-3.2307847425724625
Linear,Same class,-18.44629572159454
Linear,Same class,-4.6278761535897015
Linear,Different class,-0.005943658700794245
Linear,Different class,2.584043801929627
Linear,Same class,0.6839097540202619
Linear,Different class,2.816747958335041
Linear,Different class,-7.455002704651856
Linear,Same class,-1.224207328464269
Linear,Same class,-0.8014765008915539
Linear,Different class,0.5214611700839151
Linear,Different class,3.904501567302447
Linear,Same class,0.26086643644541607
Linear,Different class,1.6305697456178503
Linear,Same class,2.30815603083742
Linear,Different class,4.435940411858396
Linear,Same class,-11.38117646429255
Linear,Same class,5.757315392771423
Linear,Different class,8.145251186554763
Linear,Same class,7.701004136562452
Linear,Same class,10.207849366576566
Linear,Same class,-3.0753212453670185
Linear,Different class,-1.9975022495340156
Linear,Same class,-8.431449730336267
Linear,Different class,-5.677471157542063
Linear,Different class,-3.817008628623307
Linear,Different class,4.32651995633146
Linear,Different class,-5.31868379030024
Linear,Same class,0.17206221083640316
Linear,Different class,6.134201565453355
Linear,Same class,-0.24507756505722766
Linear,Different class,5.484934948697042
Linear,Same class,4.443553066785169
Linear,Same class,4.752327314101758
Linear,Different class,-15.208302566547365
Linear,Different class,-17.932011053723453
Linear,Same class,2.1349341709416474
Linear,Different class,9.810819066473838
Linear,Different class,-15.122796628464354
Linear,Same class,23.070452330166937
Linear,Same class,4.709223951978518
Linear,Different class,-1.187907540194868
Linear,Same class,-0.42874052006831853
Linear,Different class,-7.711266666579257
Linear,Same class,-4.288732882923346
Linear,Same class,2.5067201486928834
Linear,Different class,-5.114832855537599
Linear,Different class,-5.868168705916382
Linear,Same class,12.738915794938924
Linear,Same class,0.8394219966731735
Linear,Same class,5.19673205336211
Linear,Different class,-3.796373035614071
Linear,Different class,8.235638827930805
Linear,Same class,-3.3129919471257243
Linear,Same class,1.7381065905482134
Linear,Different class,-4.3074253947054775
Linear,Same class,-0.15349051491285204
Linear,Same class,-14.73336190724298
Linear,Same class,1.5238067701790405
Linear,Same class,-10.773726240788527
Linear,Same class,-10.103717373188594
Linear,Different class,6.126113068147227
Linear,Different class,-4.751379929811678
Linear,Same class,-1.165158510949257
Linear,Different class,-9.705740700280385
Linear,Different class,3.668130323410208
Linear,Different class,3.35846165267518
Linear,Same class,5.57067004909206
Linear,Different class,1.240381751273785
Linear,Same class,-2.6863985335249176
Linear,Different class,-6.175166717679616
Linear,Different class,3.419635213705083
Linear,Same class,-0.1334442488044635
Linear,Different class,1.8049749318137251
Linear,Different class,10.699073028260251
Linear,Different class,-0.4482670364460454
Linear,Same class,7.998749832925048
Linear,Different class,3.019669721721472
Linear,Different class,0.2932754525893268
Linear,Same class,17.832195832705477
Linear,Same class,-1.654665425834254
Linear,Same class,7.95702569343927
Linear,Same class,2.113683194311484
Linear,Same class,17.65665492617232
Linear,Different class,-4.244215213551241
Linear,Same class,2.3202365298908703
Linear,Same class,-6.338783372251766
Linear,Different class,-1.6378851144737063
Linear,Different class,-2.6072894257684074
Linear,Same class,0.5231181328141196
Linear,Different class,1.5944911679618903
Linear,Same class,1.976975982253841
Linear,Same class,3.014653010806156
Linear,Different class,5.627084218061358
Linear,Same class,5.302262511525444
Linear,Different class,-6.832632738960576
Linear,Same class,6.80762419359251
Linear,Different class,3.7264604593434263
Linear,Same class,1.1439158801268545
Linear,Same class,10.693488136011352
Linear,Same class,-5.635690523019059
Linear,Same class,-0.20713747508897384
Linear,Same class,-5.177644493708728
Linear,Same class,3.7154128032963074
Linear,Different class,6.68291506661967
Linear,Same class,-13.099574410822045
Linear,Different class,3.5156155885896085
Linear,Different class,-8.960434120881617
Linear,Different class,-16.906518230055568
Linear,Same class,-6.625473835144508
Linear,Same class,-4.729054436687475
Linear,Different class,5.683569453662577
Linear,Same class,-14.527463757795495
Linear,Different class,-10.426216168577845
Linear,Same class,0.3261059481373094
Linear,Different class,0.6668875624868609
Linear,Different class,0.0909186134604004
Linear,Different class,7.397174095500116
Linear,Same class,3.004576586007433
Linear,Different class,5.658785039516563
Linear,Different class,-4.550912222884153
Linear,Same class,-10.6934473889478
Linear,Different class,21.796476260235885
Linear,Different class,-17.13990148961535
Linear,Different class,11.32974161017622
Linear,Same class,-0.5724606404937408
Linear,Same class,4.3459272286095
Linear,Same class,0.15850903966669003
Linear,Different class,6.971814341455625
Linear,Same class,-10.923538923504386
Linear,Different class,-2.1332586244649385
Linear,Same class,21.557332486447038
Linear,Different class,-7.194364343481705
Linear,Same class,-6.432165861034321
Linear,Different class,-10.260472073370758
Linear,Same class,1.540794945226354
Linear,Same class,0.34863229052938705
Linear,Same class,-2.438458388741771
Linear,Same class,-1.8029926569253811
Linear,Different class,7.478338892459316
Linear,Different class,-1.1786315271770726
Linear,Different class,-6.547370071235167
Linear,Same class,-10.448164212707535
Linear,Same class,-6.004429005283441
Linear,Different class,2.8606498907383617
Linear,Different class,1.6862408661564665
Linear,Same class,5.976418851519927
Linear,Different class,-1.3964434471015952
Linear,Same class,-0.6574327142217168
Linear,Same class,5.987242875854798
Linear,Same class,-4.970233305337056
Linear,Same class,3.975385537375569
Linear,Same class,0.9964445986428404
Linear,Same class,1.4882269877347827
Linear,Different class,-2.562054014546349
Linear,Different class,-8.979852105226936
Linear,Same class,-2.938907580791767
Linear,Different class,8.957346109540971
Linear,Same class,7.3297821860506
Linear,Different class,-12.27395196532405
Linear,Same class,-3.0299495420375755
Linear,Same class,-11.35159255674863
Linear,Same class,-7.407199095634677
Linear,Same class,-6.986097167807871
Linear,Same class,-1.189772644055263
Linear,Different class,1.8724715281763302
Linear,Same class,7.762939903305966
Linear,Same class,-6.583620275301586
Linear,Same class,-4.171007073176
Linear,Different class,-6.665249815961808
Linear,Different class,3.06414213157957
Linear,Same class,0.7683291166669295
Linear,Different class,-11.89903676227505
Linear,Same class,5.165928128186476
Linear,Different class,4.466178663905274
Linear,Different class,0.4628217952269179
Linear,Same class,1.830084208190342
Linear,Same class,4.411936407078123
Linear,Same class,2.6130109482663375
Linear,Same class,-1.4966429191374722
Linear,Same class,1.966545177056884
Linear,Different class,4.70645950858614
Linear,Same class,-5.406198445774593
Linear,Different class,6.352404201587156
Linear,Same class,2.4733931891740526
Linear,Different class,1.9564665319717622
Linear,Different class,7.889022126004045
Linear,Same class,-5.30952783652134
Linear,Same class,-4.920464692283208
Linear,Different class,0.9495449142206309
Linear,Same class,-6.539381512130922
Linear,Same class,1.8922932915920203
Linear,Same class,-10.664666403555646
Linear,Different class,3.966246444055929
Linear,Same class,-5.27740904677541
Linear,Same class,-2.5400443504972716
Linear,Different class,-1.3117156400105339
Linear,Same class,-3.336242924517489
Linear,Different class,18.108378944109596
Linear,Different class,-2.0980363820794596
Linear,Different class,1.1797960894556956
Linear,Same class,7.069632096952935
Linear,Same class,24.714166781784723
Linear,Different class,1.565273239499045
Linear,Same class,1.597462740596945
Linear,Different class,-3.403069979772638
Linear,Same class,-1.3982496444555477
Linear,Different class,-7.384060796469201
Linear,Different class,0.3534169675198415
Linear,Same class,9.122524091653434
Linear,Different class,6.338567501855157
Linear,Different class,28.726244380128257
Linear,Same class,-10.101458484197579
Linear,Same class,-0.3709245010287101
Linear,Same class,-7.476127630655038
Linear,Different class,5.186046421075885
Linear,Different class,2.5358965051162876
Linear,Different class,9.20260568824937
Linear,Same class,-0.7372211888330965
Linear,Same class,5.075204147881442
Linear,Same class,-1.8977165906274764
Linear,Same class,14.545919988165757
Linear,Different class,-7.259508617512848
Linear,Different class,-2.9420249834587784
Linear,Same class,6.052884853274845
Linear,Same class,2.6885999463083214
Linear,Same class,4.387811427617051
Linear,Different class,3.793617622459366
Linear,Different class,0.054124599773476806
Linear,Same class,-2.279831955161874
Linear,Same class,-9.562263257354918
Linear,Different class,2.734704686217662
Linear,Different class,-1.2975284200071113
Linear,Different class,19.166316399164977
Linear,Different class,8.467363801769691
Linear,Different class,0.4911011287330702
Linear,Different class,-1.5381627596807923
Linear,Same class,0.12995231017324407
Linear,Same class,6.367963052427882
Linear,Same class,1.6984239979581546
Linear,Same class,-7.948653911016386
Linear,Same class,2.1780029599817206
Linear,Different class,-20.508047284414527
Linear,Same class,-6.797320616886076
Linear,Different class,-7.184097915779199
Linear,Different class,1.580839093667879
Linear,Different class,-32.13667817056242
Linear,Different class,-8.913997802107206
Linear,Same class,1.8648252273484058
Linear,Same class,-4.815436985722911
Linear,Same class,-1.4247540776328256
Linear,Different class,-4.959017682328621
Linear,Same class,-8.927501483937812
Linear,Different class,2.712194240137962
Linear,Same class,-1.4835835222715181
Linear,Different class,-1.0467526011645172
Linear,Same class,1.9964858527025329
Linear,Different class,-8.29524073238901
Linear,Different class,-5.230416752653483
Linear,Different class,3.7255646841215726
Linear,Same class,-7.610738656094544
Linear,Same class,1.3318884622347305
Linear,Same class,-0.3113912651298687
Linear,Different class,-2.438680000622382
Linear,Same class,-1.7799609812516455
Linear,Same class,-1.4599977497894547
Linear,Same class,-5.506416984654267
Linear,Same class,0.7038276848951925
Linear,Same class,11.194326713572584
Linear,Different class,1.797801184310156
Linear,Different class,5.530848853410021
Linear,Different class,3.392595332037118
Linear,Different class,-7.200971457921845
Linear,Same class,7.788892852341532
Linear,Same class,19.73895383863971
Linear,Different class,-3.2539957260963415
Linear,Different class,0.27728131301242215
Linear,Different class,3.6152632478455202
Linear,Different class,8.199924918949534
Linear,Different class,5.307552280666775
Linear,Different class,-3.3264906010554163
Linear,Same class,9.454383563671705
Linear,Different class,-2.951740357605618
Linear,Same class,-12.137021865744495
Linear,Same class,-2.3365247046783364
Linear,Different class,14.436443133487552
Linear,Different class,0.15856296733444597
Linear,Different class,-3.7289444963601195
Linear,Different class,-7.776543065002049
Linear,Different class,6.2487750078801625
Linear,Same class,3.129824933019034
Linear,Different class,-2.7570965552016897
Linear,Different class,-8.804669102734081
Linear,Same class,8.715865589040456
Linear,Different class,-4.346210029398352
Linear,Different class,-1.5138305058637291
Linear,Different class,-9.784377401521285
Linear,Same class,-2.8054883612647314
Linear,Different class,0.8411343126989068
Linear,Same class,-19.90732666947126
Linear,Same class,4.349997595388115
Linear,Different class,4.199778450497796
Linear,Different class,1.4727116164541618
Linear,Same class,-0.06777331795768485
Linear,Same class,1.7823513682105958
Linear,Same class,22.157265681027443
Linear,Same class,-10.375607682294401
Linear,Different class,-7.159793768588627
Linear,Same class,-5.525929529712634
Linear,Different class,0.9979313228938459
Linear,Same class,-5.359407331232201
Linear,Same class,0.23017622937584373
Linear,Same class,8.305724637826998
Linear,Same class,1.749921772174603
Linear,Same class,-2.7903249837685413
Linear,Same class,2.1712721780008772
Linear,Different class,-7.4739813567238755
Linear,Same class,10.143786342336952
Linear,Same class,5.510252079122475
Linear,Different class,-9.89088489503685
Linear,Different class,9.633258438520715
Linear,Same class,-9.136317002504459
Linear,Same class,-2.119424775108072
Linear,Different class,11.02678776288127
Linear,Same class,8.562882982144957
Linear,Same class,-0.8502349737138497
Linear,Different class,-3.8321395715397832
Linear,Same class,1.0791806988274342
Linear,Same class,19.17277923201186
Linear,Same class,7.476771062732588
Linear,Same class,6.128493551180107
Linear,Same class,2.6375933851162077
Linear,Same class,36.268665406957695
Linear,Same class,-12.624270893225166
Linear,Different class,4.734350892372392
Linear,Same class,-2.552592435838015
Linear,Same class,-3.5745478533124895
Linear,Same class,-12.034261539293919
Linear,Same class,3.2001242537861976
Linear,Same class,2.037126616901388
Linear,Same class,-4.66508752493147
Linear,Different class,7.943052993627202
Linear,Same class,4.364733341720563
Linear,Same class,-11.949340113460352
Linear,Same class,4.791190790941791
Linear,Same class,0.7682282038344239
Linear,Same class,-1.8920510247539881
Linear,Different class,-2.1726758190680284
Linear,Same class,-1.9006439958271222
Linear,Different class,-10.033875293520222
Linear,Same class,2.1994679339881595
Linear,Different class,-2.175726629807194
Linear,Different class,-5.208111794912865
Linear,Different class,-2.9051550228771035
Linear,Same class,6.78043397402532
Linear,Different class,5.12474156349797
Linear,Same class,-0.7654566922005429
Linear,Same class,-3.288446914850886
Linear,Same class,-2.5688387337048244
Linear,Same class,0.8802756778965148
Linear,Same class,8.53781575012606
Linear,Same class,14.698049648925071
Linear,Same class,-10.064585563031741
Linear,Different class,-2.7518723441981248
Linear,Same class,10.205376994263188
Linear,Different class,-5.274350324021917
Linear,Same class,0.24337208515158984
Linear,Different class,-4.412039090607868
Linear,Different class,-15.103788102327877
Linear,Different class,0.8302512002419715
Linear,Same class,14.303321698491748
Linear,Different class,-10.214778863467982
Linear,Same class,6.51823909687555
Linear,Different class,9.508167599727734
Linear,Same class,8.086730686005325
Linear,Different class,4.83310169555404
Linear,Different class,-2.6748454542506916
Linear,Different class,-7.668224120435818
Linear,Same class,2.3292947081421826
Linear,Same class,-3.3696332840155674
Linear,Different class,-13.269820187110865
Linear,Different class,-2.3698954622699473
Linear,Different class,5.574105061229046
Linear,Same class,-1.8403727752227221
Linear,Different class,7.274907115451506
Linear,Same class,8.337501890161734
Linear,Different class,2.708551666376247
Linear,Same class,-2.524697330860965
Linear,Same class,0.49582494698166624
Linear,Different class,-10.407578103086793
Linear,Different class,2.104128470067512
Linear,Same class,-6.30266499219126
Linear,Different class,-19.061569686332078
Linear,Different class,8.277830964718369
Linear,Different class,-1.3618890522602394
Linear,Same class,-0.49261301034096183
Linear,Same class,-4.372400284573034
Linear,Same class,-0.7803553271157176
Linear,Different class,2.10018796674185
Linear,Different class,8.353728850354106
Linear,Same class,4.647955709390126
Linear,Same class,4.605591569066694
Linear,Different class,8.407781409557286
Linear,Different class,-8.340471856851016
Linear,Different class,-21.48224319313699
Linear,Same class,-2.1761436037910236
Linear,Different class,-1.6383585766762356
Linear,Same class,-0.43229713588539986
Linear,Same class,7.034595843514459
Linear,Same class,0.50257208504359
Linear,Same class,-10.643378295850782
Linear,Different class,-1.3308831549576186
Linear,Different class,-10.43082995175039
Linear,Different class,4.635809005283354
Linear,Different class,7.857961751495393
Linear,Different class,-8.348991666294888
Linear,Same class,-0.5235368856056813
Linear,Same class,-0.7431819649465518
Linear,Different class,-6.482606407603388
Linear,Different class,-2.693508509714128
Linear,Same class,-1.2269385756552054
Linear,Different class,-3.4708866470223088
Linear,Different class,4.4141937612504
Linear,Same class,-0.48363283679149993
Linear,Same class,-1.0735663214595554
Linear,Same class,21.9986379370778
Linear,Different class,-3.4550922657610323
Linear,Different class,6.491452572750751
Linear,Different class,-0.7151855491754343
Linear,Same class,-3.0206314117514683
Linear,Same class,5.055605171830498
Linear,Same class,1.268976715535697
Linear,Different class,7.683975400213912
Linear,Same class,2.2029804081865483
Linear,Same class,-15.586263897938217
Linear,Same class,9.741603700165525
Linear,Different class,-2.9369632250437263
Linear,Same class,-0.8489288257089785
Linear,Same class,-9.209365991599993
Linear,Same class,-2.551799417832122
Linear,Same class,8.172977042932756
Linear,Same class,-7.189924915475546
Linear,Different class,5.78221592770684
Linear,Different class,-1.3873470360343911
Linear,Same class,-6.542259319438797
Linear,Same class,3.4535746909472
Linear,Same class,9.477135279539059
Linear,Different class,3.923357701565754
Linear,Same class,4.4211459894094265
Linear,Same class,1.1609833554692268
Linear,Different class,3.4697465231500857
Linear,Same class,-2.9392551690463944
Linear,Same class,1.603296012800275
Linear,Different class,-3.35433435499803
Linear,Different class,-4.856928805790296
Linear,Same class,-4.9860768787344085
Linear,Same class,9.996317119798059
Linear,Different class,6.364816781878795
Linear,Different class,15.072658345223196
Linear,Same class,-8.532510810451694
Linear,Different class,10.765937874342331
Linear,Same class,-2.7500365058981404
Linear,Different class,-9.320411396009302
Linear,Different class,-12.407960154221444
Linear,Same class,1.1527638475341058
Linear,Same class,-2.402970113574262
Linear,Same class,0.47784098661243235
Linear,Different class,-10.88327822146541
Linear,Same class,-3.641729199676981
Linear,Different class,-7.694643134657972
Linear,Different class,-5.084967565463646
Linear,Same class,2.872215373293052
Linear,Different class,-1.3534628177040755
Linear,Different class,0.8092378439889525
Linear,Different class,9.448311745815959
Linear,Same class,-4.080162201526134
Linear,Same class,1.2547769147979286
Linear,Same class,-8.026503513460883
Linear,Same class,1.2832583696506397
Linear,Different class,0.5178518454193105
Linear,Same class,4.105976538766362
Linear,Same class,-0.2182273082979459
Linear,Same class,-13.945844544930459
Linear,Different class,4.593464936649898
Linear,Same class,5.516056266605206
Linear,Same class,14.02523307829472
Linear,Different class,-3.3011411394225303
Linear,Different class,6.62301200908709
Linear,Different class,4.046017086360786
Linear,Different class,3.7907608704823845
Linear,Same class,-10.349332112914965
Linear,Same class,0.9901201432036422
Linear,Same class,-3.312307086428621
Linear,Different class,1.6112874259532985
Linear,Same class,3.2160569667492283
Linear,Different class,11.802843533160111
Linear,Same class,-3.48807443292547
Linear,Different class,-2.7363345337394307
Linear,Different class,4.8839504248713865
Linear,Same class,11.769775617909588
Linear,Different class,-7.9528881760908625
Linear,Same class,-1.75914195270385
Linear,Different class,6.0856971610678166
Linear,Same class,-1.8355505377427703
Linear,Same class,0.004769261864776116
Linear,Same class,0.41493624172434385
Linear,Different class,0.7732686134682084
Linear,Same class,3.898462034448451
Linear,Same class,1.9243266784374884
Linear,Different class,0.654426866887708
Linear,Same class,6.312395598429182
Linear,Different class,-2.137442252786687
Linear,Different class,-5.196966660303692
Linear,Different class,1.1535419354195258
Linear,Same class,1.3056765442243787
Linear,Different class,2.087991941277224
Linear,Same class,-8.139858840030753
Linear,Same class,6.619184785744372
Linear,Different class,-8.073281628346859
Linear,Same class,-1.416961878940432
Linear,Same class,-0.02785786866731324
Linear,Different class,-8.037328574088628
Linear,Different class,-0.3203913297488492
Linear,Different class,-2.201333047549586
Linear,Same class,-17.065788694938913
Linear,Different class,0.00513437591276625
Linear,Same class,-0.18035440075758277
Linear,Different class,-5.123747364564068
Linear,Same class,-0.5276340782723331
Linear,Different class,3.4920172142718786
Linear,Different class,8.034536290960833
Linear,Same class,-7.719640524619017
Linear,Different class,7.130969101172893
Linear,Different class,-4.006852988851737
Linear,Different class,4.797945700204828
Linear,Same class,13.315531127780531
Linear,Different class,-8.812805243655275
Linear,Same class,19.620101504300855
Linear,Same class,-1.654802240977581
Linear,Same class,-4.215515099624102
Linear,Same class,1.2342944231514241
Linear,Same class,-0.8417595749589825
Linear,Different class,8.138475607747448
Linear,Same class,2.478401358603515
Linear,Different class,-9.716359488668596
Linear,Same class,5.591794320815037
Linear,Same class,-10.354716747097632
Linear,Same class,4.320025189233318
Linear,Same class,3.6774414828014548
Linear,Same class,7.675439149559401
Linear,Same class,-0.2548981170799717
Linear,Same class,9.074330506060116
Linear,Different class,1.7873742911926114
Linear,Same class,-5.2458750428219645
Linear,Same class,5.479805886570392
Linear,Different class,-2.300171591260611
Linear,Same class,-5.741465090018154
Linear,Same class,-4.9311133166039465
Linear,Different class,11.64456696095971
Linear,Different class,8.11139118817621
Linear,Same class,-1.1972745374937357
Linear,Same class,0.41933883599585875
Linear,Different class,2.465205107096199
Linear,Same class,0.1985796702839067
Linear,Different class,-5.6380640045477275
Linear,Same class,-0.04990554152095175
Linear,Same class,6.21582655544605
Linear,Same class,-1.3737837371947095
Linear,Same class,-2.8804140476310085
Linear,Same class,-7.052624844725669
Linear,Different class,-4.675104900183834
Linear,Same class,0.3601730505538694
Linear,Different class,4.514444365710441
Linear,Same class,2.18756331883528
Linear,Different class,-8.917156527532395
Linear,Same class,7.1096245744527975
Linear,Different class,5.099708521174379
Linear,Same class,-4.805175761033
Linear,Different class,-4.779761566628038
Linear,Different class,7.292725032947004
Linear,Same class,8.227818530607093
Linear,Different class,-13.748721328212627
Linear,Different class,6.0773406802789
Linear,Same class,0.4790276041938597
Linear,Same class,6.664180040004615
Linear,Same class,-15.84018813253299
Linear,Same class,-2.444675113086509
Linear,Different class,-3.1292501193481397
Linear,Same class,5.674644876737482
Linear,Different class,-2.849686221391959
Linear,Different class,-8.079807961122262
Linear,Same class,5.998822485036766
Linear,Same class,3.751401520862302
Linear,Different class,-5.626806860288311
Linear,Same class,2.9771080506386425
Linear,Different class,-9.385078095795427
Linear,Same class,5.461427082299192
Linear,Different class,10.693329657422227
Linear,Same class,-1.6825541705521272
Linear,Same class,-5.077559133985611
Linear,Different class,2.648158800374715
Linear,Different class,-10.027702217214301
Linear,Same class,0.4546339574053524
Linear,Different class,6.337770764393401
Linear,Same class,0.6936333103999168
Linear,Same class,-4.229456958988578
Linear,Same class,-1.6391293934094913
Linear,Same class,-5.341739458097196
Linear,Different class,-2.516625409684012
Linear,Same class,8.30842683322935
Linear,Same class,-1.814076786828106
Linear,Different class,-2.747420857076681
Linear,Same class,2.279532563005062
Linear,Different class,5.636013480054036
Linear,Same class,9.322393275132727
Linear,Same class,-8.303843719546958
Linear,Different class,3.3766540385723784
Linear,Same class,2.7923910194760726
Linear,Same class,-3.0376994173188776
Linear,Different class,0.47900885327703874
Linear,Same class,-3.230935561903697
Linear,Different class,-4.839960706472341
Linear,Same class,-5.727950235964433
Linear,Different class,-4.029691463109347
Linear,Different class,-2.3788049057201466
Linear,Different class,-8.284061308218082
Linear,Different class,-20.773814020342417
Linear,Different class,-1.822262372224556
Linear,Same class,-6.050507817147931
Linear,Same class,3.3138968494012184
Linear,Different class,5.422774301536362
Linear,Same class,-1.1285228114135
Linear,Same class,1.784413539386767
Linear,Same class,-5.40863980213367
Linear,Different class,-6.102260599697946
Linear,Same class,1.2766032431573409
Linear,Different class,-8.295738764087417
Linear,Same class,5.397059338911007
Linear,Different class,1.802908974453621
Linear,Same class,4.8809093490057744
Linear,Same class,0.6197790428481806
Linear,Different class,5.438099897798035
Linear,Same class,1.7008826684499747
Linear,Same class,6.688215487553207
Linear,Same class,9.13265887818233
Linear,Different class,-4.017726441531516
Linear,Same class,0.8356447741659238
Linear,Same class,-0.4113037446934542
Linear,Different class,4.260598958763763
Linear,Same class,1.0957196986974747
Linear,Different class,2.340137914391667
Linear,Different class,-6.4952798698450245
Linear,Different class,-4.4869879603759895
Linear,Different class,9.417613642656777
Linear,Different class,4.482935302683067
Linear,Different class,1.8411138972021324
Linear,Same class,-8.548277732947408
Linear,Same class,15.019223386200109
Linear,Different class,-6.0533436459644765
Linear,Different class,-7.649638254979637
Linear,Same class,3.227382898406674
Linear,Different class,-0.9304997651103183
Linear,Same class,-6.844110757639348
Linear,Same class,19.29194468459626
Linear,Same class,-3.4404335802965345
Linear,Same class,7.5778441396634815
Linear,Different class,-2.048140172639822
Linear,Different class,2.2233757563481884
Linear,Same class,3.730172396636318
Linear,Same class,-5.1595443895393185
Linear,Same class,4.0049899226366295
Linear,Different class,2.655668883825729
Linear,Different class,-0.003029070462930243
Linear,Different class,6.247138191114834
Linear,Same class,-2.7364487709601915
Linear,Different class,-7.774410148648039
Linear,Same class,3.8347622700965553
Linear,Same class,1.251396422259316
Linear,Different class,5.354729464889298
Linear,Different class,3.4761433364258845
Linear,Same class,-3.4472298461831214
Linear,Different class,-2.2809628672806106
Linear,Different class,6.4198068067121685
Linear,Same class,-1.7713337966330998
Linear,Different class,-5.033089518016111
Linear,Different class,-3.8511674765154242
Linear,Same class,-4.928934987717746
Linear,Same class,12.192954046797027
Linear,Same class,-2.9227396114485344
Linear,Same class,-11.261436228053098
Linear,Different class,-3.978915233486222
Linear,Same class,-1.0896601347777042
Linear,Same class,-21.15755208806007
Linear,Same class,0.4095549170110835
Linear,Different class,-2.7804055208586567
Linear,Same class,11.015711817529779
Linear,Different class,-7.268334383833335
Linear,Same class,11.387307076396258
Linear,Different class,3.906310467333174
Linear,Same class,-0.7922500808116549
Linear,Different class,-18.715338056642068
Linear,Same class,3.0348939798838135
Linear,Same class,-5.155241309554414
Linear,Different class,-0.4321150447274613
Linear,Same class,-10.672472523191763
Linear,Different class,3.403651528778739
Linear,Different class,-3.369974142245909
Linear,Different class,-6.372560175190935
Linear,Same class,1.5082949423680831
Linear,Different class,3.38560512852892
Linear,Different class,-6.475635868305832
Linear,Same class,-0.6747071246939205
Linear,Different class,3.7167718488341714
Linear,Different class,-6.874806806377393
Linear,Different class,2.9994760305398134
Linear,Different class,-12.046530889997525
Linear,Same class,13.781576950097833
Linear,Different class,-6.785311596946698
Linear,Same class,10.551544829331768
Linear,Different class,-1.7785339137609564
Linear,Different class,-2.491901100547579
Linear,Different class,8.94784686893814
Linear,Different class,-2.9133459149013055
Linear,Different class,-0.9192009526579576
Linear,Different class,-4.386648791111272
Linear,Different class,8.314153215998234
Linear,Different class,-4.451178093046358
Linear,Different class,-2.8996292593060877
Linear,Different class,0.20362399704108933
Linear,Different class,-2.1627299742603743
Linear,Same class,8.439421590989484
Linear,Different class,4.712151921532723
Linear,Same class,6.647601960189508
Linear,Same class,-1.38250338377581
Linear,Same class,-0.7176021927548247
Linear,Same class,4.2883661485059905
Linear,Different class,0.34892084805580603
Linear,Same class,-4.717984532816062
Linear,Different class,-1.7042373527148458
Linear,Same class,-14.346998278785279
Linear,Different class,-0.5181359572878889
Linear,Different class,-3.2756022145952954
Linear,Same class,-1.7233968786972085
Linear,Different class,6.365177721072658
Linear,Different class,1.1584700298215516
Linear,Different class,3.1546010655311276
Linear,Same class,5.763925236360771
Linear,Same class,2.8035514188237167
Linear,Different class,-4.9658355998122135
Linear,Different class,5.292336874190221
Linear,Same class,-6.7683806087762335
Linear,Same class,9.701037917793983
Linear,Different class,1.757733150338129
Linear,Different class,-2.783486750210632
Linear,Different class,9.518478701949853
Linear,Same class,-3.1093517841711624
Linear,Same class,-4.876240391739491
Linear,Different class,-7.714120884076839
Linear,Same class,6.68292177385733
Linear,Different class,0.7648129223199651
Linear,Different class,-0.1645426921970781
Linear,Same class,0.8728519700459829
Linear,Same class,7.247202788121979
Linear,Different class,-7.996282508860869
Linear,Different class,-9.168278819761005
Linear,Same class,-4.277120323966841
Linear,Same class,-5.905977611174596
Linear,Different class,-2.6038890275305135
Linear,Same class,13.067714895478218
Linear,Same class,7.820013429110766
Linear,Different class,2.370145009876569
Linear,Same class,-2.823360364288779
Linear,Same class,6.526892715191604
Linear,Different class,-2.1850382552040033
Linear,Same class,-0.2677295177580806
Linear,Same class,1.809726245639171
Linear,Same class,4.238616121800615
Linear,Same class,0.2184691325286321
Linear,Same class,7.885061026776212
Linear,Different class,-3.8369642366254384
Linear,Different class,-2.5312994923483267
Linear,Same class,-2.2045634544122716
Linear,Same class,-11.144837180297982
Linear,Different class,-0.20049492909001768
Linear,Same class,13.552312829595808
Linear,Same class,4.44608378971868
Linear,Different class,-5.002623423112292
Linear,Same class,-2.4035432972356157
Linear,Different class,13.963445452767418
Linear,Different class,13.972821648550868
Linear,Same class,-11.256498530018774
Linear,Different class,3.690030405706427
Linear,Different class,-3.15484288518822
Linear,Different class,14.533187746236786
Linear,Different class,0.5299879069202716
Linear,Same class,-0.7256523277079016
Linear,Same class,25.365473877275093
Linear,Same class,7.3380149358596825
Linear,Different class,7.151260800467764
Linear,Same class,-3.119927976543455
Linear,Same class,-5.48479322369705
Linear,Same class,6.338612218232621
Linear,Different class,-7.6166510955977245
Linear,Same class,-2.087272065690333
Linear,Different class,8.233350054182992
Linear,Same class,0.5404879126115684
Linear,Same class,5.630600292077923
Linear,Same class,10.324280288444685
Linear,Different class,-6.044270989141775
Linear,Same class,-0.03190318929550592
Linear,Same class,-2.088827836017031
Linear,Same class,-7.120590515869056
Linear,Different class,5.717709674758875
Linear,Different class,5.852764232336157
Linear,Same class,8.261686842762732
Linear,Different class,1.980324903057679
Linear,Same class,-7.434753735348065
Linear,Same class,8.525744875955809
Linear,Same class,-6.344559780956405
Linear,Different class,-5.1785497335045685
Linear,Different class,13.408189177702797
Linear,Same class,-2.781170781722594
Linear,Different class,-22.327999780974547
Linear,Different class,2.149315533759243
Linear,Same class,-3.217446424601528
Linear,Different class,-0.8008189629021575
Linear,Different class,2.61253159915196
Linear,Same class,-7.611343411895486
Linear,Different class,2.8198922717471797
Linear,Same class,3.4111645852477475
Linear,Same class,1.498215280514602
Linear,Same class,-6.4391969809668606
Linear,Different class,1.4504572423528244
Linear,Different class,13.555670580644277
Linear,Different class,0.742995680871066
Linear,Different class,8.19378873117599
Linear,Same class,-4.507025440877039
Linear,Different class,-4.754254386205722
Linear,Different class,2.7392612453444523
Linear,Same class,-2.789651597486289
Linear,Same class,26.616784906046604
Linear,Different class,-5.39225445271518
Linear,Same class,-11.122742008809473
Linear,Same class,7.253990164066484
Linear,Different class,-7.190835111096411
Linear,Different class,-1.1649128323975448
Linear,Different class,4.56729309644937
Linear,Same class,-0.7106064945230087
Linear,Same class,0.5908012353514915
Linear,Same class,2.1619176934584816
Linear,Different class,-6.726728978248254
Linear,Different class,6.392082261875602
Linear,Different class,0.4458779171067568
Linear,Different class,-11.802208210563974
Linear,Different class,2.0872374485502405
Linear,Different class,3.376486113708257
Linear,Different class,-1.3686829282739241
Linear,Same class,-10.591298121117706
Linear,Different class,4.705969497798751
Linear,Different class,8.75857384584912
Linear,Different class,1.4839930049179249
Linear,Same class,-4.793518110137694
Linear,Different class,-5.135340949825117
Linear,Same class,4.079997729529444
Linear,Same class,-4.2296913943120025
Linear,Different class,-2.109205132770092
Linear,Different class,-1.5163768302211798
Linear,Same class,-2.902485720213267
Linear,Same class,-5.60538233098528
Linear,Different class,3.796253314440299
Linear,Same class,0.38095095966675097
Linear,Different class,7.072630545028203
Linear,Same class,19.616212340636082
Linear,Different class,5.5977157403427125
Linear,Different class,9.241672491499596
Linear,Same class,10.099089868348672
Linear,Same class,26.619731376861107
Linear,Different class,-13.941098099130883
Linear,Same class,2.596702776110575
Linear,Different class,6.5595277262171825
Linear,Different class,0.30107958470796226
Linear,Different class,-3.9237167248862903
Linear,Different class,-1.3386241663742278
Linear,Same class,1.9029499525748317
Linear,Same class,-1.644666725505755
Linear,Same class,-5.165298184295527
Linear,Different class,-3.2542934702916995
Linear,Different class,8.793145527868548
Linear,Different class,-7.020473588444016
Linear,Different class,-2.8156849568843376
Linear,Different class,8.959638902462453
Linear,Different class,-3.2604519364661093
Linear,Different class,-6.271476857983191
Linear,Different class,-0.30530243064390017
Linear,Different class,-7.248703938068539
Linear,Same class,-4.701812846528063
Linear,Same class,-14.305812058589538
Linear,Same class,-2.6343979079829887
Linear,Different class,0.21757525341019332
Linear,Different class,20.95428111290802
Linear,Same class,1.8340682022395776
Linear,Same class,3.1137299347128495
Linear,Same class,1.5871389878954594
Linear,Same class,-4.1201147528844855
Linear,Different class,3.8646411519001944
Linear,Same class,17.454689399506407
Linear,Same class,-11.179031198776165
Linear,Different class,-8.076144797138808
Linear,Same class,7.595187365076333
Linear,Same class,12.924924559003912
Linear,Different class,14.459733697707318
Linear,Same class,-5.5776123665473225
Linear,Same class,-3.56236247866269
Linear,Same class,-4.446553333600284
Linear,Same class,-11.67089008037555
Linear,Different class,-3.8006276745394696
Linear,Different class,3.2667062845778494
Linear,Same class,-2.6170335369320847
Linear,Same class,1.1510072318812454
Linear,Different class,1.7531216471152486
Linear,Same class,0.040793801255067624
Linear,Same class,-3.75377540478763
Linear,Same class,3.4486715476116094
Linear,Different class,6.769442164903496
Linear,Same class,-13.307926465604442
Linear,Different class,12.171003203270768
Linear,Same class,-0.23914091832923726
Linear,Same class,8.52768045998843
Linear,Different class,-3.9811736232548043
Linear,Different class,4.3287254676626175
Linear,Different class,-13.302773784991487
Linear,Same class,-1.2594812261856991
Linear,Same class,-1.7536123881642927
Linear,Same class,-11.550250683068803
Linear,Same class,23.27610375125204
Linear,Same class,10.604453188189272
Linear,Different class,10.891669086448328
Linear,Same class,6.497162545870483
Linear,Same class,3.8078181323346127
Linear,Different class,0.6691870185571052
Linear,Same class,-1.2309934521417476
Linear,Same class,8.027017193024362
Linear,Same class,-3.8277373920799076
Linear,Same class,1.782599674671645
Linear,Different class,-0.2159262654134131
Linear,Same class,20.50256211394963
Linear,Different class,1.3102708475454738
Linear,Different class,-5.6820647992782725
Linear,Same class,2.9085748923374255
Linear,Same class,-2.9371055036795832
Linear,Different class,0.8976013768144857
Linear,Different class,5.244978489850764
Linear,Different class,4.880774175230314
Linear,Different class,2.1040235920409445
Linear,Same class,17.169357862900604
Linear,Same class,2.367642031506947
Linear,Different class,-0.4970984018643187
Linear,Same class,-3.0522588422132992
Linear,Same class,-5.471047603223896
Linear,Different class,-4.683155883902581
Linear,Same class,0.8632456747347685
Linear,Same class,1.7761249350890909
Linear,Different class,0.951457923499426
Linear,Different class,-16.107764861955566
Linear,Same class,-1.0500521501215507
Linear,Same class,-9.375680915084736
Linear,Different class,1.2825629963848595
Linear,Different class,-19.669770886456963
Linear,Different class,12.506895329794956
Linear,Same class,8.289985308951085
Linear,Different class,-3.897712795306743
Linear,Different class,-7.317633938049931
Linear,Different class,-8.788723385824856
Linear,Different class,-3.032083134208644
Linear,Different class,-9.49914509868552
Linear,Same class,-0.5176090553400802
Linear,Different class,5.6175409331745465
Linear,Same class,2.8570500426144165
Linear,Same class,2.9253882470830694
Linear,Different class,-0.14887832539505721
Linear,Same class,-0.9732051411337562
Linear,Same class,7.881954575573605
Linear,Different class,2.925027503733988
Linear,Different class,8.327094926313572
Linear,Different class,3.480185148856444
Linear,Same class,-6.937692752100053
Linear,Same class,-0.38428205426565765
Linear,Same class,2.3137896672651794
Linear,Same class,2.5174306477774406
Linear,Same class,5.572854013804638
Linear,Different class,-12.356049624695443
Linear,Same class,-2.8326814885887757
Linear,Different class,6.530175241610239
Linear,Different class,-3.961402767291179
Linear,Different class,-2.5609522405720817
Linear,Different class,2.313057228044856
Linear,Same class,6.273558196402585
Linear,Same class,-6.075686910385993
Linear,Different class,-3.6006324212950322
Linear,Different class,7.27203778896382
Linear,Different class,7.484574010960467
Linear,Different class,-7.119331241539735
Linear,Same class,5.500728925843542
Linear,Different class,-0.7508020557549099
Linear,Same class,4.231809165798042
Linear,Same class,10.89440454096182
Linear,Different class,-22.197381335336786
Linear,Different class,-0.6115946619389153
Linear,Different class,-0.8963597677294688
Linear,Same class,-13.036020491332176
Linear,Same class,-19.182162217234968
Linear,Different class,-10.49325121017558
Linear,Same class,9.573951580986185
Linear,Same class,-6.992730125315425
Linear,Same class,-2.4968815112612575
Linear,Same class,-11.84956252135269
Linear,Same class,-1.4681910221318883
Linear,Same class,-13.31528390868
Linear,Same class,-7.790811946387816
Linear,Different class,-2.6223361399869987
Linear,Same class,-7.9185056015534645
Linear,Different class,-1.955089908911171
Linear,Same class,11.869789496949185
Linear,Different class,1.2636121490444912
Linear,Different class,-8.23848860256586
Linear,Same class,4.136069335653462
Linear,Same class,0.5141176648155443
Linear,Different class,-3.34850868297409
Linear,Same class,11.697859647372505
Linear,Different class,-7.484715165304403
Linear,Same class,10.60982586221113
Linear,Same class,0.39712636876152074
Linear,Different class,4.21374653488318
Linear,Different class,-4.450586938316641
Linear,Different class,-11.766722358639537
Linear,Same class,-6.737469342804287
Linear,Different class,5.84386831961632
Linear,Different class,2.6180062472461323
Linear,Different class,7.125824117655917
Linear,Different class,4.184871979511813
Linear,Different class,11.979266960240887
Linear,Same class,-19.771740424986604
Linear,Different class,3.576755248724372
Linear,Same class,-3.2367135145915777
Linear,Same class,4.662724725457925
Linear,Different class,4.598434419409248
Linear,Same class,16.626367231760753
Linear,Different class,-5.737158709891995
Linear,Different class,-6.138103804376934
Linear,Same class,3.8474491742352135
Linear,Different class,4.976173880975152
Linear,Same class,3.3938451286349878
Linear,Different class,-9.534810074988838
Linear,Same class,6.304305170492727
Linear,Same class,-7.2390987896864365
Linear,Different class,4.705548881256269
Linear,Different class,-11.73686247102001
Linear,Different class,1.9417011153414812
Linear,Same class,-0.5365325431200413
Linear,Same class,-2.506173099186177
Linear,Same class,-4.276743492668356
Linear,Different class,-6.018025011232274
Linear,Different class,0.7340050909888818
Linear,Same class,-8.930073026209989
Linear,Same class,-0.3478854245898674
Linear,Different class,-9.096805542837155
Linear,Same class,4.971916885062791
Linear,Different class,-1.9242806354496251
Linear,Same class,0.39806136369558404
Linear,Different class,2.879725399463582
Linear,Different class,-4.052735747018308
Linear,Different class,-5.41311067108057
Linear,Different class,-1.9571672601101826
Linear,Different class,2.7808369644610824
Linear,Same class,1.4297671672906265
Linear,Same class,-3.876142034384638
Linear,Same class,0.21268789408836009
Linear,Same class,8.7595081424295
Linear,Different class,-4.507585217618427
Linear,Different class,2.4337967638951783
Linear,Different class,-7.107234486786711
Linear,Different class,7.206216055255366
Linear,Same class,-2.419365545711867
Linear,Same class,-19.117214727203187
Linear,Same class,0.09039748925208488
Linear,Same class,-1.334846646131672
Linear,Same class,4.298123922938974
Linear,Different class,1.9724210773814057
Linear,Different class,-3.424376885775221
Linear,Different class,5.061725700738058
Linear,Same class,-3.466036418786104
Linear,Same class,8.92627943220798
Linear,Different class,6.642519214724743
Linear,Same class,-4.016820796763119
Linear,Same class,10.731744111587398
Linear,Different class,7.5432993427747705
Linear,Same class,-1.197402697054485
Linear,Different class,-7.868973564960327
Linear,Same class,-0.10386294484658327
Linear,Same class,8.8280430193774
Linear,Same class,6.374439337549534
Linear,Same class,-5.561721220725175
Linear,Different class,-4.152938087143032
Linear,Different class,-7.477993876536724
Linear,Different class,11.646592670524575
Linear,Same class,-13.62974169292126
Linear,Same class,-16.482245007719516
Linear,Same class,12.99139086240252
Linear,Same class,1.7650651402439188
Linear,Different class,3.3696841131355213
Linear,Same class,5.742895004060196
Linear,Different class,-1.463091029934566
Linear,Same class,1.3277715426370675
Linear,Different class,3.155571260399208
Linear,Different class,1.7862561965092065
Linear,Same class,3.884246127239275
Linear,Same class,3.1438363451771867
Linear,Same class,2.509169596254788
Linear,Same class,-13.408214004520664
Linear,Different class,1.3647483830900689
Linear,Same class,2.4649262836868835
Linear,Same class,3.576702968645342
Linear,Different class,0.6171461006900204
Linear,Same class,-0.5208842975722088
Linear,Different class,-0.3557410924948675
Linear,Different class,0.6149772385941439
Linear,Same class,-3.8249575484046336
Linear,Different class,5.976808256956397
Linear,Same class,-19.22097404714265
Linear,Different class,-1.2338434000646576
Linear,Same class,3.088708645896543
Linear,Different class,5.128392928724605
Linear,Same class,-7.106644557893288
Linear,Different class,1.3158583750885826
Linear,Same class,2.1329604109013616
Linear,Same class,4.267343499951613
Linear,Same class,1.9001268828258582
Linear,Same class,2.002389419204949
Linear,Same class,4.421862081705973
Linear,Different class,4.766812718604253
Linear,Same class,5.659974971025833
Linear,Same class,4.738557276157206
Linear,Same class,9.750711154247607
Linear,Different class,0.19587028880143964
Linear,Different class,5.80866038864453
Linear,Same class,-3.8813778554842764
Linear,Different class,-6.320849143648068
Linear,Different class,2.31191817246299
Linear,Different class,0.7636205362894171
Linear,Same class,-0.9885406966499716
Linear,Different class,-5.031392893013365
Linear,Same class,3.4830571967916386
Linear,Same class,15.277687334683757
Linear,Same class,-4.478749732344557
Linear,Same class,-1.1500848796314476
Linear,Different class,-7.122155344469752
Linear,Same class,-3.368582190969476
Linear,Different class,-4.106614902497292
Linear,Same class,4.4668214282704755
Linear,Different class,-4.062937900078745
Linear,Different class,6.381750798424746
Linear,Same class,-3.107762506628237
Linear,Same class,-4.495823224945653
Linear,Different class,-16.48139785918933
Linear,Different class,2.9057817731231466
Linear,Different class,7.143300622573252
Linear,Different class,4.319952053308173
Linear,Same class,13.301541057844025
Linear,Same class,-3.755485186269882
Linear,Different class,-1.5933714203664846
Linear,Different class,6.615207291912232
Linear,Same class,1.9406452130774607
Linear,Same class,-3.9323303168785606
Linear,Same class,-9.57039472369588
Linear,Different class,-3.9608395102644667
Linear,Same class,2.451053481043797
Linear,Different class,6.289606354281208
Linear,Same class,4.843225237993988
Linear,Different class,-12.623281030109464
Linear,Same class,-0.31108207213052674
Linear,Different class,0.5934032999817518
Linear,Same class,-4.8771592822606555
Linear,Different class,1.6989426011241016
Linear,Same class,-2.00594515236796
Linear,Different class,-0.7167810953341492
Linear,Different class,2.2930177480397056
Linear,Same class,-9.647098154883352
Linear,Same class,1.2108262163115626
Linear,Same class,0.30607890354383605
Linear,Different class,9.176350951007384
Linear,Different class,3.2143147171880404
Linear,Different class,-5.527029311018483
Linear,Different class,7.995905093762873
Linear,Same class,-4.84966417316012
Linear,Same class,15.166357525570328
Linear,Different class,-5.5362798124215935
Linear,Different class,-3.1811540661284443
Linear,Different class,6.841078885490122
Linear,Different class,8.401396275578758
Linear,Different class,12.778566967099197
Linear,Same class,-1.7460192402102548
Linear,Same class,-6.863046822022363
Linear,Same class,-10.959361532728964
Linear,Different class,2.0657504283345838
Linear,Different class,25.10025326751945
Linear,Same class,1.5578108967538447
Linear,Same class,-1.8671195650825334
Linear,Different class,-2.8347130773458478
Linear,Different class,0.1220089981176786
Linear,Different class,13.187811877481778
Linear,Different class,-11.573094395658435
Linear,Same class,8.192859170377499
Linear,Different class,-3.2544593133803037
Linear,Different class,2.1197838315890967
Linear,Different class,-2.3735744263137355
Linear,Different class,-1.398000760451722
Linear,Different class,1.0462674735378827
Linear,Same class,-10.67727517569302
Linear,Different class,-11.1944944970178
Linear,Same class,1.2584128030148867
Linear,Same class,5.5905282698807826
Linear,Same class,2.000755358288275
Linear,Same class,-4.496520791868472
Linear,Same class,-0.23176773803092657
Linear,Different class,-0.35984752465726755
Linear,Same class,-6.502873083765422
Linear,Different class,6.202798726269655
Linear,Different class,6.116234816995391
Linear,Same class,5.812877781564807
Linear,Same class,5.129131057182436
Linear,Same class,-4.878250349111139
Linear,Same class,-6.907764779376663
Linear,Different class,-2.965463872104462
Linear,Same class,-6.857133274770839
Linear,Same class,-9.434105758478607
Linear,Different class,-4.872670784268069
Linear,Different class,9.61750555788971
Linear,Different class,20.96911881738584
Linear,Different class,0.2545943362345595
Linear,Same class,3.8536341870911777
Linear,Different class,-1.9845769758158749
Linear,Different class,-4.072283413775721
Linear,Same class,7.039689798976269
Linear,Same class,-6.966343481701956
Linear,Different class,3.5205972774479655
Linear,Different class,-11.087269901658189
Linear,Same class,1.1612199043614055
Linear,Different class,-2.8727773418570877
Linear,Different class,8.013143184841006
Linear,Same class,-1.8061749130104516
Linear,Same class,3.4426109427735256
Linear,Different class,2.447155010388812
Linear,Same class,-13.158419455022523
Linear,Different class,-5.77048137844929
Linear,Same class,2.7991821461500996
Linear,Same class,6.4204129448774365
Linear,Same class,4.208383478394851
Linear,Different class,4.132892647223986
Linear,Same class,-8.744780716195372
Linear,Same class,2.10394780982023
Linear,Same class,12.223801392906122
Linear,Same class,-7.583815182124193
Linear,Different class,-7.143445142836595
Linear,Same class,7.40177988266205
Linear,Same class,3.7724602741824484
Linear,Same class,-9.289410791061526
Linear,Same class,-0.5696296457366686
Linear,Different class,3.603298197811883
Linear,Same class,-8.783352275540125
Linear,Same class,-2.0221167346227134
Linear,Different class,18.90225903613563
Linear,Different class,1.4154114581794695
Linear,Different class,-1.0184324962587195
Linear,Same class,-2.8127372170649156
Linear,Different class,2.66401809301371
Linear,Different class,-0.08388423080145493
Linear,Same class,-8.024448858479094
Linear,Different class,0.8915631556243417
Linear,Different class,-1.09564751148769
Linear,Different class,8.140195404812319
Linear,Different class,7.271851897669134
Linear,Same class,7.035734985170999
Linear,Different class,9.71586585468366
Linear,Same class,2.8740517873661493
Linear,Different class,7.417280492526308
Linear,Different class,-6.519713099508855
Linear,Same class,-9.89931252729896
Linear,Different class,-21.483803962361566
Linear,Same class,-0.23437045016832758
Linear,Different class,5.302366981770544
Linear,Different class,-7.105641459284264
Linear,Different class,-3.627161192694874
Linear,Same class,-1.1532226824714038
Linear,Different class,0.1453960252717372
Linear,Different class,-4.772925873441006
Linear,Same class,3.241601469852278
Linear,Different class,4.0328675455297684
Linear,Same class,4.2831502053587975
Linear,Same class,-1.1073954670318213
Linear,Different class,-4.378920201882651
Linear,Different class,4.474801706331228
Linear,Same class,5.302437424056266
Linear,Same class,-6.40994494111735
Linear,Different class,-15.768900008333532
Linear,Same class,8.814946024666014
Linear,Same class,1.7917172084265933
Linear,Different class,-5.065731478548244
Linear,Different class,-3.907044485515643
Linear,Same class,-1.6922009845109849
Linear,Same class,-8.59650923884878
Linear,Different class,-2.1784446290433905
Linear,Different class,1.8205659191770602
Linear,Different class,7.100819875802246
Linear,Different class,1.4475291381729174
Linear,Same class,-6.890972215784785
Linear,Same class,-4.502282040609105
Linear,Different class,0.6658961623375648
Linear,Same class,-8.235716928926944
Linear,Same class,6.755841915680612
Linear,Same class,7.98309734993911
Linear,Different class,0.9289087665850462
Linear,Same class,12.783406142836503
Linear,Different class,0.9972294936078534
Linear,Same class,-6.38213580502093
Linear,Different class,4.829714484675558
Linear,Same class,-0.6636438285928242
Linear,Different class,4.352736967931722
Linear,Same class,-4.252242723674621
Linear,Same class,3.2473103028271897
Linear,Same class,-3.4186625284841172
Linear,Same class,-3.2249297438218703
Linear,Different class,0.20398005566491142
Linear,Same class,5.024217828052921
Linear,Different class,5.364288369455618
Linear,Different class,-1.4991197908005194
Linear,Different class,2.528811160060207
Linear,Different class,0.10595060737335206
Linear,Same class,3.555510477596214
Linear,Same class,15.687605385502884
Linear,Same class,-5.12036218628128
Linear,Different class,1.5579157283763292
Linear,Different class,-3.4268758968784323
Linear,Different class,-15.208672546682505
Linear,Different class,10.54703929014644
Linear,Different class,7.769882050756298
Linear,Different class,3.281094411234133
Linear,Same class,-5.262127303023764
Linear,Different class,-6.7516900124523636
Linear,Different class,4.780535967395648
Linear,Different class,-3.1242993538304527
Linear,Same class,-0.7016379334884852
Linear,Same class,2.423019773191567
Linear,Different class,-5.272736114243018
Linear,Same class,-4.628816947033277
Linear,Different class,-9.723844145271515
Linear,Different class,4.942038990583154
Linear,Same class,0.8337165520747079
Linear,Different class,-1.8522135403757263
Linear,Same class,-5.819633541143298
Linear,Different class,5.32470662323745
Linear,Same class,-4.014547109651397
Linear,Different class,4.948052067006647
Linear,Different class,-5.952082744801204
Linear,Different class,-2.153400294083065
Linear,Same class,-6.572558203801308
Linear,Same class,-1.5118534135878077
Linear,Different class,-2.888053250418995
Linear,Different class,-3.7100473001735526
Linear,Different class,4.164888457558683
Linear,Same class,-3.0564493440196325
Linear,Different class,4.280914324494295
Linear,Different class,9.669271963826935
Linear,Different class,35.89955191024647
Linear,Different class,-2.4043232567552413
Linear,Different class,4.616918945178075
Linear,Different class,8.576938817999833
Linear,Different class,4.620145597196853
Linear,Same class,0.6785393291996331
Linear,Same class,3.4522396796368477
Linear,Different class,-5.58246178148877
Linear,Different class,9.008195047127314
Linear,Different class,8.581611854521043
Linear,Different class,8.109082914619636
Linear,Different class,1.9575963778495866
Linear,Different class,2.3950347112728356
Linear,Same class,-0.5567228581780931
Linear,Different class,-3.4240514819566665
Linear,Different class,3.4219318926004165
Linear,Same class,1.8046698422607699
Linear,Same class,-0.8314278937793437
Linear,Different class,7.104283742679364
Linear,Same class,-0.23372036988699543
Linear,Different class,-3.538125871893367
Linear,Same class,-2.426457269370937
Linear,Same class,2.904036332342357
Linear,Same class,5.937190533492614
Linear,Same class,-7.125206421647687
Linear,Same class,-5.2203024327455125
Linear,Different class,-11.151316279642595
Linear,Different class,3.6103735014340637
Linear,Different class,-8.403029356939
Linear,Same class,-3.6958745508996675
Linear,Same class,6.511679351467614
Linear,Different class,9.467872168296859
Linear,Same class,-1.7170379333685502
Linear,Different class,2.943173276098012
Linear,Same class,1.606868878669195
Linear,Different class,7.846949605427308
Linear,Different class,-4.0343015909525315
Linear,Same class,7.9849175515247985
Linear,Different class,-2.5813383477043237
Linear,Different class,3.546758193616687
Linear,Different class,-1.7384903575775537
Linear,Same class,-7.615364356181261
Linear,Same class,1.2620390908005465
Linear,Different class,9.658126312233321
Linear,Same class,1.791543194593345
Linear,Different class,4.063760285735688
Linear,Same class,-3.5607518341693356
Linear,Different class,-14.75909225918656
Linear,Same class,0.640769512842423
Linear,Different class,-2.855246083358174
Linear,Different class,10.3261740893455
Linear,Same class,0.2382607082823076
Linear,Different class,-7.000676266217374
Linear,Different class,5.454510563122569
Linear,Same class,-0.17591144351058274
Linear,Different class,-1.5988638851120636
Linear,Different class,-2.0282165135577017
Linear,Different class,0.21603587968959273
Linear,Different class,2.6017386300157366
Linear,Same class,-0.9621045501176199
Linear,Same class,-9.498991262860175
Linear,Same class,11.412909241240445
Linear,Different class,-1.0506156277342054
Linear,Same class,-1.6463110348875563
Linear,Same class,0.501117495556357
Linear,Different class,2.5172168885710056
Linear,Different class,-2.377010295152376
Linear,Different class,-5.44250881013089
Linear,Same class,2.885441035388229
Linear,Same class,5.62189460181839
Linear,Same class,-6.23379661554842
Linear,Same class,7.628105784544855
Linear,Same class,6.999017332976062
Linear,Different class,4.15490061345253
Linear,Different class,9.441103848323774
Linear,Different class,1.775634189174082
Linear,Same class,-1.6463543197034651
Linear,Same class,-9.422309898038314
Linear,Different class,-4.110293893968334
Linear,Different class,6.380698693193521
Linear,Same class,2.0676273058721506
Linear,Same class,1.3773496002525898
Linear,Different class,-7.030657175494183
Linear,Different class,7.404816567659704
Linear,Same class,3.0680087830428975
Linear,Same class,0.8708176785625746
Linear,Different class,-3.2624273779227675
Linear,Same class,0.17612336299404893
Linear,Different class,4.659406975724948
Linear,Same class,1.0771712709681625
Linear,Different class,-2.0033693088485136
Linear,Same class,0.9051842346734644
Linear,Same class,7.50117750517514
Linear,Same class,-10.589571688102959
Linear,Different class,-6.427708653836116
Linear,Different class,-3.5986390164250124
Linear,Different class,-1.8805814719227323
Linear,Different class,-9.541972622388132
Linear,Same class,3.429496746171271
Linear,Same class,5.148529257962685
Linear,Different class,2.659514153190024
Linear,Same class,17.786379006156032
Linear,Different class,-4.924935793349631
Linear,Same class,-2.5199988764101433
Linear,Same class,-0.7687222470902332
Linear,Different class,5.654960403337231
Linear,Different class,0.3926412162364999
Linear,Different class,-12.320385827225454
Linear,Different class,7.664619805901664
Linear,Same class,9.918020078896536
Linear,Same class,-13.534636339032362
Linear,Same class,4.375863109964411
Linear,Same class,-4.483062145345318
Linear,Different class,1.0721440082708749
Linear,Same class,1.763468337907029
Linear,Different class,1.625166186978183
Linear,Same class,-1.9475993630819826
Linear,Different class,-4.464298253698192
Linear,Different class,2.327193091854535
Linear,Same class,-2.85033934829607
Linear,Different class,7.222934795204283
Linear,Same class,4.405421147430206
Linear,Same class,-1.8013476386528937
Linear,Different class,4.392241453105352
Linear,Same class,-4.398106880749306
Linear,Same class,-3.3926339030715824
Linear,Different class,-9.60878826966161
Linear,Different class,0.7624046550744724
Linear,Same class,3.2003074109132883
Linear,Different class,1.0077389208422687
Linear,Same class,-3.2109196786303134
Linear,Different class,3.8701125416346653
Linear,Different class,-6.988407863040282
Linear,Different class,-13.807592936008731
Linear,Different class,10.025232515999045
Linear,Different class,-4.313110925579436
Linear,Same class,-6.77812849057972
Linear,Different class,-2.678836296796888
Linear,Same class,-10.628445027130233
Linear,Same class,3.782910489601722
Linear,Different class,-1.7987765288937498
Linear,Different class,-2.585205387845078
Linear,Different class,-1.663731886262033
Linear,Different class,2.608813698533432
Linear,Same class,1.0773580559108134
Linear,Same class,-5.0078319399181055
Linear,Same class,-0.7573172635742863
Linear,Different class,5.247228173811646
Linear,Different class,-8.086652431554544
Linear,Same class,-0.8490873029209348
Linear,Different class,11.624642937984419
Linear,Same class,5.740311604061165
Linear,Same class,3.119520350852471
Linear,Same class,-9.27054879330768
Linear,Different class,-3.1600813892411335
Linear,Different class,-0.573432961886161
Linear,Different class,2.4957795444121635
Linear,Same class,0.5331758780554232
Linear,Different class,-3.170975927075915
Linear,Same class,6.213452614831341
Linear,Different class,2.5187020057262113
Linear,Same class,-5.662946512075587
Linear,Same class,-0.5724318690308686
Linear,Different class,-22.13739778653527
Linear,Different class,-1.094215634454506
Linear,Same class,13.321982115032654
Linear,Same class,-5.285359596515883
Linear,Same class,11.504730628613652
Linear,Same class,-1.1369725068017984
Linear,Same class,6.465187087331314
Linear,Same class,-8.054403227916257
Linear,Different class,-4.598408611250214
Linear,Same class,6.6695542001415795
Linear,Different class,0.6730151591683284
Linear,Different class,-1.147511478343279
Linear,Different class,3.3423637707914993
Linear,Same class,-0.6295397325097254
Linear,Different class,-6.4394844815958505
Linear,Different class,-1.5095759835995919
Linear,Same class,-4.47616622765265
Linear,Same class,4.926757100433247
Linear,Different class,-4.345626382984868
Linear,Different class,-3.7684251267679714
Linear,Same class,-2.775920708181141
Linear,Same class,-10.525939990877548
Linear,Different class,3.779745771905514
Linear,Different class,-1.7893716384992038
Linear,Different class,-6.381585558054823
Linear,Same class,-2.2297407515922147
Linear,Different class,8.885708939680208
Linear,Same class,2.295001663068052
Linear,Same class,-1.278881773999782
Linear,Same class,1.7267032726187566
Linear,Different class,10.824683540990682
Linear,Different class,4.437962632416785
Linear,Same class,-0.676982263296068
Linear,Same class,-2.7925255714152484
Linear,Same class,-1.6668989401130172
Linear,Same class,-3.74106870202283
Linear,Different class,-14.894331257900495
Linear,Different class,-6.671244893695032
Linear,Different class,10.55071929820672
Linear,Same class,-4.456994348651687
Linear,Same class,-3.087869583166898
Linear,Different class,10.386130482879134
Linear,Same class,5.081167826652528
Linear,Different class,-3.41165679393034
Linear,Different class,-2.0245233125610196
Linear,Different class,6.723155352150488
Linear,Same class,3.7761214952584923
Linear,Different class,24.53787084117555
Linear,Same class,7.755824053705696
Linear,Different class,-10.743825437556008
Linear,Different class,-2.0157902542623507
Linear,Same class,1.4326568397874695
Linear,Different class,-8.676541812988333
Linear,Different class,2.0410654601960174
Linear,Same class,8.856089768913323
Linear,Same class,7.013313919722531
Linear,Different class,0.1862042537304176
Linear,Same class,6.049148222051486
Linear,Different class,-5.193752199062374
Linear,Same class,-1.4976620086066317
Linear,Same class,-8.399727767796687
Linear,Different class,-12.498112273886129
Linear,Same class,1.9621353697077584
Linear,Different class,-22.340277939033623
Linear,Same class,-0.6522718672328048
Linear,Different class,2.0404325872660247
Linear,Different class,-2.6533001639361604
Linear,Same class,-1.2844122408585323
Linear,Different class,6.045827615320652
Linear,Different class,0.2007909283521805
Linear,Different class,-5.873917791611869
Linear,Different class,-3.947454580881918
Linear,Same class,-4.627352651051788
Linear,Different class,-1.1153205585426582
Linear,Different class,-4.784431645826864
Linear,Different class,-4.321811515021188
Linear,Same class,2.3161275964290287
Linear,Different class,-0.9455593480970502
Linear,Same class,-1.3177070488389948
Linear,Different class,-8.084994047209692
Linear,Different class,-23.58952452974404
Linear,Same class,1.8934366774270706
Linear,Same class,-3.154907288100007
Linear,Same class,-7.453559016296513
Linear,Different class,0.21314349823255954
Linear,Different class,7.592165487496515
Linear,Different class,-2.325519109897769
Linear,Same class,1.386730474766662
Linear,Same class,2.011312250244449
Linear,Same class,2.277719751300029
Linear,Same class,-4.460773487554325
Linear,Different class,1.231623073584364
Linear,Same class,-1.771116160607757
Linear,Different class,0.5806262660704897
Linear,Same class,4.353574283309578
Linear,Same class,1.2624470525093208
Linear,Different class,3.0244332245777374
Linear,Same class,1.2782446583285099
Linear,Different class,-19.279034971684233
Linear,Different class,-8.81767944417778
Linear,Same class,-0.7105214529693357
Linear,Same class,-12.99063148181497
Linear,Same class,0.39665235266578025
Linear,Same class,2.796061530875314
Linear,Same class,-5.463902728861758
Linear,Same class,4.973127642305651
Linear,Different class,-0.16387789154032764
Linear,Different class,2.7852270690586223
Linear,Different class,3.064719257817787
Linear,Different class,3.2715799706965303
Linear,Different class,-13.319418694691004
Linear,Same class,7.835346509271436
Linear,Different class,-12.974197609863161
Linear,Different class,5.862022125731504
Linear,Same class,3.480928984116511
Linear,Same class,-9.536591830990831
Linear,Same class,-2.674936451306815
Linear,Different class,-4.9674986597586726
Linear,Different class,1.4443764771694272
Linear,Same class,11.22027705776797
Linear,Same class,-16.766921447748928
Linear,Same class,-5.724672479658702
Linear,Same class,-9.067954488997291
Linear,Different class,-3.5344014049115686
Linear,Different class,0.22434363122029222
Linear,Same class,4.18168051535415
Linear,Different class,-8.790757216728176
Linear,Same class,8.278696506274978
Linear,Different class,1.630379455594735
Linear,Different class,14.375243533158379
Linear,Same class,7.812554854390164
Linear,Same class,21.66923808424388
Linear,Same class,-3.967635676911155
Linear,Same class,0.4359391005935247
Linear,Same class,3.1589300884621965
Linear,Same class,5.391213803349598
Linear,Same class,-2.9345911088038217
Linear,Different class,-1.9816092994193633
Linear,Same class,3.8058977332795267
Linear,Different class,-17.098615182147142
Linear,Same class,-3.3500425480481524
Linear,Different class,-4.730540735673911
Linear,Different class,-2.7898087916397336
Linear,Same class,-1.7055296325184075
Linear,Same class,-4.34712242804152
Linear,Different class,-1.50911869764241
Linear,Different class,-1.391948014236744
Linear,Different class,3.7720281169825585
Linear,Same class,3.130279985346517
Linear,Different class,4.476741676067798
Linear,Different class,5.4019422579854455
Linear,Different class,0.7719802092541936
Linear,Different class,4.504706972024154
Linear,Different class,-4.157945285046198
Linear,Different class,-6.62927108783461
Linear,Different class,-9.476012460419408
Linear,Different class,10.202508470593646
Linear,Same class,1.08673907646788
Linear,Different class,-0.2898186852654586
Linear,Same class,-0.8748954785870081
Linear,Different class,-6.331647104677233
Linear,Same class,-4.257377809473941
Linear,Different class,-4.146835961643084
Linear,Same class,-1.1061527733301701
Linear,Same class,7.071302334854288
Linear,Different class,3.013906918696639
Linear,Same class,-7.296916183285301
Linear,Different class,0.4158481354810113
Linear,Different class,0.19391193455883557
Linear,Same class,-6.567737160079064
Linear,Same class,-4.114714320667685
Linear,Different class,3.3066196822764446
Linear,Different class,2.659665213281299
Linear,Different class,11.295626019046162
Linear,Same class,-4.27500794222445
Linear,Same class,16.97602405505913
Linear,Same class,-1.1353921152389939
Linear,Same class,0.09632985250912421
Linear,Same class,-2.957526684531284
Linear,Different class,-5.347762804353669
Linear,Different class,-3.71437275175677
Linear,Same class,-1.3285843411631253
Linear,Different class,-7.101314848805545
Linear,Same class,0.35409782875196544
Linear,Same class,3.2559323023761433
Linear,Same class,7.338553881474098
Linear,Different class,5.76340983787314
Linear,Different class,3.4149174635282034
Linear,Different class,-1.8558543647500814
Linear,Same class,-2.0660759020684245
Linear,Same class,-13.965871687575783
Linear,Same class,13.819680583053664
Linear,Different class,0.5490877419634643
Linear,Different class,2.808477325304992
Linear,Different class,-7.515763331131143
Linear,Different class,-5.15970646309801
Linear,Different class,-11.801684747529963
Linear,Different class,-5.9199339212591156
Linear,Same class,7.502638420020882
Linear,Different class,0.2720943085517828
Linear,Same class,1.011339843554264
Linear,Different class,0.023530859705578805
Linear,Same class,-1.6773385303218489
Linear,Different class,-4.392865862600085
Linear,Same class,6.592514281262033
Linear,Same class,4.439320680430855
Linear,Same class,25.672281938325586
Linear,Same class,-10.262546591033631
Linear,Same class,0.6934450031791315
Linear,Different class,4.505257029252723
Linear,Same class,8.611781636483322
Linear,Different class,-13.4401854982247
Linear,Different class,-7.276417116638046
Linear,Same class,9.657724707476403
Linear,Different class,-7.901354829459671
Linear,Different class,-4.069239123989912
Linear,Different class,-4.520185450872648
Linear,Same class,6.569089847320695
Linear,Different class,0.23316838459153702
Linear,Same class,12.717704607181082
Linear,Different class,13.732254583318166
Linear,Same class,5.670898295862211
Linear,Different class,-10.364702912164782
Linear,Different class,3.950799033301389
Linear,Different class,-0.06602736062233726
Linear,Same class,-17.36591364313301
Linear,Different class,-1.0444637182831322
Linear,Same class,2.8950552010569117
Linear,Different class,-6.6438628020663755
Linear,Different class,0.2536956368884893
Linear,Different class,-3.278609745103028
Linear,Same class,-2.123014436546323
Linear,Same class,-6.562600786931993
Linear,Different class,-9.202085803534754
Linear,Different class,-1.3614062342311422
Linear,Same class,1.1532077856712444
Linear,Different class,-11.050277738335698
Linear,Different class,6.220943013168214
Linear,Same class,-2.2930688055704467
Linear,Different class,6.144691888193777
Linear,Same class,8.25203875407014
Linear,Different class,2.8508725546563936
Linear,Different class,-1.8915175357526914
Linear,Same class,4.895801256709845
Linear,Same class,-1.0882657533788456
Linear,Different class,-16.990084849695556
Linear,Different class,-2.1238585733992816
Linear,Same class,7.675992269363853
Linear,Same class,-0.9925737942130995
Linear,Same class,9.255229779307152
Linear,Same class,-3.383958192598145
Linear,Same class,22.720001367945823
Linear,Different class,-3.795830740334786
Linear,Different class,-1.4638007177627685
Linear,Different class,-0.6549438458714013
Linear,Different class,9.03172099259216
Linear,Different class,3.1865689244415027
Linear,Different class,20.052040320592702
Linear,Same class,8.155410894511382
Linear,Same class,-1.452068730688632
Linear,Different class,1.5367337264591823
Linear,Same class,-16.402493823096552
Linear,Different class,-3.3736847639394485
Linear,Same class,5.52037343591675
Linear,Different class,-22.50353381317481
Linear,Different class,7.107260137389863
Linear,Different class,-6.116899661283257
Linear,Same class,-2.003160002498445
Linear,Same class,-4.477208649496439
Linear,Same class,6.924591512331408
Linear,Same class,-0.4514655736236587
Linear,Different class,2.369750227387512
Linear,Different class,-4.509489431026549
Linear,Different class,-2.1434446393204807
Linear,Same class,6.343425030469331
Linear,Same class,-12.931872952346525
Linear,Different class,-4.2781921702960135
Linear,Different class,-2.2135335279461037
Linear,Same class,17.706224438055955
Linear,Different class,4.6161801340600315
Linear,Different class,2.633642485690052
Linear,Different class,-3.0756562926882838
Linear,Different class,-3.102106531957458
Linear,Same class,-2.573567655559439
Linear,Same class,-11.07737036692104
Linear,Different class,-9.08673035810671
Linear,Different class,2.2197083389648893
Linear,Different class,1.6082766866161777
Linear,Same class,2.646502632698382
Linear,Same class,-5.802086234604235
Linear,Same class,9.329887358764537
Linear,Different class,1.5089007616584786
Linear,Same class,5.517305259548358
Linear,Same class,8.010874335915046
Linear,Same class,15.584974204707297
Linear,Different class,11.0142110465607
Linear,Different class,-7.098247581094678
Linear,Different class,12.04998054857287
Linear,Different class,6.679999504381
Linear,Different class,7.543251659212106
Linear,Same class,0.8844412234175847
Linear,Different class,8.687661386977018
Linear,Different class,4.837002722356101
Linear,Different class,3.5445060370745303
Linear,Different class,-0.17426744248921533
Linear,Same class,-4.138190417499062
Linear,Same class,16.88433156174164
Linear,Different class,-16.444184167648075
Linear,Same class,1.4963365133760553
Linear,Different class,-3.5606358841553676
Linear,Different class,7.927682343215796
Linear,Different class,5.345250219941399
Linear,Same class,5.863776365602005
Linear,Same class,7.783124208523267
Linear,Same class,5.697173360804114
Linear,Different class,3.6738598768251363
Linear,Different class,-3.857608628706681
Linear,Different class,0.3528200971225356
Linear,Same class,-10.46074121095837
Linear,Same class,7.702781400291024
Linear,Different class,7.659661615690258
Linear,Same class,2.7248866784758854
Linear,Same class,6.2976786440667185
Linear,Different class,-1.542345846231359
Linear,Different class,-3.1997623508239887
Linear,Same class,5.905247308160149
Linear,Different class,-5.536718594396872
Linear,Same class,4.986324770751574
Linear,Different class,-9.670771751537329
Linear,Different class,2.46889680200004
Linear,Same class,-11.852005635581992
Linear,Different class,2.8407280365388132
Linear,Same class,0.5209599773936308
Linear,Different class,-8.709451637041015
Linear,Different class,2.461802337247763
Linear,Different class,2.76912618443148
Linear,Different class,-1.202764762665365
Linear,Same class,-9.673073216846861
Linear,Same class,3.808880910611312
Linear,Same class,-0.44224304631657707
Linear,Same class,0.5070188710679453
Linear,Different class,3.484149682414244
Linear,Same class,5.872941292167038
Linear,Different class,5.6765089149523575
Linear,Different class,-8.654742342769605
Linear,Same class,13.30718746845803
Linear,Same class,-6.78425627597576
Linear,Different class,1.428036322123252
Linear,Different class,4.096478142411738
Linear,Same class,-1.024459007937212
Linear,Same class,-0.7208431722634238
Linear,Same class,-4.731247626079342
Linear,Same class,2.7523588022180943
Linear,Same class,9.402711424987062
Linear,Different class,4.742025596360264
Linear,Different class,-2.1757864333915045
Linear,Same class,-16.301160609631182
Linear,Same class,-0.9206875774519291
Linear,Different class,3.6749583158859576
Linear,Same class,7.548602811288734
Linear,Different class,0.9494989838201573
Linear,Same class,-1.0732150398823403
Linear,Same class,9.501011759425456
Linear,Same class,-4.778952144890091
Linear,Different class,5.675979877572902
Linear,Same class,12.16955119610819
Linear,Different class,4.468437839577051
Linear,Same class,2.0936971068445063
Linear,Different class,-0.7419082006024939
Linear,Different class,-4.459837862411591
Linear,Different class,-7.838504681702701
Linear,Same class,4.844680889411081
Linear,Different class,5.357442432274184
Linear,Same class,-20.791152031099077
Linear,Different class,-23.094476403042613
Linear,Different class,1.078595723173417
Linear,Same class,-9.43915447639748
Linear,Same class,4.062524207428353
Linear,Different class,-6.026167931280191
Linear,Same class,-8.954157840353098
Linear,Different class,-2.3984285155371454
Linear,Different class,2.62711669619522
Linear,Same class,5.102582650309985
Linear,Same class,4.1150367123193945
Linear,Different class,-3.223089518791997
Linear,Different class,-5.35737198529128
Linear,Different class,4.020933318188608
Linear,Different class,-4.504353793221633
Linear,Different class,-6.5347507932527416
Linear,Different class,-6.6537829418681484
Linear,Different class,13.954440058132768
Linear,Same class,-3.6152281071677654
Linear,Same class,5.491948289943088
Linear,Same class,10.827194729596632
Linear,Different class,2.1177422639553733
Linear,Different class,-2.668830754347746
Linear,Same class,-22.14111955657843
Polynomial,Different class,0.32421240195486223
Polynomial,Different class,1.8601498390634865
Polynomial,Different class,8.829217633937663
Polynomial,Same class,1.5815984265094705
Polynomial,Different class,1.4398616171901757
Polynomial,Same class,0.013674893620591055
Polynomial,Different class,3.4235681510501323
Polynomial,Different class,3.102732120973332
Polynomial,Same class,0.8044561268301346
Polynomial,Same class,2.408656510420237
Polynomial,Same class,0.4758981442578128
Polynomial,Different class,0.7810614433564088
Polynomial,Different class,0.053590055458688314
Polynomial,Same class,0.044248187120149815
Polynomial,Same class,2.235294469991606
Polynomial,Same class,0.13817565855276276
Polynomial,Same class,8.64766237494939e-05
Polynomial,Same class,0.002890202659669688
Polynomial,Same class,2.1511103009003394
Polynomial,Different class,10.156063894599175
Polynomial,Same class,1.0730305955154742
Polynomial,Different class,0.061291074405717336
Polynomial,Same class,7.73927116808209
Polynomial,Different class,1.5210994452630247
Polynomial,Different class,1.5688857890196963
Polynomial,Different class,0.46120283331874634
Polynomial,Same class,2.4471692206593088
Polynomial,Same class,0.6049998892125823
Polynomial,Same class,0.14048248623790185
Polynomial,Different class,4.9599798298127284
Polynomial,Different class,2.4932502711228812
Polynomial,Same class,3.5754420072524242
Polynomial,Different class,3.230848086150472
Polynomial,Different class,0.5944635449689621
Polynomial,Same class,0.38617977486461535
Polynomial,Same class,4.093423676540597
Polynomial,Different class,0.10217018623403175
Polynomial,Different class,0.7284405360455394
Polynomial,Same class,0.40589051966207307
Polynomial,Different class,0.7859490519552412
Polynomial,Different class,0.93617586271238
Polynomial,Same class,2.3340528691642044
Polynomial,Different class,0.16308875979387186
Polynomial,Same class,1.4331392335072815
Polynomial,Different class,0.6296580039040319
Polynomial,Different class,0.8382429337601662
Polynomial,Different class,0.11291270003049005
Polynomial,Different class,0.5467499542390891
Polynomial,Same class,1.2370517271987407
Polynomial,Same class,0.007984446260434267
Polynomial,Same class,0.00012611382749601666
Polynomial,Same class,1.2894768356215374
Polynomial,Different class,0.18397505355207752
Polynomial,Different class,0.06226500347078909
Polynomial,Different class,1.2151523121807566
Polynomial,Different class,0.03654262135571176
Polynomial,Different class,1.646802766013279
Polynomial,Different class,0.5987544923525543
Polynomial,Same class,1.1901901723922894
Polynomial,Same class,0.7917744255448375
Polynomial,Different class,0.4722288738624909
Polynomial,Different class,1.122071189856393
Polynomial,Different class,2.5719125356483423
Polynomial,Different class,0.1855244303230416
Polynomial,Different class,0.9710650845363199
Polynomial,Same class,1.2131639163488632
Polynomial,Same class,0.28505786824619683
Polynomial,Different class,12.969744322602189
Polynomial,Different class,1.3813231325572508
Polynomial,Same class,1.9643496145024273
Polynomial,Same class,0.22814957387896204
Polynomial,Same class,1.3336310436583239
Polynomial,Different class,1.340322009362804
Polynomial,Same class,0.6958881393354817
Polynomial,Different class,1.7299940392289932
Polynomial,Same class,1.4288542118501415
Polynomial,Different class,0.8497540121168204
Polynomial,Different class,1.1053985269067177
Polynomial,Same class,1.1185761913311467
Polynomial,Different class,0.4066176305234583
Polynomial,Different class,1.1205040919742213
Polynomial,Same class,1.5573798097251168
Polynomial,Different class,0.1373904828156196
Polynomial,Different class,2.7631970175056444
Polynomial,Different class,4.75293975432389
Polynomial,Different class,0.6614032745737821
Polynomial,Different class,1.5713186217321855
Polynomial,Same class,1.8474504890973362
Polynomial,Same class,0.47853901079697475
Polynomial,Same class,1.1611775282818466
Polynomial,Same class,0.0033742696609988737
Polynomial,Same class,1.0795524830644327
Polynomial,Same class,2.6344290435897597
Polynomial,Different class,0.14694440567650555
Polynomial,Same class,0.9074376470597678
Polynomial,Same class,0.505499456960689
Polynomial,Same class,0.524115747150798
Polynomial,Different class,0.897727648745156
Polynomial,Different class,0.847860598579043
Polynomial,Different class,1.2578932828251712
Polynomial,Same class,0.6696678272805572
Polynomial,Different class,1.3181311196267786
Polynomial,Different class,0.8107044934585127
Polynomial,Same class,2.747316616226512
Polynomial,Different class,1.1318899637402853
Polynomial,Same class,1.6788861484289987
Polynomial,Same class,0.1333812867939949
Polynomial,Different class,0.48402004734316
Polynomial,Different class,2.766355089854877
Polynomial,Same class,0.7196498367985222
Polynomial,Same class,4.807655531365027
Polynomial,Same class,2.9831900170820447
Polynomial,Same class,3.912327916195003
Polynomial,Same class,0.05590324890649409
Polynomial,Same class,1.087637327195679
Polynomial,Different class,1.2402410570881803
Polynomial,Same class,0.38255531264625753
Polynomial,Same class,0.8751884553409837
Polynomial,Different class,1.371701466889568
Polynomial,Same class,2.5044233035948724
Polynomial,Same class,0.012371505721163353
Polynomial,Different class,1.2265083139784159
Polynomial,Different class,2.756217545347331
Polynomial,Different class,0.0958085748302352
Polynomial,Different class,0.3203431989726548
Polynomial,Same class,1.2385615366832137
Polynomial,Different class,2.302146067730147
Polynomial,Different class,0.3243977233975175
Polynomial,Same class,0.42734192841810525
Polynomial,Different class,0.7146416736030589
Polynomial,Different class,0.7590829372299491
Polynomial,Different class,5.023437412836663
Polynomial,Same class,2.6118480809620253
Polynomial,Different class,0.0005897467428220178
Polynomial,Same class,3.264178163682062
Polynomial,Same class,1.1097913518409714
Polynomial,Different class,3.852231248939256
Polynomial,Different class,0.37660819606320733
Polynomial,Same class,2.0457481682371754
Polynomial,Different class,1.2062232056968851
Polynomial,Same class,3.2238767856183688
Polynomial,Same class,0.0192085672032537
Polynomial,Different class,1.1182538926929169
Polynomial,Same class,1.9628359363418006
Polynomial,Same class,2.787304541181597
Polynomial,Different class,0.8706339924227123
Polynomial,Same class,3.109255651364831
Polynomial,Different class,0.12465498470608474
Polynomial,Same class,0.6610387074603716
Polynomial,Same class,1.109165961226254
Polynomial,Same class,0.033421091386448706
Polynomial,Same class,8.188562138532022
Polynomial,Different class,1.42088679618299
Polynomial,Different class,0.9036923313032608
Polynomial,Different class,0.5562548005970707
Polynomial,Different class,0.4967021591245801
Polynomial,Different class,0.5552675354378288
Polynomial,Same class,0.06064741529703657
Polynomial,Same class,0.7307490131192398
Polynomial,Same class,0.0013074416478683194
Polynomial,Different class,0.6634165860246557
Polynomial,Different class,0.8047463057410971
Polynomial,Different class,1.3226804493200237
Polynomial,Same class,0.3681665684713312
Polynomial,Same class,0.8773675381339315
Polynomial,Different class,4.042634859772383
Polynomial,Same class,0.2771793986360194
Polynomial,Same class,0.16295985234693464
Polynomial,Same class,0.4399038518403525
Polynomial,Different class,0.5897780105629278
Polynomial,Different class,1.5970109731187598
Polynomial,Same class,2.2966298883074154
Polynomial,Same class,0.08385424203873276
Polynomial,Different class,2.3685457345021566
Polynomial,Different class,0.5370239341652883
Polynomial,Same class,0.7606127512952249
Polynomial,Different class,4.592824167288251
Polynomial,Same class,0.025761014562760406
Polynomial,Different class,1.078212849202239
Polynomial,Different class,0.25030435012178287
Polynomial,Different class,0.13888383761068784
Polynomial,Same class,2.8841075090238015
Polynomial,Different class,0.5740565444844891
Polynomial,Different class,0.4069037076975636
Polynomial,Different class,7.120652337984154
Polynomial,Same class,0.348400530523056
Polynomial,Same class,1.6856291114313309
Polynomial,Different class,0.5889289405800929
Polynomial,Different class,3.004636041419287
Polynomial,Different class,1.1137121630284852
Polynomial,Same class,0.9647325489573825
Polynomial,Different class,0.4695669290651268
Polynomial,Same class,3.228013927703397
Polynomial,Same class,1.390044032762262
Polynomial,Same class,0.16596538711632325
Polynomial,Different class,0.15403950801112395
Polynomial,Same class,0.7063420999209297
Polynomial,Same class,0.11972550759839204
Polynomial,Different class,1.4692706258229304
Polynomial,Same class,2.783192554980607
Polynomial,Different class,1.6468794134409883
Polynomial,Same class,0.581700962032967
Polynomial,Different class,1.5848666303485073
Polynomial,Different class,3.425983673646292
Polynomial,Same class,0.1391058856674758
Polynomial,Different class,0.7253022431766635
Polynomial,Same class,2.299384905840465
Polynomial,Same class,0.734628484754581
Polynomial,Different class,0.5141836848461001
Polynomial,Different class,0.7084277260326605
Polynomial,Different class,1.4418674802982951
Polynomial,Different class,1.615707781032139
Polynomial,Same class,2.5601759726339224
Polynomial,Same class,0.15321228682800442
Polynomial,Same class,1.293865292463549
Polynomial,Different class,1.585312838857492
Polynomial,Same class,0.8633908015512979
Polynomial,Same class,0.682990334503849
Polynomial,Same class,1.4674837933480858
Polynomial,Same class,0.00045727266503101544
Polynomial,Different class,4.462686920561181
Polynomial,Same class,6.74661662936558e-05
Polynomial,Same class,1.2494260808839162
Polynomial,Different class,1.463357648245051
Polynomial,Same class,1.7513511583977013
Polynomial,Same class,0.29766137780185903
Polynomial,Different class,1.113009885920203
Polynomial,Same class,1.198374628609096
Polynomial,Different class,1.3482570988101679
Polynomial,Different class,3.2673432296368117
Polynomial,Same class,0.25197245589476314
Polynomial,Same class,1.585002630529098
Polynomial,Different class,0.7201194084545802
Polynomial,Same class,2.1169995533187898
Polynomial,Same class,1.9870475270531796
Polynomial,Same class,0.29957673444298194
Polynomial,Different class,0.5946631281127646
Polynomial,Same class,0.1914130250774201
Polynomial,Same class,0.023286893098274697
Polynomial,Same class,2.541100908387952
Polynomial,Different class,2.3694416343315305
Polynomial,Different class,0.16258483973878599
Polynomial,Different class,1.657193556139474
Polynomial,Different class,0.7357710822833174
Polynomial,Same class,0.9067936147863511
Polynomial,Same class,2.2370714988653955
Polynomial,Same class,0.056889701825912534
Polynomial,Different class,0.47726627980157577
Polynomial,Same class,0.9245702705999689
Polynomial,Different class,1.1119638622696821
Polynomial,Different class,0.01889526488994693
Polynomial,Same class,0.09347045880505955
Polynomial,Same class,0.04459242892507711
Polynomial,Same class,1.8123514971891828
Polynomial,Same class,0.06525026286145165
Polynomial,Different class,0.3594369836869737
Polynomial,Different class,0.9326228143354935
Polynomial,Different class,2.885319742932152
Polynomial,Different class,0.45119721599196116
Polynomial,Different class,1.1353993362883197
Polynomial,Different class,0.6808014946399101
Polynomial,Same class,0.25910154570855526
Polynomial,Different class,0.17111361931654182
Polynomial,Different class,0.3075495401949689
Polynomial,Different class,0.03308213466161845
Polynomial,Different class,1.3246199268208427
Polynomial,Different class,3.236429141728971
Polynomial,Different class,1.1743239773622367
Polynomial,Different class,1.3685926299132385
Polynomial,Same class,0.25609441717401554
Polynomial,Same class,0.9066062411763882
Polynomial,Same class,1.5386099468290055
Polynomial,Different class,1.911448298916589
Polynomial,Different class,2.205364273171541
Polynomial,Different class,0.33471016605917014
Polynomial,Same class,0.13604728121271
Polynomial,Same class,1.653679253861665
Polynomial,Different class,1.1446527448340678
Polynomial,Different class,1.2945207775046195
Polynomial,Same class,0.25570190163069617
Polynomial,Different class,0.21383088738886294
Polynomial,Different class,0.7280340246220466
Polynomial,Different class,0.8772544206551652
Polynomial,Different class,0.029816087770560103
Polynomial,Same class,0.23084786437769014
Polynomial,Different class,0.6379549858999745
Polynomial,Different class,0.13720835854706617
Polynomial,Same class,1.0119802620354512
Polynomial,Different class,0.11633005046441947
Polynomial,Same class,1.1179502028132744
Polynomial,Same class,2.5028802358153626
Polynomial,Same class,1.3611643320463576
Polynomial,Same class,1.8542157300094686
Polynomial,Different class,0.051512748431703864
Polynomial,Same class,7.242604931291806
Polynomial,Different class,16.836395190009092
Polynomial,Different class,0.8914235219866092
Polynomial,Same class,2.4348630600677597
Polynomial,Different class,8.909261510874591
Polynomial,Same class,4.618460032656099
Polynomial,Different class,0.07003079818909208
Polynomial,Same class,0.7219903221683351
Polynomial,Different class,1.365183644358232
Polynomial,Same class,1.0869249767130467
Polynomial,Same class,0.32135691149465156
Polynomial,Same class,0.4888510504542438
Polynomial,Same class,0.46275751243801605
Polynomial,Same class,1.3211655320240263
Polynomial,Same class,2.6650030611304416
Polynomial,Same class,0.5885562620344702
Polynomial,Same class,1.1479993819472383
Polynomial,Same class,0.14141947924265447
Polynomial,Same class,1.1547764533313944
Polynomial,Different class,3.83674308906052
Polynomial,Same class,0.6623780638398709
Polynomial,Same class,1.6056243022410404
Polynomial,Same class,1.1237075723060819
Polynomial,Same class,8.091897338419292
Polynomial,Same class,2.4576743720881757
Polynomial,Different class,1.07341011958023
Polynomial,Different class,1.7616484331859106
Polynomial,Same class,3.9550361921258568
Polynomial,Different class,0.4114387323663922
Polynomial,Same class,1.5978697899897754
Polynomial,Same class,0.6835424781800298
Polynomial,Same class,0.6926445949576536
Polynomial,Different class,0.08492376671966384
Polynomial,Same class,0.009986711003841253
Polynomial,Same class,3.0518631319846063
Polynomial,Same class,0.9693138712972699
Polynomial,Different class,0.559004278903378
Polynomial,Different class,1.1216079477800218
Polynomial,Different class,0.14099373311830599
Polynomial,Same class,0.9710624782383096
Polynomial,Same class,0.9426698415657883
Polynomial,Same class,0.8949747743010131
Polynomial,Same class,1.2098062461942765
Polynomial,Different class,0.18038526107551298
Polynomial,Same class,0.06706746304547513
Polynomial,Different class,1.318000712147834
Polynomial,Same class,2.27751512716097
Polynomial,Same class,2.48066728459404
Polynomial,Different class,1.33945488200603
Polynomial,Different class,3.4457925959189657
Polynomial,Same class,1.3236649630875776
Polynomial,Different class,0.6059931658230004
Polynomial,Same class,3.055982178242192
Polynomial,Different class,0.5221304008683701
Polynomial,Same class,1.614211322022775
Polynomial,Same class,0.031037920903497922
Polynomial,Same class,0.71030149543641
Polynomial,Different class,0.24331906863092478
Polynomial,Same class,1.914674202137976
Polynomial,Same class,0.0945158609689434
Polynomial,Same class,4.447572589407143
Polynomial,Different class,22.4676388129331
Polynomial,Same class,1.0834325688989734
Polynomial,Same class,1.4705115402895177
Polynomial,Different class,1.5881928566924035
Polynomial,Same class,0.0048758976955836164
Polynomial,Different class,12.732770615376877
Polynomial,Same class,0.6811852468806192
Polynomial,Different class,2.058128420158076
Polynomial,Different class,1.4150806970551575
Polynomial,Same class,0.0044066252106514
Polynomial,Different class,1.4873654701088026
Polynomial,Different class,0.06594692707655647
Polynomial,Same class,6.464942111505847
Polynomial,Same class,0.49501840704699673
Polynomial,Same class,0.2563617278735408
Polynomial,Different class,0.00040511496174129287
Polynomial,Same class,0.1771588754083907
Polynomial,Different class,2.152018698187407
Polynomial,Same class,1.8929112816315508
Polynomial,Same class,1.3283807870617312
Polynomial,Same class,4.331135232674048
Polynomial,Same class,4.030301894549838
Polynomial,Same class,4.03895262373126
Polynomial,Same class,13.246882808462525
Polynomial,Different class,2.9249208863446094
Polynomial,Same class,0.4685837211555326
Polynomial,Different class,0.2707118188428744
Polynomial,Same class,3.2467426995515623
Polynomial,Same class,3.288420203414248
Polynomial,Same class,0.9548514997226246
Polynomial,Different class,1.88829470754901
Polynomial,Different class,0.06610646352993976
Polynomial,Different class,2.543707511311783
Polynomial,Different class,4.02818482125551
Polynomial,Different class,0.027524303535510632
Polynomial,Same class,0.325615198702925
Polynomial,Different class,0.24643915226600563
Polynomial,Same class,0.2873469221688227
Polynomial,Different class,0.3486928386608633
Polynomial,Different class,1.429227751386607
Polynomial,Same class,0.5679379671668128
Polynomial,Different class,0.1594303969322657
Polynomial,Different class,0.0657746609862845
Polynomial,Different class,0.3048278424579862
Polynomial,Different class,1.299627628918112
Polynomial,Different class,0.2342302332086673
Polynomial,Same class,3.0802349107168165
Polynomial,Different class,0.9888239597934702
Polynomial,Different class,5.195856762097719
Polynomial,Same class,1.17823616545357
Polynomial,Same class,0.37020382853926226
Polynomial,Different class,0.788877698940206
Polynomial,Same class,0.9093275989917503
Polynomial,Same class,0.17920034047329098
Polynomial,Same class,1.0047635895993343
Polynomial,Different class,2.174611842815424
Polynomial,Different class,1.4248015780187895
Polynomial,Same class,0.0826577318929372
Polynomial,Same class,4.175592014865741
Polynomial,Different class,3.070322911614437
Polynomial,Same class,0.7545700334841193
Polynomial,Different class,0.4395109293579006
Polynomial,Same class,3.1033926216555012
Polynomial,Different class,0.5929694819868226
Polynomial,Different class,2.9106585141609544
Polynomial,Same class,0.0002031714710736103
Polynomial,Same class,0.4925481797451128
Polynomial,Same class,3.1736437361937924
Polynomial,Same class,1.852411649992739
Polynomial,Different class,1.483653818365066
Polynomial,Different class,0.9340250612304886
Polynomial,Different class,0.2957935462697916
Polynomial,Same class,4.563982278764564
Polynomial,Different class,3.5197975068641023
Polynomial,Same class,2.118989014914194
Polynomial,Different class,0.08548759830703596
Polynomial,Same class,2.7368752283660087
Polynomial,Different class,0.09390108639560736
Polynomial,Same class,0.3485414564640729
Polynomial,Different class,0.7437977268295944
Polynomial,Different class,0.01921143680015407
Polynomial,Same class,2.584284466542371
Polynomial,Same class,0.9720801708885735
Polynomial,Different class,1.8643915858694695
Polynomial,Different class,0.49384296068388983
Polynomial,Same class,2.086806248638594
Polynomial,Same class,0.14613834819508087
Polynomial,Different class,1.5743614139073092
Polynomial,Same class,0.40827443062092833
Polynomial,Different class,1.680514027301665
Polynomial,Different class,0.9012162893343938
Polynomial,Different class,0.5451676375208984
Polynomial,Different class,0.1601386692922201
Polynomial,Same class,0.20452515342153793
Polynomial,Different class,1.5382837373082947
Polynomial,Different class,1.670291417963119
Polynomial,Same class,2.361208807870095
Polynomial,Same class,13.517370550830785
Polynomial,Different class,0.1659935602447877
Polynomial,Different class,1.8149922950063044
Polynomial,Different class,3.4380665363216307
Polynomial,Different class,2.0175729035445387
Polynomial,Same class,0.7667830639764152
Polynomial,Different class,3.2350856317031997
Polynomial,Different class,1.5339692358707577
Polynomial,Same class,1.5207830393317534
Polynomial,Same class,1.1402504599989682
Polynomial,Different class,0.16208281242335085
Polynomial,Same class,3.1516657518735687
Polynomial,Different class,0.6644913930516525
Polynomial,Same class,1.3523653397318034
Polynomial,Different class,1.1006196954092498
Polynomial,Different class,0.45117772756224966
Polynomial,Different class,0.07023316563426196
Polynomial,Different class,0.09448411511545181
Polynomial,Different class,0.6101982697896254
Polynomial,Same class,2.781193077084352
Polynomial,Different class,0.12260328813385671
Polynomial,Different class,2.6553261500873333
Polynomial,Different class,0.18808388818990635
Polynomial,Different class,7.658797441579971
Polynomial,Same class,0.5072952947760111
Polynomial,Different class,0.2871603433338804
Polynomial,Same class,0.2263317705746231
Polynomial,Different class,0.0006909230729663174
Polynomial,Different class,5.101136478812859
Polynomial,Same class,0.06222568166627982
Polynomial,Same class,2.990322429073607
Polynomial,Different class,4.643414286293322
Polynomial,Different class,1.0021875013447636
Polynomial,Different class,0.03169790025191897
Polynomial,Different class,3.5305798101357904
Polynomial,Different class,0.7598932589978046
Polynomial,Different class,2.5351594858513775
Polynomial,Same class,1.0697504791406747
Polynomial,Same class,1.1749750714085923
Polynomial,Same class,0.0005904320138079458
Polynomial,Same class,0.9239129344000131
Polynomial,Same class,2.4390558779793223
Polynomial,Different class,1.13340858253647
Polynomial,Same class,1.1525533904488765
Polynomial,Same class,0.4149607473425009
Polynomial,Same class,31.040902876038903
Polynomial,Same class,0.2554566366762256
Polynomial,Same class,0.0005014852898890004
Polynomial,Same class,0.20699918534613507
Polynomial,Same class,0.011738996328502288
Polynomial,Same class,0.88865591716946
Polynomial,Same class,0.39597663671799593
Polynomial,Same class,0.00036406340677894053
Polynomial,Different class,2.4893432853183346
Polynomial,Different class,0.0690024372374007
Polynomial,Different class,0.20526744245502868
Polynomial,Different class,2.415859393435513
Polynomial,Different class,0.9186666039214219
Polynomial,Same class,0.6233222982413874
Polynomial,Different class,0.07828189724302272
Polynomial,Different class,1.669198580271119
Polynomial,Different class,0.6654753577734134
Polynomial,Same class,1.269519811374878
Polynomial,Same class,1.3859500223653582
Polynomial,Different class,2.754738517086965
Polynomial,Same class,0.8057987187842677
Polynomial,Different class,2.8572694145658275
Polynomial,Same class,0.6591608158215357
Polynomial,Different class,2.073246084885329
Polynomial,Different class,1.6291507479514136
Polynomial,Different class,0.8463964470289168
Polynomial,Same class,0.6072992762830157
Polynomial,Different class,0.2045563404146966
Polynomial,Same class,2.3896037210225254
Polynomial,Same class,0.11264972762573557
Polynomial,Same class,0.519680480915471
Polynomial,Different class,2.459043758704628
Polynomial,Different class,0.9153232868546229
Polynomial,Different class,0.022178997474892874
Polynomial,Different class,0.0026840465169897035
Polynomial,Same class,0.022741591036509506
Polynomial,Different class,1.3812600730107862
Polynomial,Same class,2.1023206723748764
Polynomial,Same class,1.4674522181099097
Polynomial,Same class,0.502548897560814
Polynomial,Different class,1.752877858386474
Polynomial,Different class,2.3739992977323117
Polynomial,Same class,4.635489928172652
Polynomial,Same class,0.9844227851278493
Polynomial,Same class,0.2881596788406736
Polynomial,Same class,0.001172409286714177
Polynomial,Different class,1.5172755578612387
Polynomial,Same class,0.9573147074006361
Polynomial,Different class,3.0007116314698354
Polynomial,Same class,0.1322196173059478
Polynomial,Different class,0.16028572972425942
Polynomial,Same class,0.08432377182137134
Polynomial,Same class,1.2030648709372207
Polynomial,Different class,0.7327217977940985
Polynomial,Same class,2.0978589796108564
Polynomial,Same class,5.2053080757242585
Polynomial,Different class,0.29615318452549066
Polynomial,Same class,2.617544196541241
Polynomial,Same class,2.4283877622173082
Polynomial,Different class,1.0934690128743652
Polynomial,Different class,0.32179292292480427
Polynomial,Different class,0.17646131271531354
Polynomial,Different class,3.512037388886829
Polynomial,Different class,0.6553076166573827
Polynomial,Different class,1.7083329068550432
Polynomial,Different class,0.010336441520074725
Polynomial,Different class,0.4983363531863312
Polynomial,Same class,1.4643673286137797
Polynomial,Same class,0.6510558647945146
Polynomial,Same class,1.6205221494996687
Polynomial,Different class,0.17701000669522265
Polynomial,Different class,2.5311649420780844
Polynomial,Different class,1.82905746102253
Polynomial,Different class,1.9710531159100293
Polynomial,Same class,13.2471392507663
Polynomial,Same class,1.045175019993585
Polynomial,Different class,4.2711879472965055
Polynomial,Same class,3.984701161671494
Polynomial,Different class,0.5242016663270387
Polynomial,Same class,0.13245249317119998
Polynomial,Same class,2.507445892046889
Polynomial,Different class,1.98183604924628
Polynomial,Same class,1.3985968899135748
Polynomial,Different class,1.1671002690292147
Polynomial,Same class,3.0874222505378106
Polynomial,Same class,0.48188274968854106
Polynomial,Same class,4.690791967306819
Polynomial,Different class,4.162479834229316
Polynomial,Different class,4.7092408578445495
Polynomial,Different class,0.8975964913866697
Polynomial,Same class,0.18524616502670507
Polynomial,Same class,2.4618620578094
Polynomial,Same class,1.4507832570090695
Polynomial,Different class,1.8755262544532785
Polynomial,Different class,1.0624748360032608
Polynomial,Different class,1.4144969925365243
Polynomial,Different class,0.22210986646189623
Polynomial,Different class,1.4759606868516975
Polynomial,Same class,0.710967663404148
Polynomial,Same class,7.673416466583314
Polynomial,Different class,2.1421265149704976
Polynomial,Different class,0.4699277205308174
Polynomial,Different class,1.8331101421902845
Polynomial,Same class,0.08009822127993098
Polynomial,Different class,1.1056689307030205
Polynomial,Same class,1.6496061770752657
Polynomial,Different class,1.1396078015779398
Polynomial,Same class,1.1213184306422739
Polynomial,Same class,0.002747072029575577
Polynomial,Same class,1.49185836802888
Polynomial,Same class,4.681619095529013
Polynomial,Different class,6.23763314064737
Polynomial,Same class,1.395058815352116
Polynomial,Same class,0.484799836018373
Polynomial,Different class,6.317312074954291
Polynomial,Different class,2.162720789850292
Polynomial,Same class,0.5862148816856249
Polynomial,Same class,0.014436583331655383
Polynomial,Same class,1.8226020882395868
Polynomial,Different class,0.5006603137409487
Polynomial,Same class,1.5217284640342854
Polynomial,Same class,0.6958958263539723
Polynomial,Different class,1.1797656038617248
Polynomial,Different class,0.5354160362279283
Polynomial,Same class,2.9652072312622937
Polynomial,Different class,0.8957492617229942
Polynomial,Different class,0.8822278738313531
Polynomial,Same class,0.6606337004620172
Polynomial,Same class,0.09721618728967778
Polynomial,Different class,2.4513725780145097
Polynomial,Different class,0.4448443818906256
Polynomial,Different class,0.7512308062961897
Polynomial,Same class,2.9989040357243812
Polynomial,Different class,1.4056770790174793
Polynomial,Different class,0.00012058480925464688
Polynomial,Different class,2.667920191404682
Polynomial,Different class,0.04976758013822816
Polynomial,Different class,0.027283609992754462
Polynomial,Same class,1.5051733064683417
Polynomial,Same class,1.0350964353908991
Polynomial,Same class,1.126071277732222
Polynomial,Different class,0.1261095050192583
Polynomial,Same class,0.5469297310334086
Polynomial,Same class,4.486512507406015
Polynomial,Same class,9.96202601539463
Polynomial,Same class,0.13865653225007085
Polynomial,Different class,0.10193628361498595
Polynomial,Same class,0.9001134843510487
Polynomial,Different class,4.6259608325518276
Polynomial,Different class,2.1344885661875344
Polynomial,Different class,0.254418255636335
Polynomial,Same class,0.4491525154883234
Polynomial,Same class,0.9253006027398752
Polynomial,Same class,2.1596279387014956
Polynomial,Different class,3.452833522350463
Polynomial,Different class,0.689406432422438
Polynomial,Different class,0.9266945642854688
Polynomial,Same class,1.7121693084132665
Polynomial,Different class,0.10249918706515528
Polynomial,Different class,0.18187045963101106
Polynomial,Same class,1.5787523904910181
Polynomial,Same class,1.2106977293213248
Polynomial,Different class,2.8572265289874745
Polynomial,Different class,3.868689307743598
Polynomial,Same class,2.591922990473063
Polynomial,Different class,1.21198425773283
Polynomial,Different class,1.7715148070346454
Polynomial,Same class,0.5038536885456727
Polynomial,Same class,4.374674322039804
Polynomial,Same class,0.8607380020135027
Polynomial,Same class,2.7597759037469727
Polynomial,Different class,0.24705626277920878
Polynomial,Same class,5.006335110173386
Polynomial,Same class,0.3105403629628444
Polynomial,Different class,0.44017081911393774
Polynomial,Same class,1.9275643350014025
Polynomial,Same class,0.0383959867528534
Polynomial,Same class,0.4473155828809499
Polynomial,Same class,0.48727118664718905
Polynomial,Different class,4.815161849133424
Polynomial,Different class,0.7694204259342269
Polynomial,Different class,0.07142180319533604
Polynomial,Different class,2.049552025121711
Polynomial,Same class,0.0752956765549809
Polynomial,Different class,2.3207888019927965
Polynomial,Same class,2.0249951365919023
Polynomial,Different class,2.7787087522931957
Polynomial,Different class,0.00029006868602648154
Polynomial,Same class,0.12688488376972767
Polynomial,Same class,0.7234047702690641
Polynomial,Different class,2.772786633585043
Polynomial,Different class,0.0955729807598703
Polynomial,Same class,0.013430402742426042
Polynomial,Different class,0.6890436964169756
Polynomial,Different class,1.4726506357534548
Polynomial,Same class,0.0003767386418325654
Polynomial,Different class,0.10242111369030593
Polynomial,Different class,1.140610638678409
Polynomial,Different class,0.46854790551050207
Polynomial,Different class,0.7900435906556043
Polynomial,Different class,0.8504816334193025
Polynomial,Same class,2.4395409790929277
Polynomial,Different class,1.6947318625363734
Polynomial,Same class,2.160254846794317
Polynomial,Same class,0.1075373071139061
Polynomial,Different class,0.015530299886165722
Polynomial,Different class,1.5691132391417175
Polynomial,Different class,3.650668417170692
Polynomial,Different class,0.44278724868926966
Polynomial,Same class,0.012037426895318299
Polynomial,Different class,2.0249767751954337
Polynomial,Same class,0.11845178431641151
Polynomial,Different class,0.21358799038366483
Polynomial,Different class,0.42487193945759527
Polynomial,Same class,0.6687015215691874
Polynomial,Same class,0.6632967154614128
Polynomial,Same class,0.02645313883511899
Polynomial,Same class,1.0910390852609668
Polynomial,Different class,2.137287868335454
Polynomial,Different class,0.0006497558679772144
Polynomial,Different class,2.0269087030442967
Polynomial,Different class,3.3914897755011544
Polynomial,Same class,0.6672709531350777
Polynomial,Different class,1.4814461918699118
Polynomial,Different class,0.8680740203560185
Polynomial,Same class,1.1661817374149601
Polynomial,Different class,0.14255282428189806
Polynomial,Same class,0.2612618783409693
Polynomial,Different class,0.5967161150180212
Polynomial,Different class,1.7885058996686736
Polynomial,Same class,3.7912875356735434
Polynomial,Different class,2.052655974713827
Polynomial,Same class,0.09582275170665
Polynomial,Same class,0.19936112661840036
Polynomial,Same class,1.2665579875334645
Polynomial,Same class,1.4086806972981916
Polynomial,Same class,6.072690623999511
Polynomial,Different class,8.119705341626188
Polynomial,Different class,0.49882568823187207
Polynomial,Same class,0.0022067036391716813
Polynomial,Different class,0.9780617785649631
Polynomial,Same class,0.2005515216514809
Polynomial,Different class,0.6346539486462264
Polynomial,Different class,0.41652756923033657
Polynomial,Different class,1.7885804205839062
Polynomial,Same class,1.1080532532665002
Polynomial,Different class,0.947326348471992
Polynomial,Different class,3.062378889242065
Polynomial,Same class,2.4747257520645243
Polynomial,Same class,5.01288679828371
Polynomial,Different class,0.08434085302144026
Polynomial,Same class,1.2736465240501846
Polynomial,Same class,1.29835491695832
Polynomial,Same class,0.49966894984613136
Polynomial,Same class,0.19728388597466473
Polynomial,Different class,0.13029538207327324
Polynomial,Same class,0.035756177507515696
Polynomial,Different class,2.401478419615991
Polynomial,Different class,0.20114955354083547
Polynomial,Same class,1.5095573708088519
Polynomial,Same class,8.202290458787024e-05
Polynomial,Different class,0.08317151884453165
Polynomial,Same class,13.597308669671833
Polynomial,Different class,0.02255933186105515
Polynomial,Different class,0.515818847657149
Polynomial,Same class,0.002610078490389452
Polynomial,Different class,0.233491015472866
Polynomial,Same class,3.300082083178161
Polynomial,Same class,2.03344231117937
Polynomial,Same class,1.2236860522817157
Polynomial,Same class,1.5959925354000495
Polynomial,Different class,1.0391223408769348
Polynomial,Different class,2.0918161688649994
Polynomial,Different class,1.0011332191300364
Polynomial,Different class,0.8701154474736259
Polynomial,Different class,0.6013817072934992
Polynomial,Same class,1.101983297415498
Polynomial,Different class,2.1370920411079126
Polynomial,Same class,2.562086788203524
Polynomial,Different class,0.16375049882697507
Polynomial,Different class,2.601510136679441
Polynomial,Same class,1.4239547748659458
Polynomial,Same class,0.29179254956552025
Polynomial,Different class,0.474973128725591
Polynomial,Different class,0.3837388234340419
Polynomial,Different class,0.14590110993797623
Polynomial,Different class,1.52450177043487
Polynomial,Different class,6.659868551257969
Polynomial,Different class,3.007456059350807
Polynomial,Different class,1.9330971023442844
Polynomial,Same class,2.202840171121273
Polynomial,Different class,0.7386805006836268
Polynomial,Different class,0.018059224331357003
Polynomial,Different class,0.7088494784803976
Polynomial,Same class,0.8050946326501421
Polynomial,Same class,1.8632484596834062
Polynomial,Same class,2.303936387865039
Polynomial,Different class,0.3909495620510718
Polynomial,Different class,0.9915260074397002
Polynomial,Different class,0.3152571049663666
Polynomial,Different class,0.13204698985774715
Polynomial,Same class,0.006027515560030331
Polynomial,Different class,0.3197976367850001
Polynomial,Same class,0.7618297547760304
Polynomial,Different class,2.751294258974868
Polynomial,Different class,0.020859901095094512
Polynomial,Different class,0.9895987567600828
Polynomial,Same class,3.0328803077490307
Polynomial,Different class,0.08569601321366145
Polynomial,Different class,3.9900154336286975
Polynomial,Different class,0.7580605683710784
Polynomial,Different class,0.05108898216868894
Polynomial,Different class,1.775634694177779
Polynomial,Different class,0.7527461027641443
Polynomial,Different class,0.052851726328578603
Polynomial,Different class,2.2662561245096873
Polynomial,Same class,2.699582268727282
Polynomial,Different class,2.523818434111501
Polynomial,Same class,1.0095809818467152
Polynomial,Same class,0.6123796404082292
Polynomial,Same class,0.19056646138862152
Polynomial,Different class,2.151792923608325
Polynomial,Same class,1.9469895313151913
Polynomial,Different class,0.01297595598599446
Polynomial,Different class,2.1765764567355927
Polynomial,Different class,2.2843096089036146
Polynomial,Same class,0.9301407166342277
Polynomial,Different class,0.39383436483151363
Polynomial,Same class,1.4758369389409716
Polynomial,Same class,1.9184217333909634
Polynomial,Different class,2.6218465042338797
Polynomial,Same class,1.2314528669852718
Polynomial,Different class,1.5208412719264797
Polynomial,Same class,1.1771950698585747
Polynomial,Same class,2.059028653522705
Polynomial,Same class,0.05150925760859061
Polynomial,Different class,0.2336990021039027
Polynomial,Different class,0.3557647739931082
Polynomial,Different class,2.6637217722389606
Polynomial,Different class,10.011635708252129
Polynomial,Same class,0.3215526715895069
Polynomial,Different class,1.758104460052315
Polynomial,Different class,0.7759867483126237
Polynomial,Same class,0.1719410975818
Polynomial,Different class,0.00301263737788831
Polynomial,Different class,2.5711845585898288
Polynomial,Same class,0.5794372349670126
Polynomial,Different class,0.003170004124367438
Polynomial,Different class,0.08198558732643575
Polynomial,Same class,0.04395865287027157
Polynomial,Different class,1.0419516102080593
Polynomial,Different class,0.01446682357106546
Polynomial,Same class,0.8355514816844196
Polynomial,Different class,2.702733492196934
Polynomial,Different class,0.31623172976102165
Polynomial,Same class,0.5117132346994813
Polynomial,Same class,0.09675883675822206
Polynomial,Same class,4.829346563447728
Polynomial,Different class,6.260668052550455
Polynomial,Same class,1.4399120556920697
Polynomial,Same class,0.09592277748039536
Polynomial,Same class,0.7075792657858453
Polynomial,Same class,0.4535598735889994
Polynomial,Different class,1.7974195392391283
Polynomial,Same class,2.5503485538159465
Polynomial,Same class,0.2315329956364197
Polynomial,Same class,1.0002168658688455
Polynomial,Same class,1.6054465979642565
Polynomial,Same class,1.260020006127057
Polynomial,Different class,3.031457320165218
Polynomial,Same class,1.185405512563952
Polynomial,Different class,5.147435836969578
Polynomial,Different class,1.437056388079301
Polynomial,Different class,1.2021603471467481
Polynomial,Different class,0.5974277745166892
Polynomial,Different class,1.478557734078049
Polynomial,Different class,2.0362140230221204
Polynomial,Same class,0.4267191430147945
Polynomial,Different class,1.5961313706154128
Polynomial,Same class,1.0673558043082996
Polynomial,Same class,1.1610514858428902
Polynomial,Same class,4.0565541139689865
Polynomial,Same class,0.005016793713680691
Polynomial,Same class,0.33582436582205016
Polynomial,Different class,0.4173787346191891
Polynomial,Same class,0.5501651684379226
Polynomial,Different class,0.883200541523426
Polynomial,Different class,1.4515335162670497
Polynomial,Same class,2.5354901313864775
Polynomial,Different class,1.3420999047102284
Polynomial,Same class,0.19115765774965723
Polynomial,Same class,2.0978788198771148
Polynomial,Different class,0.7309182138435452
Polynomial,Different class,0.15211179009018422
Polynomial,Different class,0.3405190631797926
Polynomial,Different class,0.026242228133994537
Polynomial,Different class,0.46330291806439455
Polynomial,Same class,1.1869309015748282
Polynomial,Same class,3.0361850378132496
Polynomial,Different class,0.0927022610037563
Polynomial,Different class,0.7228796982811401
Polynomial,Different class,3.005811779266742
Polynomial,Different class,2.1296841699423967
Polynomial,Different class,2.737397820628965
Polynomial,Different class,0.4349586560303656
Polynomial,Different class,2.988982161820248
Polynomial,Different class,1.1981301318634796
Polynomial,Same class,0.8015459114319613
Polynomial,Same class,3.702601319674453
Polynomial,Same class,1.7911256243973646
Polynomial,Same class,3.226297402637225
Polynomial,Same class,0.9052117083969314
Polynomial,Different class,0.0027501424482354667
Polynomial,Different class,0.5992013938737779
Polynomial,Same class,1.3643506419051454
Polynomial,Same class,10.600042437976368
Polynomial,Same class,0.8332064907374147
Polynomial,Different class,1.689814528507105
Polynomial,Same class,0.2015938065921012
Polynomial,Same class,1.2055210636873959
Polynomial,Same class,1.4305175298966537
Polynomial,Different class,0.006701311406299342
Polynomial,Same class,0.1281052653329678
Polynomial,Same class,0.513285150498678
Polynomial,Same class,0.33659992426572716
Polynomial,Different class,1.3679224384425637
Polynomial,Same class,0.9074075047939826
Polynomial,Different class,0.5385195223661547
Polynomial,Same class,0.006440567917035074
Polynomial,Same class,1.7824127520112636
Polynomial,Different class,2.021636287047516
Polynomial,Same class,0.8772381540828765
Polynomial,Same class,3.9783099335083705
Polynomial,Different class,2.3564404155466967
Polynomial,Different class,0.15194282369251985
Polynomial,Same class,4.47022951075121
Polynomial,Different class,1.40445402755983
Polynomial,Same class,1.6596330058542896
Polynomial,Same class,0.9599438042715596
Polynomial,Different class,3.128944181824151
Polynomial,Same class,2.0257579258021443
Polynomial,Different class,4.085789808751789
Polynomial,Same class,1.1867487737804536
Polynomial,Same class,3.513463163071727
Polynomial,Same class,3.6169213966793534e-05
Polynomial,Different class,0.633554894562498
Polynomial,Different class,0.016319127421483042
Polynomial,Different class,0.023383706909859633
Polynomial,Different class,0.7526628352658465
Polynomial,Same class,0.6335188161459064
Polynomial,Same class,0.4276053463006569
Polynomial,Different class,0.012916395096674717
Polynomial,Different class,0.6292940482961695
Polynomial,Same class,0.8103090944696649
Polynomial,Same class,0.5799213111501462
Polynomial,Same class,3.4232715874819757
Polynomial,Different class,1.5098185229495844
Polynomial,Different class,0.031975535109865824
Polynomial,Different class,0.9141428439562257
Polynomial,Same class,0.4209757875920991
Polynomial,Same class,0.4225473170453016
Polynomial,Same class,1.1383302680407335
Polynomial,Different class,1.2624660737188518
Polynomial,Same class,0.3364299598204673
Polynomial,Different class,0.14638812450822214
Polynomial,Same class,1.9497033420958196
Polynomial,Same class,4.101354054383872
Polynomial,Different class,1.6164549218246465
Polynomial,Same class,1.492638045386493
Polynomial,Different class,1.9607323358092055
Polynomial,Same class,0.20157979472745718
Polynomial,Different class,1.7525307330886024
Polynomial,Same class,4.751400817625915
Polynomial,Different class,0.3303506206136995
Polynomial,Different class,0.608811802614793
Polynomial,Same class,1.8665005736984097
Polynomial,Same class,5.721749162853932
Polynomial,Different class,1.340678421037716
Polynomial,Different class,0.938958738568451
Polynomial,Same class,2.4675358192872454
Polynomial,Different class,1.9666119207458719
Polynomial,Same class,3.0305317870298505
Polynomial,Different class,0.006188459593412
Polynomial,Same class,0.7220243994642251
Polynomial,Different class,3.725601148843517
Polynomial,Same class,3.7909992801165804
Polynomial,Different class,0.09297531796405667
Polynomial,Same class,5.317768378402762
Polynomial,Different class,0.3114251510963008
Polynomial,Same class,0.16903298244283702
Polynomial,Different class,0.03126149443379132
Polynomial,Different class,0.5705930829513214
Polynomial,Different class,0.33582158839233167
Polynomial,Different class,2.3732074618315018
Polynomial,Different class,1.17430472869683
Polynomial,Different class,0.9706743692160628
Polynomial,Same class,3.737012242513004
Polynomial,Different class,0.15256108337391527
Polynomial,Same class,0.8291327368430907
Polynomial,Different class,0.15763701286509144
Polynomial,Different class,0.7904977872828463
Polynomial,Same class,6.011095187726313
Polynomial,Different class,0.5384798605212949
Polynomial,Same class,10.298292076684453
Polynomial,Same class,3.737092330067096
Polynomial,Different class,0.02019871743852253
Polynomial,Different class,1.3513904282368276
Polynomial,Same class,0.8126329649534679
Polynomial,Different class,1.1321654677948096
Polynomial,Different class,1.5779106510331602
Polynomial,Different class,0.7036949673743104
Polynomial,Same class,0.9423935053494009
Polynomial,Different class,0.07184084034654968
Polynomial,Same class,1.448844423193929
Polynomial,Same class,0.22075719599015292
Polynomial,Different class,2.5560856115500186
Polynomial,Same class,3.3310099233477035
Polynomial,Same class,14.206952769132894
Polynomial,Different class,0.2573833858472651
Polynomial,Different class,2.3518476013970604
Polynomial,Same class,0.4019665081137261
Polynomial,Different class,3.7573497338875557
Polynomial,Same class,1.791828914746755
Polynomial,Same class,0.24628948736100842
Polynomial,Same class,0.17036928341649804
Polynomial,Different class,0.16416173181065447
Polynomial,Different class,3.597682129095135
Polynomial,Same class,0.6741182267217043
Polynomial,Different class,0.29397966117803404
Polynomial,Different class,0.40352513234117243
Polynomial,Same class,0.03832044898231886
Polynomial,Same class,1.846805487655052
Polynomial,Different class,1.4843344233980535
Polynomial,Same class,3.83875155095685
Polynomial,Different class,5.40433265442657
Polynomial,Different class,4.692154482990904
Polynomial,Same class,1.6300375305997525
Polynomial,Different class,1.689889666374432
Polynomial,Different class,0.006427468056863997
Polynomial,Different class,0.31092137939371073
Polynomial,Same class,0.5824112124526606
Polynomial,Different class,1.5863511442365297
Polynomial,Same class,1.7090211187690751
Polynomial,Different class,0.5256637580829436
Polynomial,Same class,8.442401875133225
Polynomial,Same class,0.7502276952842787
Polynomial,Different class,0.5443291586005872
Polynomial,Same class,1.5521805386907448
Polynomial,Same class,3.0740354122125466
Polynomial,Same class,3.4814105287807164
Polynomial,Same class,6.987172102326413
Polynomial,Same class,1.127193814739296
Polynomial,Different class,0.0007513048735368784
Polynomial,Different class,3.102711405951762
Polynomial,Different class,0.7327438036337772
Polynomial,Same class,6.429950701818002
Polynomial,Same class,1.4063465337947183
Polynomial,Different class,0.08739255205096146
Polynomial,Same class,0.8489427957852831
Polynomial,Different class,2.708363563746205
Polynomial,Same class,0.007194925306961065
Polynomial,Same class,1.468310973852038
Polynomial,Same class,5.886035815392887
Polynomial,Different class,1.2742180011854476
Polynomial,Same class,1.0047521393579995
Polynomial,Same class,6.197501838200001
Polynomial,Same class,2.663100491865698
Polynomial,Same class,2.2062913183199053
Polynomial,Different class,5.942239910203294
Polynomial,Same class,1.5041523804387733
Polynomial,Different class,1.1663048049002214
Polynomial,Different class,0.9599787182527677
Polynomial,Same class,0.000426887807770728
Polynomial,Same class,1.0952070904480171
Polynomial,Different class,0.02867420047540144
Polynomial,Same class,0.08535100775338814
Polynomial,Same class,0.9708882397664945
Polynomial,Different class,0.29578132730383105
Polynomial,Different class,0.38162006035323487
Polynomial,Same class,4.365703889921845
Polynomial,Different class,5.360899420410781
Polynomial,Same class,2.0534355863703344
Polynomial,Same class,1.0864372910390854
Polynomial,Different class,1.2745602899435997
Polynomial,Different class,0.32476736929076205
Polynomial,Same class,0.9423022815975871
Polynomial,Different class,0.2522269904714844
Polynomial,Same class,0.9294701430757402
Polynomial,Different class,0.5630301885178117
Polynomial,Different class,1.6264733504493682
Polynomial,Different class,0.05395721847818064
Polynomial,Same class,4.04284400883486
Polynomial,Same class,0.9396345588991164
Polynomial,Different class,0.04607475863586817
Polynomial,Same class,0.3234629901134062
Polynomial,Different class,0.6581067222953327
Polynomial,Same class,1.651095528561739
Polynomial,Different class,0.9349513967427248
Polynomial,Different class,0.747177723387812
Polynomial,Same class,0.340976072403286
Polynomial,Different class,8.238181430693588
Polynomial,Same class,0.9441386673158758
Polynomial,Different class,1.709195123905795
Polynomial,Different class,1.3448117911624613
Polynomial,Different class,2.9180423040253682
Polynomial,Different class,3.552168951698325
Polynomial,Same class,0.7540608512387517
Polynomial,Same class,1.2519014618085864
Polynomial,Different class,1.7724520093461802
Polynomial,Same class,0.39530549229971224
Polynomial,Different class,0.11426406324359299
Polynomial,Same class,2.7962636079447156
Polynomial,Same class,0.8094460899677824
Polynomial,Same class,1.640244335382442
Polynomial,Same class,5.688553452791487
Polynomial,Different class,1.7824208422038397
Polynomial,Different class,1.6942083850127518
Polynomial,Same class,0.8136569968981461
Polynomial,Same class,5.505422567341915
Polynomial,Same class,1.4959889662686283
Polynomial,Same class,1.9998049289956772
Polynomial,Same class,0.2289352582458816
Polynomial,Same class,1.213214364188702
Polynomial,Same class,0.46878548270779674
Polynomial,Same class,1.0530336279700685
Polynomial,Same class,1.8788717044884025
Polynomial,Different class,0.33323737376669316
Polynomial,Same class,1.2612759326431686
Polynomial,Different class,0.7637345803833246
Polynomial,Same class,3.3102490390115586
Polynomial,Different class,8.00746334332619
Polynomial,Different class,0.9354854571408031
Polynomial,Same class,2.3585529717247837
Polynomial,Same class,0.6304829084979866
Polynomial,Different class,1.1657585616607653
Polynomial,Same class,0.003751944322596345
Polynomial,Different class,2.1590674113130746
Polynomial,Different class,0.5970575848970197
Polynomial,Same class,1.9285590573069582
Polynomial,Same class,2.232935020831818
Polynomial,Same class,0.5995019992949774
Polynomial,Same class,0.918315104650797
Polynomial,Same class,1.2253775489053804
Polynomial,Different class,1.9740121001416608
Polynomial,Different class,1.353396265049424
Polynomial,Same class,1.2359544874295196
Polynomial,Different class,2.3779286021798103
Polynomial,Different class,0.17983735061721773
Polynomial,Same class,0.5109875180615314
Polynomial,Different class,0.5823755812283148
Polynomial,Same class,0.06617672182610168
Polynomial,Same class,0.056335274786880524
Polynomial,Different class,0.5638782026365218
Polynomial,Different class,1.4250451244347075
Polynomial,Same class,2.852252655406351
Polynomial,Same class,2.4305724177980936
Polynomial,Same class,0.5772731451607588
Polynomial,Different class,0.3749432139378934
Polynomial,Different class,10.356529213776051
Polynomial,Same class,0.6195360151671984
Polynomial,Different class,0.854632238630759
Polynomial,Different class,2.635306960900558
Polynomial,Same class,1.580891655237081
Polynomial,Different class,0.19141885007782808
Polynomial,Same class,5.979429971644323
Polynomial,Same class,0.07751778460740597
Polynomial,Different class,0.20948707990617735
Polynomial,Different class,6.766396728019635
Polynomial,Different class,3.400339987215812
Polynomial,Same class,0.6958370185190477
Polynomial,Same class,1.8556614359398058
Polynomial,Different class,1.6709035690684342
Polynomial,Same class,0.9307323147396114
Polynomial,Different class,0.26111774765188656
Polynomial,Different class,2.847968328384816
Polynomial,Different class,0.23537561305337604
Polynomial,Different class,0.042606973242666074
Polynomial,Different class,0.06638496000440013
Polynomial,Same class,1.954662588002327
Polynomial,Different class,1.0968527867691356
Polynomial,Different class,2.6878287448906195
Polynomial,Different class,3.102528595319512
Polynomial,Same class,0.9252969146745753
Polynomial,Different class,1.527570041973609
Polynomial,Same class,0.2531918843268662
Polynomial,Same class,1.4983075538202906
Polynomial,Same class,0.4687537983663405
Polynomial,Different class,3.649604265526482
Polynomial,Same class,2.024493530472804
Polynomial,Same class,5.981099070674152
Polynomial,Different class,0.10172055434817527
Polynomial,Different class,0.11012488200677326
Polynomial,Same class,0.9789988848408263
Polynomial,Same class,2.2715714957385518
Polynomial,Same class,0.2858102390972604
Polynomial,Same class,0.42341041110770516
Polynomial,Different class,0.15812108149317644
Polynomial,Different class,0.15528959871781234
Polynomial,Same class,2.4788627850121636
Polynomial,Different class,1.7050175651492625
Polynomial,Different class,0.1757300257605337
Polynomial,Different class,0.000633626557037174
Polynomial,Different class,2.925709595973761
Polynomial,Different class,0.05052403090140553
Polynomial,Different class,0.0009982125077271338
Polynomial,Same class,1.3530243237453314
Polynomial,Same class,1.4010607644724618
Polynomial,Same class,0.16486388382698897
Polynomial,Same class,1.5819633857217736
Polynomial,Same class,0.7242791842260881
Polynomial,Different class,4.168548892404746
Polynomial,Same class,0.7323772631249854
Polynomial,Same class,1.7210916159092995
Polynomial,Same class,0.04600737528125847
Polynomial,Same class,3.1629842722947403
Polynomial,Same class,1.087792148669576
Polynomial,Different class,0.9979463358680755
Polynomial,Same class,4.843204395214261
Polynomial,Different class,0.3352634305591433
Polynomial,Different class,2.9262887331751837
Polynomial,Same class,0.9062043010481283
Polynomial,Same class,0.6303619694789894
Polynomial,Same class,0.48660453080420957
Polynomial,Different class,1.6231656992641676
Polynomial,Different class,0.5477373946790779
Polynomial,Different class,1.5704678461787736
Polynomial,Same class,7.148334443019889
Polynomial,Same class,0.4491500983065665
Polynomial,Same class,1.165525506025395
Polynomial,Same class,2.9575093514315043
Polynomial,Different class,0.563309542572391
Polynomial,Same class,9.79463538727894
Polynomial,Different class,1.7018829218399625
Polynomial,Different class,3.5006695680102617
Polynomial,Different class,4.327787059734266
Polynomial,Different class,0.28153187156604675
Polynomial,Same class,1.8267840187780744
Polynomial,Different class,0.8017242083068736
Polynomial,Different class,2.0918495553240595
Polynomial,Same class,1.472517742086095
Polynomial,Different class,0.15968271526098238
Polynomial,Same class,0.44271206113424477
Polynomial,Same class,0.14207554832770952
Polynomial,Different class,0.992298290228313
Polynomial,Same class,2.881100081958605
Polynomial,Same class,0.8097844408827591
Polynomial,Different class,2.0447511941065555
Polynomial,Same class,2.739016337805762
Polynomial,Same class,2.462421173040259
Polynomial,Different class,0.8890626991663113
Polynomial,Same class,1.8421064182972164
Polynomial,Same class,0.002486663486151295
Polynomial,Different class,6.918637028221783
Polynomial,Same class,0.5396691200156689
Polynomial,Different class,1.4844395063263307
Polynomial,Same class,1.9148203066193883
Polynomial,Different class,0.7585759556261954
Polynomial,Different class,0.2651479283233061
Polynomial,Different class,0.8472047754819523
Polynomial,Different class,0.6161572526624329
Polynomial,Different class,1.2067681011382616
Polynomial,Same class,4.442319618127668
Polynomial,Same class,1.8353519505809839
Polynomial,Different class,1.922649256895183
Polynomial,Different class,0.1792624634079311
Polynomial,Same class,0.43151462953563297
Polynomial,Same class,1.0855822544959661
Polynomial,Different class,1.3209189297524206
Polynomial,Different class,1.363039763325532
Polynomial,Different class,0.7263961110576349
Polynomial,Different class,0.2626011324520402
Polynomial,Different class,0.13629756889800693
Polynomial,Same class,0.7913680582073733
Polynomial,Same class,0.05907545024575116
Polynomial,Same class,1.422462675600687
Polynomial,Same class,0.43748980034539736
Polynomial,Different class,0.7981037572248563
Polynomial,Different class,0.2606922900375194
Polynomial,Same class,1.2704993121600698
Polynomial,Different class,2.011199251226429
Polynomial,Different class,0.16707045637457005
Polynomial,Different class,0.06515689220890955
Polynomial,Same class,2.2251249527272425
Polynomial,Different class,0.640625859727206
Polynomial,Different class,0.5075780449810338
Polynomial,Same class,3.9674827536086448
Polynomial,Different class,1.9421676134135888
Polynomial,Different class,0.6385189974577858
Polynomial,Same class,0.19512525653445578
Polynomial,Same class,0.11230498059567612
Polynomial,Different class,2.473148065847265
Polynomial,Different class,1.2329556195409872
Polynomial,Same class,1.880082391654753
Polynomial,Same class,2.4787766753202654
Polynomial,Same class,0.02254524822094503
Polynomial,Different class,0.16468647911764736
Polynomial,Different class,1.5386249790465572
Polynomial,Same class,0.7273738449697847
Polynomial,Same class,0.5082037641510755
Polynomial,Same class,0.35422552227922405
Polynomial,Same class,0.363612951396628
Polynomial,Same class,0.24324573997768795
Polynomial,Different class,1.3642282912867543
Polynomial,Same class,2.5664629068188454
Polynomial,Different class,2.2600411887099154
Polynomial,Same class,0.48234744875976415
Polynomial,Same class,0.1281427455428173
Polynomial,Different class,1.4157287699628047
Polynomial,Different class,0.30164902915032527
Polynomial,Same class,2.3398932675869775
Polynomial,Same class,2.3201608159759415
Polynomial,Same class,1.9985069975413727
Polynomial,Different class,2.957190475303428
Polynomial,Same class,1.3423436336921608
Polynomial,Different class,1.8587307796542323
Polynomial,Same class,2.827829719333508
Polynomial,Different class,6.29831020441224
Polynomial,Different class,0.006010246058716813
Polynomial,Different class,0.19179116561949505
Polynomial,Different class,0.15391456460558864
Polynomial,Different class,1.0338532874953368
Polynomial,Different class,0.013689527788689052
Polynomial,Same class,1.600929889673857
Polynomial,Different class,0.9929235007635896
Polynomial,Same class,1.3522571747709
Polynomial,Different class,4.463768998483862
Polynomial,Same class,2.567449514007163
Polynomial,Different class,0.9861638423497254
Polynomial,Same class,5.745004282345914
Polynomial,Same class,0.343239397540188
Polynomial,Different class,3.0011796797860404
Polynomial,Same class,3.204828465381928
Polynomial,Different class,1.8031925838573017
Polynomial,Different class,0.5755265483611629
Polynomial,Same class,1.2667340555807132
Polynomial,Different class,0.008570130642070416
Polynomial,Different class,0.7421435046249236
Polynomial,Same class,3.2700929753464263
Polynomial,Different class,0.3290818784234946
Polynomial,Different class,0.12136569681509504
Polynomial,Different class,2.3727870959964523
Polynomial,Different class,0.0018414475344488918
Polynomial,Different class,0.6489092113264755
Polynomial,Same class,2.2834060287022755
Polynomial,Different class,0.005837879745550699
Polynomial,Same class,0.20577045371569333
Polynomial,Different class,0.8340858595128894
Polynomial,Same class,19.59464522449725
Polynomial,Different class,0.0019768096704252344
Polynomial,Different class,0.10508242822218257
Polynomial,Same class,3.4127245097710253
Polynomial,Different class,3.963015594681203
Polynomial,Different class,0.02086799288460904
Polynomial,Same class,2.8479878281163624
Polynomial,Same class,2.234730832697797
Polynomial,Different class,2.076166499390052
Polynomial,Same class,0.23763640681554085
Polynomial,Different class,4.331197817261539
Polynomial,Same class,0.32244399423583736
Polynomial,Same class,0.925190357554145
Polynomial,Same class,1.5010896736638757
Polynomial,Same class,1.3774859244965376
Polynomial,Different class,0.023903781521402875
Polynomial,Different class,0.07779423385794093
Polynomial,Same class,0.2664580590659708
Polynomial,Different class,0.025791288257982863
Polynomial,Different class,0.9111912262382098
Polynomial,Different class,0.8841220105785935
Polynomial,Different class,0.7489430285625395
Polynomial,Different class,0.41380821977752485
Polynomial,Same class,1.36058818192953
Polynomial,Different class,0.7027696368233199
Polynomial,Different class,0.781819337267653
Polynomial,Same class,0.14022433208155902
Polynomial,Different class,1.132023035700952
Polynomial,Same class,2.2288545198251137
Polynomial,Different class,2.07139759697328
Polynomial,Different class,3.6065170604063863
Polynomial,Different class,3.904025485555001
Polynomial,Same class,0.005427088607553978
Polynomial,Different class,0.10287743275961078
Polynomial,Different class,0.6696610984128173
Polynomial,Different class,0.005720591993911019
Polynomial,Different class,0.688306557834838
Polynomial,Same class,5.068774993252294
Polynomial,Same class,0.24899590379771835
Polynomial,Same class,0.0006585990089589917
Polynomial,Different class,2.1536488712504127
Polynomial,Different class,1.3596085132962068
Polynomial,Same class,2.137863927506756
Polynomial,Same class,5.394969584123896
Polynomial,Different class,0.0011599608110020743
Polynomial,Same class,0.39249028549664355
Polynomial,Different class,0.716329470523869
Polynomial,Same class,7.554404861827168
Polynomial,Same class,0.8314229928834941
Polynomial,Different class,0.6683129737009377
Polynomial,Different class,2.2926691779190325
Polynomial,Different class,2.748349366412844
Polynomial,Same class,0.09731538503857182
Polynomial,Same class,0.1400170928900664
Polynomial,Different class,0.01893631842106807
Polynomial,Different class,1.4699591412486694
Polynomial,Same class,0.22897707955164961
Polynomial,Different class,0.41512822596879473
Polynomial,Same class,1.5590114252288618
Polynomial,Same class,1.4889725617460883
Polynomial,Different class,0.419330067637802
Polynomial,Same class,0.5468461410859068
Polynomial,Different class,2.5977667492594776
Polynomial,Same class,0.24528885733982658
Polynomial,Different class,4.5423439961738294
Polynomial,Different class,0.3407432739742053
Polynomial,Different class,1.0894830378414544
Polynomial,Same class,0.4810741875018635
Polynomial,Same class,0.38158071802552795
Polynomial,Different class,5.058343108211523
Polynomial,Different class,0.004352727599211717
Polynomial,Same class,1.277653812779224
Polynomial,Different class,0.2543991728750468
Polynomial,Different class,2.2382987852744023
Polynomial,Same class,0.266574537471518
Polynomial,Same class,1.7705835708660111
Polynomial,Different class,1.0100562043535137
Polynomial,Same class,1.2262563579583576
Polynomial,Different class,2.3982993488353
Polynomial,Same class,3.0154540516126844
Polynomial,Same class,3.8768099559869125
Polynomial,Different class,0.6224907400044072
Polynomial,Different class,1.9963047634974107
Polynomial,Same class,2.2382507063136443
Polynomial,Different class,1.7151808402972684
Polynomial,Same class,0.31236351633996656
Polynomial,Same class,12.919507492922149
Polynomial,Same class,0.21648295860789687
Polynomial,Different class,2.2670455346479654
Polynomial,Different class,0.4545738161197452
Polynomial,Same class,2.497941135787043
Polynomial,Same class,2.5770184685899507
Polynomial,Same class,1.614431041398695
Polynomial,Same class,0.4425025910498381
Polynomial,Different class,0.547426776431027
Polynomial,Same class,1.155415293121992
Polynomial,Same class,1.324908337311245
Polynomial,Same class,1.8407352763414158
Polynomial,Different class,3.230672247546557
Polynomial,Different class,1.253198787207491
Polynomial,Different class,0.6895533393753857
Polynomial,Different class,0.48385752480234806
Polynomial,Different class,0.24661074211424464
Polynomial,Same class,2.1750789800703565
Polynomial,Same class,2.279389205929229
Polynomial,Same class,1.6549296595948262
Polynomial,Different class,0.43472617373558897
Polynomial,Different class,1.7242472276734429
Polynomial,Different class,0.1447953979727091
Polynomial,Different class,0.48623866255442383
Polynomial,Same class,0.3041107516419833
Polynomial,Different class,0.9370698815403186
Polynomial,Same class,2.4403539463919164
Polynomial,Same class,1.4607025633448016
Polynomial,Same class,3.8888744660858143
Polynomial,Different class,0.12805311399163713
Polynomial,Same class,3.2159876155560108
Polynomial,Different class,0.09785034767163639
Polynomial,Different class,5.656625311934669
Polynomial,Different class,1.6801964127755744
Polynomial,Different class,2.4988371184172715
Polynomial,Different class,1.5858722780412147
Polynomial,Same class,0.057769665154665306
Polynomial,Different class,0.94065205494971
Polynomial,Same class,1.1317628907142954
Polynomial,Different class,0.004078052635107998
Polynomial,Same class,2.619531533618334
Polynomial,Different class,3.7716145858035715
Polynomial,Different class,0.16344918564195166
Polynomial,Same class,1.7897259760091546
Polynomial,Different class,2.786640468883368
Polynomial,Different class,0.7422266946404081
Polynomial,Same class,4.920542075088833
Polynomial,Same class,0.09339972917289532
Polynomial,Different class,1.2123779687502967
Polynomial,Same class,1.711847313708753
Polynomial,Same class,1.3182267134123484
Polynomial,Different class,1.691109765779032
Polynomial,Same class,0.2607550917234955
Polynomial,Same class,2.551648733438461
Polynomial,Same class,0.4481122637211729
Polynomial,Different class,1.773409948283071
Polynomial,Different class,0.3086006513292666
Polynomial,Same class,0.470446911174895
Polynomial,Same class,0.09714491410988517
Polynomial,Same class,0.0767805855372323
Polynomial,Same class,1.95710555280301
Polynomial,Different class,4.433250073870059
Polynomial,Different class,0.00024242488173243913
Polynomial,Different class,0.44253304367360136
Polynomial,Same class,0.8618558445985192
Polynomial,Same class,5.970259408437192
Polynomial,Different class,1.673242665256831
Polynomial,Different class,0.0001761016831689343
Polynomial,Different class,0.4609129935860402
Polynomial,Same class,0.8711866340672556
Polynomial,Same class,0.4415996349651847
Polynomial,Different class,0.9127651732228239
Polynomial,Different class,0.03579041754973272
Polynomial,Same class,1.145826275148721
Polynomial,Same class,0.957126007220954
Polynomial,Different class,1.3539654957224612
Polynomial,Same class,1.6474723074950708
Polynomial,Same class,0.46931666662411553
Polynomial,Different class,0.37723910480265666
Polynomial,Same class,0.6829158026151038
Polynomial,Same class,2.8872109884098855
Polynomial,Same class,0.0127419391551246
Polynomial,Different class,0.39846290690565656
Polynomial,Same class,0.48102071344705066
Polynomial,Same class,1.2258238841263394
Polynomial,Different class,6.400012788729004
Polynomial,Different class,0.07498295660595639
Polynomial,Different class,2.5342070644303387
Polynomial,Different class,0.3154181012957761
Polynomial,Same class,3.006371443897097
Polynomial,Different class,0.8075633910405146
Polynomial,Different class,2.452762923283384
Polynomial,Same class,0.52201844321917
Polynomial,Same class,0.03681964421051517
Polynomial,Different class,0.46107078472200663
Polynomial,Different class,3.5536027411318685
Polynomial,Same class,0.8011926422295232
Polynomial,Same class,0.06749085371699595
Polynomial,Same class,0.5282275411601536
Polynomial,Same class,2.1219597338830867
Polynomial,Different class,0.08657804725994281
Polynomial,Different class,0.07299648119094597
Polynomial,Same class,0.4136062060146148
Polynomial,Same class,2.0393120825429643
Polynomial,Same class,1.651661390926731
Polynomial,Different class,0.6533291809427467
Polynomial,Same class,0.18168955941666173
Polynomial,Different class,1.2430605785152153
Polynomial,Different class,0.8905994180817075
Polynomial,Different class,0.6843152231892004
Polynomial,Different class,0.3496390853794502
Polynomial,Different class,0.23208444698401268
Polynomial,Same class,0.0576315208499762
Polynomial,Different class,1.940385670460773
Polynomial,Different class,0.13228297020012614
Polynomial,Same class,2.442670209660954
Polynomial,Different class,0.053934011378856235
Polynomial,Same class,3.4174856162931073
Polynomial,Same class,3.740051944672961
Polynomial,Different class,1.7108048325922405
Polynomial,Same class,1.016431367578152
Polynomial,Same class,9.651218480774984
Polynomial,Different class,0.19114268486464003
Polynomial,Different class,0.3568170854468567
Polynomial,Same class,2.949233599827507
Polynomial,Different class,0.41173138648295665
Polynomial,Same class,0.042661896510798124
Polynomial,Different class,1.8208999582959535
Polynomial,Different class,0.2845729915349288
Polynomial,Different class,1.486975188847324
Polynomial,Different class,6.89402724565724
Polynomial,Same class,1.2907755495606168
Polynomial,Different class,0.76050028791361
Polynomial,Same class,2.7721530842645437
Polynomial,Different class,2.2632568390231453
Polynomial,Different class,1.2933593233467175
Polynomial,Same class,6.967228541740247
Polynomial,Same class,0.3282425457063251
Polynomial,Same class,1.0136996384374768
Polynomial,Same class,0.49799188184814097
Polynomial,Same class,0.08913948338316106
Polynomial,Same class,4.193713044990251
Polynomial,Different class,1.5744278205197868
Polynomial,Different class,2.5486369531753867
Polynomial,Different class,4.256959084994829
Polynomial,Same class,0.009004883401656297
Polynomial,Different class,2.4439890345228057
Polynomial,Different class,0.22652243123041246
Polynomial,Same class,2.619694365640686
Polynomial,Different class,1.143994455086603
Polynomial,Different class,1.3759932660702336
Polynomial,Same class,0.5388446529551683
Polynomial,Same class,1.1195437374296862
Polynomial,Same class,2.9309517606029027
Polynomial,Same class,0.6127982305518282
Polynomial,Different class,0.09302032610641599
Polynomial,Same class,1.0442627642819289
Polynomial,Different class,3.667136460937298
Polynomial,Same class,1.027942864619095
Polynomial,Different class,2.558641567459543
Polynomial,Same class,1.6447316914368344
Polynomial,Different class,0.8237784066457846
Polynomial,Different class,0.0008116365741040371
Polynomial,Same class,0.2574605587940319
Polynomial,Different class,1.1818829669704005
Polynomial,Same class,2.383581379748349
Polynomial,Different class,0.4859465655018004
Polynomial,Different class,0.07869840393638967
Polynomial,Different class,0.008314203011231655
Polynomial,Different class,0.45442068975642785
Polynomial,Same class,0.8370103363407487
Polynomial,Same class,0.7817535808654749
Polynomial,Same class,2.607411798283896
Polynomial,Same class,0.33600145987270946
Polynomial,Different class,1.1041252211954526
Polynomial,Different class,8.206443698223093e-06
Polynomial,Same class,1.8968663482429933
Polynomial,Different class,1.2979292376257834
Polynomial,Different class,9.284596227928382
Polynomial,Different class,0.18233624934010514
Polynomial,Same class,1.9535670449744937
Polynomial,Same class,2.2025905817052784
Polynomial,Different class,2.0529680220029043
Polynomial,Same class,0.7033982471211366
Polynomial,Same class,2.43642886935847
Polynomial,Different class,0.18334421784186314
Polynomial,Same class,1.6104122345466734
Polynomial,Different class,1.188710478954594
Polynomial,Different class,4.086522152068956
Polynomial,Different class,0.289664027189235
Polynomial,Same class,0.12465843502978285
Polynomial,Same class,0.4418752245437678
Polynomial,Different class,0.3023440703580685
Polynomial,Same class,0.04259646197162228
Polynomial,Different class,0.04452171966729906
Polynomial,Same class,3.0281965573591023
Polynomial,Different class,2.949498480199628
Polynomial,Different class,3.277914950843199
Polynomial,Same class,2.462068380135772
Polynomial,Same class,5.663923372239555
Polynomial,Different class,0.6592334969224881
Polynomial,Same class,1.7659647139307606
Polynomial,Same class,0.2099163011263622
Polynomial,Same class,1.9405067216134442
Polynomial,Same class,0.31109707042815243
Polynomial,Same class,2.3094041524453353
Polynomial,Same class,0.18822755444021663
Polynomial,Different class,1.0698364687149986
Polynomial,Same class,1.7628775609051481
Polynomial,Different class,0.9256841691981856
Polynomial,Different class,0.02176999371513627
Polynomial,Different class,1.1495454050942655
Polynomial,Different class,0.6406659474302306
Polynomial,Same class,3.4950209647393145
Polynomial,Different class,0.4957379745760877
Polynomial,Different class,0.6939880720703967
Polynomial,Same class,2.203122059171449
Polynomial,Same class,0.36421386191566435
Polynomial,Same class,0.9143019252551602
Polynomial,Different class,0.32218811439377193
Polynomial,Same class,4.989613241979654
Polynomial,Different class,1.2441262641292692
Polynomial,Different class,2.105824755985975
Polynomial,Same class,0.3957013329330479
Polynomial,Same class,6.814700387925728
Polynomial,Different class,0.3526788314285061
Polynomial,Same class,0.5779803366640002
Polynomial,Different class,0.6272237190818168
Polynomial,Different class,1.9996683733739755
Polynomial,Same class,0.42550608546646956
Polynomial,Different class,0.33119239779219245
Polynomial,Same class,0.001066711017905603
Polynomial,Different class,5.020006417611432
Polynomial,Same class,0.4222288010522677
Polynomial,Different class,0.22112521674662647
Polynomial,Different class,0.83506014954523
Polynomial,Same class,1.5431741984808727
Polynomial,Same class,0.5889743907307327
Polynomial,Different class,0.09274443095430807
Polynomial,Different class,0.04000469416936468
Polynomial,Same class,0.12523606849072463
Polynomial,Same class,0.03362813052170496
Polynomial,Same class,0.32978677119473415
Polynomial,Same class,0.6662073789758532
Polynomial,Different class,1.5755488459253335
Polynomial,Same class,0.3919840208666355
Polynomial,Different class,1.4493376079666367
Polynomial,Same class,1.9244918527568962
Polynomial,Different class,0.6843597325190931
Polynomial,Different class,0.006108085095945331
Polynomial,Different class,3.5943923048209836
Polynomial,Different class,1.9954112682736698
Polynomial,Different class,0.20742242052480195
Polynomial,Different class,2.2163389505308375
Polynomial,Same class,1.5373706937133105
Polynomial,Same class,1.982816639109693
Polynomial,Same class,1.0341839673296345
Polynomial,Same class,0.26423414466643136
Polynomial,Different class,0.4523330977815668
Polynomial,Same class,0.6093635592244795
Polynomial,Same class,1.4673141181573501
Polynomial,Same class,2.4286529532039283
Polynomial,Different class,1.1556569654552182
Polynomial,Same class,4.6896814184344136
Polynomial,Different class,0.11791658514949888
Polynomial,Different class,1.1649017710317855
Polynomial,Different class,0.1522616682961306
Polynomial,Same class,0.6583586723851375
Polynomial,Different class,0.3940648730010939
Polynomial,Different class,0.2910413126088515
Polynomial,Same class,1.3629559538738811
Polynomial,Same class,0.0029363732608395513
Polynomial,Same class,1.0709387528139847
Polynomial,Same class,0.8890768390562377
Polynomial,Same class,0.0694412407605138
Polynomial,Different class,0.02227327370724317
Polynomial,Different class,1.4794341821076706
Polynomial,Different class,1.2776273005802554
Polynomial,Same class,0.8750697446458808
Polynomial,Same class,0.15923571795188457
Polynomial,Different class,0.8698265379502379
Polynomial,Same class,0.20600291978954713
Polynomial,Different class,1.1155157881149098
Polynomial,Different class,0.3599407983377584
Polynomial,Same class,0.6919954300959806
Polynomial,Different class,0.35486640574794187
Polynomial,Different class,0.3063873968951475
Polynomial,Different class,0.10482881980394408
Polynomial,Different class,0.1914072030036091
Polynomial,Different class,1.034918730592652
Polynomial,Same class,0.1745129403669864
Polynomial,Different class,0.6833476985934114
Polynomial,Different class,0.731721189890591
Polynomial,Same class,0.5935509861806375
Polynomial,Different class,1.384476067173439
Polynomial,Different class,3.7774087735859583
Polynomial,Different class,0.6717099620016261
Polynomial,Different class,0.6946810810382773
Polynomial,Same class,1.566130100114218
Polynomial,Different class,0.4667954428927318
Polynomial,Different class,1.6094245505003129
Polynomial,Same class,2.443466187116549
Polynomial,Different class,1.244401762690478
Polynomial,Different class,0.02546040952246807
Polynomial,Same class,1.8401160345433305
Polynomial,Same class,0.0001531162005535272
Polynomial,Same class,1.4395977674014588
Polynomial,Different class,0.2850600300954967
Polynomial,Same class,0.9155663533822986
Polynomial,Different class,1.060530843186504
Polynomial,Different class,0.4110006975100795
Polynomial,Different class,2.1201008942175794
Polynomial,Different class,1.0156985503402878
Polynomial,Same class,1.1204505116018335
Polynomial,Same class,1.0153127815213419
Polynomial,Same class,2.7626428304584802
Polynomial,Same class,0.18790039341174128
Polynomial,Same class,4.5626663157241865
Polynomial,Same class,0.32382754141795056
Polynomial,Same class,0.01331497245890753
Polynomial,Same class,3.777959927056275
Polynomial,Different class,9.380643395492966
Polynomial,Same class,4.930048440168207
Polynomial,Different class,2.1792915351047975
Polynomial,Different class,2.5334752817393467
Polynomial,Same class,0.04853827459947546
Polynomial,Different class,0.6372640113640367
Polynomial,Different class,0.4679138969553238
Polynomial,Different class,2.0014145435293558
Polynomial,Same class,3.2432487599517104
Polynomial,Same class,0.3814889566204986
Polynomial,Same class,3.975829697159209
Polynomial,Different class,1.511739926857751
Polynomial,Different class,3.0572647436328113
Polynomial,Different class,0.29827329661554886
Polynomial,Different class,0.08756390236910175
Polynomial,Different class,2.8015395159672027
Polynomial,Different class,4.0806290030770676
Polynomial,Different class,0.6571749432519036
Polynomial,Different class,1.826880688100479
Polynomial,Same class,0.14194813645082127
Polynomial,Same class,0.5018476855453966
Polynomial,Same class,2.652485375528185
Polynomial,Different class,1.4225170777062486
Polynomial,Different class,0.6547506757231359
Polynomial,Different class,3.497366062904254
Polynomial,Same class,2.7801583923117787
Polynomial,Different class,1.513561579193285
Polynomial,Different class,2.864575825916548
Polynomial,Same class,0.20306153616909567
Polynomial,Different class,1.9237810922672263
Polynomial,Different class,0.40654072916052475
Polynomial,Different class,0.05359232378874555
Polynomial,Different class,1.782001212966891
Polynomial,Different class,1.5525835247943829
Polynomial,Different class,8.334254033308236
Polynomial,Different class,2.021546646064519
Polynomial,Same class,0.2178285911183305
Polynomial,Different class,0.014405812704430969
Polynomial,Different class,1.705692781608923
Polynomial,Different class,1.9372975293121206
Polynomial,Same class,1.0649068947703997
Polynomial,Same class,0.8609811790512594
Polynomial,Different class,3.287409309673825
Polynomial,Different class,4.001865603091095
Polynomial,Different class,1.362736524451836
Polynomial,Different class,2.420914579696835e-05
Polynomial,Different class,0.08997694997435407
Polynomial,Same class,3.059531432052475
Polynomial,Same class,0.041851956769970625
Polynomial,Different class,1.867204372871393
Polynomial,Same class,0.053483858080871916
Polynomial,Same class,1.4014963938283629
Polynomial,Same class,0.329736148746668
Polynomial,Same class,0.5292410442323962
Polynomial,Same class,0.24220831237036755
Polynomial,Different class,1.6114744456506545
Polynomial,Different class,0.012339629367065485
Polynomial,Same class,4.709733171968819
Polynomial,Same class,1.6304549768786254
Polynomial,Different class,0.2975139308037443
Polynomial,Same class,0.49709230340199045
Polynomial,Same class,6.94934862221909
Polynomial,Different class,0.562668099614062
Polynomial,Different class,1.74172893314183
Polynomial,Different class,1.1657128395658505
Polynomial,Different class,0.3962808209818805
Polynomial,Different class,2.3648968199750104
Polynomial,Different class,2.1341402050678
Polynomial,Same class,1.903485392266068
Polynomial,Different class,2.2408866840986525
Polynomial,Same class,2.427990191023686
Polynomial,Same class,0.655285570203864
Polynomial,Same class,2.461438863266599
Polynomial,Same class,0.3706719337792245
Polynomial,Same class,0.587018597631372
Polynomial,Different class,0.6439009191116383
Polynomial,Different class,2.5852434027547786
Polynomial,Same class,0.2203473968808417
Polynomial,Same class,1.7317669546928924
Polynomial,Same class,5.297379164079771
Polynomial,Different class,1.0057170832186442
Polynomial,Same class,0.5317113927177313
Polynomial,Different class,0.633188111571784
Polynomial,Different class,0.0018203097366702808
Polynomial,Same class,1.1653264496305786
Polynomial,Different class,0.04251327503000126
Polynomial,Different class,1.8792454407880357
Polynomial,Different class,0.7403874403022606
Polynomial,Same class,0.0044237309722196284
Polynomial,Different class,0.017769507342892354
Polynomial,Different class,0.030659310474704774
Polynomial,Different class,0.022076630570906267
Polynomial,Same class,1.00686155251528
Polynomial,Different class,2.6926684562138066
Polynomial,Same class,4.651980932888706
Polynomial,Same class,2.7220621432082943
Polynomial,Same class,6.140132299723395
Polynomial,Same class,2.59259216276962
Polynomial,Different class,0.34629692866405243
Polynomial,Different class,0.6508137414585907
Polynomial,Different class,1.9721055764503381
Polynomial,Different class,0.29638697347885123
Polynomial,Different class,0.3512827572500355
Polynomial,Different class,0.8098164911248361
Polynomial,Different class,0.1427806736800189
Polynomial,Same class,0.23060805056403286
Polynomial,Different class,2.5460445585850677
Polynomial,Different class,1.0172708228630096
Polynomial,Same class,0.6540967989662092
Polynomial,Same class,0.0017380280185147678
Polynomial,Different class,3.326289057447207
Polynomial,Different class,1.496438216360103
Polynomial,Same class,1.0093919671726836
Polynomial,Different class,1.7267415817979341
Polynomial,Same class,4.711739273798917
Polynomial,Same class,1.8477385492767016
Polynomial,Different class,1.8891298986347387
Polynomial,Different class,1.1351476077700724
Polynomial,Different class,1.4758808207663712
Polynomial,Different class,2.3199678723599337
Polynomial,Different class,0.31192069499993663
Polynomial,Different class,0.7804726508777169
Polynomial,Same class,1.2953992556696734
Polynomial,Same class,1.6485932533323153
Polynomial,Different class,0.24273840570963282
Polynomial,Different class,2.6793261998811633
Polynomial,Different class,3.0860662316259204
Polynomial,Different class,2.6816103675192933
Polynomial,Same class,0.9243443660103854
Polynomial,Different class,4.0087904528942495
Polynomial,Different class,0.42214061603770636
Polynomial,Same class,3.79113918521934
Polynomial,Same class,1.586784611239578
Polynomial,Different class,0.006412611690696273
Polynomial,Same class,3.4174600516368114
Polynomial,Same class,0.06004541554918071
Polynomial,Same class,2.868860067949517
Polynomial,Different class,1.126912788700731
Polynomial,Different class,1.711648468023221
Polynomial,Same class,1.3719224124628926
Polynomial,Same class,0.2724036289042357
Polynomial,Same class,0.01437939425608867
Polynomial,Same class,2.587463300074268
Polynomial,Different class,1.0761547774029412
Polynomial,Same class,2.1845216193053396
Polynomial,Different class,0.5148354018040774
Polynomial,Different class,3.945897215961997
Polynomial,Different class,1.62197879194609
Polynomial,Same class,2.7188756970996057
Polynomial,Same class,1.2689116017056952
Polynomial,Different class,3.439616452845201
Polynomial,Same class,0.44074956961088213
Polynomial,Different class,3.122833774417325
Polynomial,Different class,1.666377208033026
Polynomial,Different class,0.711382561609051
Polynomial,Different class,0.02807738047345123
Polynomial,Different class,4.158942933493305
Polynomial,Same class,0.17995352569299258
Polynomial,Same class,3.4139413149075732
Polynomial,Different class,0.4691685867416263
Polynomial,Different class,4.048272222257165
Polynomial,Different class,1.2715328662242456
Polynomial,Different class,0.7446526566176892
Polynomial,Same class,0.8943008022588992
Polynomial,Different class,1.9992047491100269
Polynomial,Different class,3.1703918336126593
Polynomial,Same class,0.9011395499226795
Polynomial,Same class,1.1117924085516067
Polynomial,Same class,0.7180352245553793
Polynomial,Different class,1.3509540696232587
Polynomial,Same class,2.224320745029004
Polynomial,Different class,2.9352211507087587
Polynomial,Different class,2.2692820457586205
Polynomial,Same class,0.4662182374144848
Polynomial,Same class,0.7433835518536037
Polynomial,Same class,1.4660731336567976
Polynomial,Same class,0.3851852044766983
Polynomial,Different class,0.18689528067590386
Polynomial,Same class,1.2825315316763801
Polynomial,Different class,0.017151623666590902
Polynomial,Different class,1.41904881222774
Polynomial,Same class,3.7140344630983755
Polynomial,Different class,2.80232920899063
Polynomial,Same class,0.021304589478845195
Polynomial,Different class,7.648680077164719
Polynomial,Same class,0.44726688978348955
Polynomial,Same class,0.1654030624263525
Polynomial,Same class,0.08504653686935336
Polynomial,Different class,0.829750359070479
Polynomial,Different class,3.45570320125394
Polynomial,Same class,0.17105700286356668
Polynomial,Different class,0.94129667547937
Polynomial,Same class,1.680635612850105
Polynomial,Same class,0.31854373812323655
Polynomial,Different class,0.9739015976121539
Polynomial,Same class,0.4470634491889846
Polynomial,Different class,0.1722702524645803
Polynomial,Same class,2.983392174696751
Polynomial,Different class,0.8189522565508291
Polynomial,Different class,1.3327935722281326
Polynomial,Different class,0.48259462362705385
Polynomial,Different class,0.0003830729580699007
Polynomial,Different class,3.064999414377127
Polynomial,Different class,1.5218258241877722
Polynomial,Different class,0.3398816622289618
Polynomial,Different class,0.2552917307056751
Polynomial,Same class,14.91299208833924
Polynomial,Same class,1.1701894607649133
Polynomial,Same class,2.8255873033432763
Polynomial,Same class,0.863572208166053
Polynomial,Different class,1.8618777166899019
Polynomial,Same class,0.2677226812125134
Polynomial,Different class,0.7923880117662037
Polynomial,Same class,1.0132985174124796
Polynomial,Different class,0.1763713148123987
Polynomial,Different class,0.0821333077400992
Polynomial,Same class,0.08236174283491014
Polynomial,Same class,0.7836087877112007
Polynomial,Different class,0.006902006041945938
Polynomial,Different class,0.4202918210690194
Polynomial,Different class,0.8802435299648144
Polynomial,Different class,3.3905998725249273
Polynomial,Same class,1.7678957328316154
Polynomial,Different class,1.7156728692895107
Polynomial,Same class,0.18495986356462704
Polynomial,Different class,1.3744940448489134
Polynomial,Same class,0.609732791920388
Polynomial,Same class,0.5743700617711952
Polynomial,Different class,0.47384230493833335
Polynomial,Same class,0.9277522107680878
Polynomial,Same class,0.5690001989325325
Polynomial,Different class,0.7866702785200839
Polynomial,Different class,1.2559723783993573
Polynomial,Same class,0.7466241312473796
Polynomial,Same class,0.15329569408386218
Polynomial,Different class,3.1668027539001984
Polynomial,Same class,2.8056942246785574
Polynomial,Same class,1.438691132070785
Polynomial,Different class,1.040687554800266
Polynomial,Same class,5.149734870808979
Polynomial,Same class,0.38609968251321675
Polynomial,Same class,0.34483417666132854
Polynomial,Different class,2.081777940704791
Polynomial,Different class,0.04736076361492574
Polynomial,Same class,3.798917789853851
Polynomial,Same class,2.116477184698825
Polynomial,Same class,1.0298549665877457
Polynomial,Different class,0.4911475870465968
Polynomial,Same class,0.5604572819360943
Polynomial,Different class,7.726468943045232
Polynomial,Same class,0.07724975959309605
Polynomial,Same class,0.7779181322326998
Polynomial,Different class,0.05493717992758689
Polynomial,Different class,2.9573985752213234
Polynomial,Different class,4.219445045122233
Polynomial,Same class,0.9424672620212081
Polynomial,Same class,0.216178152531044
Polynomial,Same class,0.33846904357965785
Polynomial,Same class,0.4249480435183939
Polynomial,Same class,1.0954936079242268
Polynomial,Same class,0.07225578814881753
Polynomial,Different class,0.6120678334157376
Polynomial,Same class,1.81608414385997
Polynomial,Different class,1.1498742382343663
Polynomial,Same class,1.8460023912623322
Polynomial,Same class,0.28125801647151505
Polynomial,Same class,0.03217034650653055
Polynomial,Different class,0.07777854438544649
Polynomial,Same class,0.5298140370487846
Polynomial,Same class,0.5180307972602262
Polynomial,Same class,4.1394505342226395
Polynomial,Same class,0.09363134192223597
Polynomial,Same class,0.005978632530118651
Polynomial,Same class,0.8172933842179113
Polynomial,Same class,2.92047514667298
Polynomial,Same class,2.2141166065419284
Polynomial,Different class,2.1183506671949446
Polynomial,Different class,0.00291440456564397
Polynomial,Same class,0.00013964012284270713
Polynomial,Same class,0.07787684352610902
Polynomial,Different class,1.2099929959172275
Polynomial,Different class,0.9678934750055707
Polynomial,Different class,0.46084020545159915
Polynomial,Different class,4.155432686883979
Polynomial,Different class,2.5203294217885817
Polynomial,Same class,1.2971246876585354
Polynomial,Same class,0.114099064162911
Polynomial,Different class,0.012645825555059519
Polynomial,Different class,0.3094183819497045
Polynomial,Same class,0.6521957743498081
Polynomial,Same class,0.21545018143621808
Polynomial,Different class,2.549721336470818
Polynomial,Different class,5.393188929422339
Polynomial,Same class,0.6539223602041647
Polynomial,Different class,0.014566689708085303
Polynomial,Same class,0.5495628945798059
Polynomial,Different class,3.887410066907734
Polynomial,Different class,2.203767588463932
Polynomial,Different class,1.6406099822240203
Polynomial,Different class,2.6991147999419356
Polynomial,Different class,2.50369581256177
Polynomial,Same class,0.9515685025646804
Polynomial,Different class,0.25767203864713545
Polynomial,Same class,1.964051924100599
Polynomial,Same class,2.648477250727835
Polynomial,Same class,0.4401188333272716
Polynomial,Same class,0.6603460626241782
Polynomial,Different class,0.8988423508798448
Polynomial,Same class,1.2793885320257452
Polynomial,Same class,0.37203689039063453
Polynomial,Same class,1.996534841203508
Polynomial,Same class,3.1557903141681827
Polynomial,Same class,0.773370203807874
Polynomial,Same class,1.8411840739807634
Polynomial,Different class,0.4916216778841867
Polynomial,Same class,7.563665646585598
Polynomial,Different class,1.296214844342157
Polynomial,Different class,1.8031006301059755
Polynomial,Same class,4.155632078688663
Polynomial,Different class,1.3276501285664375
Polynomial,Different class,0.3830555364047438
Polynomial,Different class,0.775903807543694
Polynomial,Same class,7.120532307717329
Polynomial,Different class,0.8105888888680698
Polynomial,Different class,0.7620657821282469
Polynomial,Same class,2.10141492027676
Polynomial,Same class,2.7063736509507157
Polynomial,Same class,0.4130329765000567
Polynomial,Different class,0.006446266743927789
Polynomial,Different class,1.6676768138820044
Polynomial,Different class,1.262395997370963
Polynomial,Different class,3.1201541839632077
Polynomial,Different class,7.375660163692039
Polynomial,Same class,1.1274383404400132
Polynomial,Different class,0.04407122376106084
Polynomial,Same class,0.004120473957103587
Polynomial,Same class,1.6945128519478947
Polynomial,Same class,0.14349668543045746
Polynomial,Same class,4.292282458178238
Polynomial,Same class,0.0010994806126871399
Polynomial,Different class,0.15310524882199392
Polynomial,Same class,2.053100046302751
Polynomial,Different class,2.017981496952926
Polynomial,Same class,0.8863852853361169
Polynomial,Different class,0.2688405034277745
Polynomial,Different class,0.26616420440988864
Polynomial,Same class,0.8917746950613382
Polynomial,Same class,0.008854863589922324
Polynomial,Same class,0.502689267538049
Polynomial,Same class,1.321487975488678
Polynomial,Same class,0.7882997401133963
Polynomial,Same class,0.6253415478029498
Polynomial,Same class,2.30885642832122
Polynomial,Same class,3.049872341621795
Polynomial,Different class,1.5651924575068377
Polynomial,Same class,20.479195012978337
Polynomial,Same class,0.06736594193908371
Polynomial,Different class,0.1600545106642963
Polynomial,Same class,0.029294427712050868
Polynomial,Different class,0.5689954234853536
Polynomial,Different class,1.2163075085841262
Polynomial,Different class,0.46627841490741934
Polynomial,Different class,0.4964090923183476
Polynomial,Same class,0.9423820763341934
Polynomial,Same class,0.8269554982023448
Polynomial,Same class,1.2765943552791352
Polynomial,Same class,0.367169779100753
Polynomial,Same class,0.2730447318153746
Polynomial,Different class,2.3571433490599376
Polynomial,Same class,0.16697870494368122
Polynomial,Different class,0.05372787148882221
Polynomial,Different class,0.029234534469265445
Polynomial,Different class,1.8222014039751355
Polynomial,Same class,1.9661807811813687
Polynomial,Different class,4.45919505505126
Polynomial,Different class,0.19146186112851485
Polynomial,Different class,2.1040421661307467
Polynomial,Different class,0.4637131279672797
Polynomial,Different class,1.810551806536864
Polynomial,Different class,0.2895876512711588
Polynomial,Same class,1.7540579120666093
Polynomial,Different class,0.368482430414087
Polynomial,Same class,0.333739798931157
Polynomial,Same class,1.5362927092304515
Polynomial,Different class,0.5870217993853405
Polynomial,Different class,0.10873575503572248
Polynomial,Same class,0.9733902846261406
Polynomial,Same class,0.38085835965611914
Polynomial,Same class,4.537510745847985
Polynomial,Different class,9.351023110918595
Polynomial,Different class,3.192561835084826
Polynomial,Different class,2.331686890894283
Polynomial,Same class,0.1419654049859067
Polynomial,Different class,0.2010079222336586
Polynomial,Different class,0.17972182936453074
Polynomial,Different class,3.3292509905959817
Polynomial,Same class,0.04787497972350088
Polynomial,Same class,0.3021305950991689
Polynomial,Different class,0.9636687331723859
Polynomial,Same class,0.2172595113132495
Polynomial,Different class,2.0015245189586777
Polynomial,Same class,0.048607876269973885
Polynomial,Different class,1.1405917084474746
Polynomial,Same class,5.4810287208895225
Polynomial,Different class,3.7872664148889172
Polynomial,Different class,0.5267459488474242
Polynomial,Different class,2.526068722638696
Polynomial,Different class,2.4915926388084246
Polynomial,Same class,1.9062703694257626
Polynomial,Same class,0.1428603323900933
Polynomial,Different class,0.7449103141011932
Polynomial,Same class,1.1295898669583082
Polynomial,Same class,0.07699180222760497
Polynomial,Different class,0.915430769179322
Polynomial,Same class,0.5826321794517247
Polynomial,Different class,0.02837239297749657
Polynomial,Different class,0.6475730242451343
Polynomial,Same class,2.4402508718212417
Polynomial,Different class,1.1350045194568903
Polynomial,Same class,0.4064917343148339
Polynomial,Different class,1.3967206399018421
Polynomial,Different class,1.344693663189034
Polynomial,Different class,0.4312685413804258
Polynomial,Same class,0.6375709519519734
Polynomial,Different class,1.8846738092429682
Polynomial,Different class,2.986926252077245
Polynomial,Different class,5.614185696125457
Polynomial,Same class,0.37370487138572883
Polynomial,Different class,1.9424109209536229
Polynomial,Same class,2.275830233510759
Polynomial,Different class,0.5370943066498494
Polynomial,Same class,0.5365082739100577
Polynomial,Different class,7.941666001754047
Polynomial,Same class,4.787790038376051
Polynomial,Different class,0.4065996786250706
Polynomial,Same class,2.725628595850614
Polynomial,Different class,0.5951656496128606
Polynomial,Same class,0.5919495327713398
Polynomial,Different class,0.1363835645735126
Polynomial,Different class,4.2364981823874635
Polynomial,Different class,0.47777745691767626
Polynomial,Same class,0.33813328307204504
Polynomial,Different class,0.24034550675310204
Polynomial,Same class,0.08121984127052516
Polynomial,Different class,0.6862780529171735
Polynomial,Same class,1.8219878067633004
Polynomial,Same class,0.7130053718703921
Polynomial,Same class,0.576061333428915
Polynomial,Different class,0.996303141188066
Polynomial,Same class,2.48149282688685
Polynomial,Same class,1.1080498664870597
Polynomial,Different class,1.0579308681394044
Polynomial,Different class,1.509572404431429
Polynomial,Same class,1.7984101762093867
Polynomial,Different class,0.10911311715603292
Polynomial,Different class,1.7760833139492884
Polynomial,Same class,2.4718135027559236
Polynomial,Different class,0.06727137530961662
Polynomial,Different class,1.3164551987993411
Polynomial,Same class,2.730152352108263
Polynomial,Different class,1.1070798443344323
Polynomial,Same class,2.5249243203452196
Polynomial,Different class,0.06788359929004252
Polynomial,Same class,1.1234405720899068
Polynomial,Different class,1.6911992553669895
Polynomial,Same class,0.48938383099040683
Polynomial,Different class,0.6112659622331235
Polynomial,Different class,0.609747482327128
Polynomial,Different class,0.2590303259694557
Polynomial,Same class,0.6130045040186358
Polynomial,Different class,1.075620412904898
Polynomial,Different class,0.702237630579332
Polynomial,Different class,0.201519767447198
Polynomial,Same class,1.1909165726590585
Polynomial,Different class,3.1343308517741177
Polynomial,Same class,0.5948306203440176
Polynomial,Different class,1.3962799226410119
Polynomial,Same class,1.3525004704499837
Polynomial,Different class,0.49789134153699843
Polynomial,Same class,0.18022517241018948
Polynomial,Different class,0.2533158905832382
Polynomial,Different class,0.4546590590846981
Polynomial,Same class,1.2492376812743045
Polynomial,Same class,1.9148619593120837
Polynomial,Different class,0.2125684831236803
Polynomial,Different class,1.0197440253625787
Polynomial,Same class,0.7865029015953938
Polynomial,Same class,1.821069308815032
Polynomial,Different class,1.1887481734732401
Polynomial,Different class,0.5567908937127438
Polynomial,Different class,1.1903278391165943
Polynomial,Same class,0.7040639604992123
Polynomial,Different class,0.23093132384438994
Polynomial,Same class,4.666399592310991
Polynomial,Same class,1.4391444149002377
Polynomial,Same class,0.7350411822609692
Polynomial,Different class,2.070599618362784
Polynomial,Same class,0.45535777106036773
Polynomial,Different class,2.186291857753158
Polynomial,Different class,2.9568289608963796
Polynomial,Different class,0.00014152072182982813
Polynomial,Different class,0.2075745187944737
Polynomial,Same class,2.3528661751385296
Polynomial,Same class,0.34327098100270964
Polynomial,Different class,0.7391391879897994
Polynomial,Same class,2.305275088499879
Polynomial,Different class,1.5317295708380374
Polynomial,Same class,1.295889642608603
Polynomial,Different class,2.2292008597089534
Polynomial,Same class,1.490962864017211
Polynomial,Different class,5.738549357860506
Polynomial,Different class,0.10149947393552843
Polynomial,Different class,2.7437179975193438
Polynomial,Different class,2.409614218258552
Polynomial,Same class,0.2196983942638101
Polynomial,Same class,6.38152311778408
Polynomial,Different class,1.6477540128595893
Polynomial,Same class,1.3793970316590107
Polynomial,Same class,2.5791512311884945
Polynomial,Different class,0.3073560653062546
Polynomial,Different class,0.22117912360971376
Polynomial,Same class,0.46180527239208646
Polynomial,Different class,0.1749307776016632
Polynomial,Same class,0.6879329543996008
Polynomial,Different class,1.5193212322351168
Polynomial,Same class,1.4675626713490144
Polynomial,Same class,2.533733837393686
Polynomial,Same class,0.0594707733667604
Polynomial,Same class,0.9762201249044072
Polynomial,Same class,0.10862980002955355
Polynomial,Same class,0.6844641534761978
Polynomial,Different class,0.28584011016776856
Polynomial,Same class,1.350837230053998
Polynomial,Different class,1.9682790941380803
Polynomial,Different class,2.3117943613287033
Polynomial,Different class,1.5490935454251276
Polynomial,Same class,0.43937959007712313
Polynomial,Different class,1.806131584850729
Polynomial,Different class,0.9950047431217381
Polynomial,Different class,1.8733936461199125
Polynomial,Different class,0.7183938600721109
Polynomial,Different class,0.5335926855680276
Polynomial,Different class,0.21479238779292328
Polynomial,Same class,2.1809096193899777
Polynomial,Different class,0.9123402206860497
Polynomial,Different class,1.4372626504138455
Polynomial,Different class,1.612514199787774
Polynomial,Same class,2.9013678539399317
Polynomial,Same class,2.3398603656212216
Polynomial,Same class,2.5277794642874314
Polynomial,Same class,2.4817607055301023
Polynomial,Same class,1.5282588922545999
Polynomial,Different class,0.6951609062874415
Polynomial,Same class,0.7098270557456628
Polynomial,Same class,9.410729275765667e-05
Polynomial,Same class,4.28101015197948
Polynomial,Different class,5.254528605450302
Polynomial,Different class,0.732942683274273
Polynomial,Same class,1.7707600874141216
Polynomial,Same class,4.011147285079014
Polynomial,Different class,1.827150016068302
Polynomial,Same class,1.9164444659259305
Polynomial,Same class,2.9092025652324813
Polynomial,Same class,0.42941114300516775
Polynomial,Different class,0.8894124952941073
Polynomial,Same class,1.3327912513345443
Polynomial,Same class,0.009198771195838194
Polynomial,Different class,0.04184632572485074
Polynomial,Same class,0.003798071169567665
Polynomial,Same class,2.3746946532192594
Polynomial,Same class,2.112199732238163
Polynomial,Different class,2.2959310408674023
Polynomial,Same class,0.0723804399166944
Polynomial,Same class,3.0200770211817822
Polynomial,Same class,0.742862926005953
Polynomial,Different class,1.505206492630468
Polynomial,Different class,0.04179880973637428
Polynomial,Same class,1.6051856685421626
Polynomial,Different class,1.790589282541415
Polynomial,Same class,1.682293817123745
Polynomial,Different class,2.1048883486982737
Polynomial,Same class,0.10210272420333767
Polynomial,Different class,0.9156708932321553
Polynomial,Same class,1.202314910905733
Polynomial,Same class,1.2053661727780063
Polynomial,Different class,1.8819329700911895
Polynomial,Different class,0.11370337646166616
Polynomial,Same class,0.9049562494449395
Polynomial,Same class,0.5082364681884222
Polynomial,Same class,1.7822284903051584
Polynomial,Different class,2.4490587526005494
Polynomial,Different class,0.1242417905227597
Polynomial,Different class,0.31434506841404175
Polynomial,Different class,0.5799146638198781
Polynomial,Different class,1.1498010244098342
Polynomial,Same class,1.6823793792363413
Polynomial,Different class,1.5946821205777546
Polynomial,Same class,0.4561718168259558
Polynomial,Different class,2.247886182195994
Polynomial,Different class,3.131610864437663
Polynomial,Same class,2.0388733183540553
Polynomial,Different class,2.3775693640870648
Polynomial,Same class,1.120806163033576
Polynomial,Same class,0.723555981126389
Polynomial,Different class,0.7195861545460303
Polynomial,Same class,1.8884280933754953
Polynomial,Same class,1.0495581845199313
Polynomial,Different class,1.5890379110827795
Polynomial,Different class,1.8400101453317568
Polynomial,Different class,0.7247311736899971
Polynomial,Same class,0.09190239481184823
Polynomial,Different class,0.35064683760394305
Polynomial,Same class,2.051649854183092
Polynomial,Same class,1.2504811374590263
Polynomial,Different class,1.6893327529097455
Polynomial,Different class,1.1029538212057175
Polynomial,Different class,0.3801274425760508
Polynomial,Different class,1.1963932617537094
Polynomial,Different class,1.6463954610253613
Polynomial,Different class,0.4535023289058225
Polynomial,Different class,0.22488055271356724
Polynomial,Different class,8.172086690942866
Polynomial,Different class,1.3052238964221967
Polynomial,Same class,0.02554892461735603
Polynomial,Same class,0.22154522455129388
Polynomial,Same class,0.09286608924474093
Polynomial,Same class,0.6503474457988582
Polynomial,Same class,1.247908282828535
Polynomial,Different class,5.352983334695867
Polynomial,Different class,1.1159787132814993
Polynomial,Different class,0.2623307548304635
Polynomial,Different class,0.7865478202818412
Polynomial,Different class,0.2816980741130087
Polynomial,Same class,0.3995168653814448
Polynomial,Same class,0.16492776798671008
Polynomial,Different class,2.162500642024694
Polynomial,Different class,2.2242776130134083
Polynomial,Same class,0.009305954301195428
Polynomial,Different class,0.7635680488643456
Polynomial,Same class,0.6886879170274033
Polynomial,Different class,0.5705388761097623
Polynomial,Same class,1.2104883291260895
Polynomial,Different class,0.4836150037842229
Polynomial,Same class,0.47061423901962696
Polynomial,Same class,0.37878186187599916
Polynomial,Different class,0.4287967625373753
Polynomial,Same class,0.15462328196563227
Polynomial,Same class,0.5592651965414225
Polynomial,Same class,0.04296452626687901
Polynomial,Same class,0.9576521080840954
Polynomial,Different class,0.3281516806699735
Polynomial,Same class,5.246126302032823
Polynomial,Different class,0.06717520152919935
Polynomial,Different class,0.8729692689137608
Polynomial,Same class,5.580980125675806
Polynomial,Same class,0.5115897102248157
Polynomial,Same class,1.6528882078993135
Polynomial,Different class,0.5063562148594801
Polynomial,Different class,0.023141652517819394
Polynomial,Same class,0.6673505142078374
Polynomial,Different class,2.495173316258706
Polynomial,Different class,0.13041011218617868
Polynomial,Same class,0.0436059863608607
Polynomial,Same class,3.758524168496569
Polynomial,Different class,3.483579127115681
Polynomial,Same class,2.121724036026597
Polynomial,Different class,4.13265487568587e-05
Polynomial,Different class,0.03733107058420835
Polynomial,Same class,1.1212914025731304
Polynomial,Same class,1.512132126651531
Polynomial,Different class,2.957901982521117
Polynomial,Different class,1.4569762563420132
Polynomial,Different class,0.35209576479111143
Polynomial,Different class,0.6015936638120286
Polynomial,Same class,1.4670908360495811
Polynomial,Different class,0.07331961912861214
Polynomial,Same class,0.1477818653563986
Polynomial,Different class,3.301715767873801
Polynomial,Same class,1.9257931659585346
Polynomial,Same class,2.111536603938366
Polynomial,Different class,0.4986426011436314
Polynomial,Different class,0.6623779655692987
Polynomial,Different class,1.4096677170457321
Polynomial,Different class,0.045181406265593034
Polynomial,Same class,0.592200329205381
Polynomial,Different class,35.58918893906818
Polynomial,Same class,0.04305621663849636
Polynomial,Same class,8.686313877733996
Polynomial,Different class,1.9906401219328602
Polynomial,Different class,1.0458793311841232
Polynomial,Different class,1.4752162943838054
Polynomial,Same class,1.8677100370168431
Polynomial,Same class,0.7483656976121326
Polynomial,Different class,0.4630800108067635
Polynomial,Same class,0.02423092668998496
Polynomial,Same class,1.968863230105574
Polynomial,Same class,0.44278209872724816
Polynomial,Same class,0.6304569145815696
Polynomial,Same class,2.6042468299391524
Polynomial,Different class,1.9242949077367428
Polynomial,Different class,1.220495050689906
Polynomial,Same class,0.18797349720115075
Polynomial,Different class,3.694937404453631
Polynomial,Same class,0.6458675139944376
Polynomial,Different class,1.5467200369945606
Polynomial,Same class,2.2105056713722764
Polynomial,Same class,1.6857850234876863
Polynomial,Same class,2.2353564535901937
Polynomial,Same class,2.2547579252728034
Polynomial,Same class,1.5451058402185969
Polynomial,Different class,0.5791007968087899
Polynomial,Different class,2.314687868144796
Polynomial,Different class,3.446756281276332
Polynomial,Different class,0.32250552228640283
Polynomial,Different class,0.0023924150918072725
Polynomial,Different class,1.9208456512596443
Polynomial,Different class,0.19328924846033382
Polynomial,Different class,4.321426701498317
Polynomial,Same class,2.8059600601035486
Polynomial,Same class,0.4253920183097605
Polynomial,Different class,0.8700697538819542
Polynomial,Same class,1.65199473156795
Polynomial,Different class,0.32960787411918346
Polynomial,Same class,1.44552230666736
Polynomial,Same class,2.8661366524406673
Polynomial,Different class,1.4896597229120745
Polynomial,Different class,1.509655090431588
Polynomial,Same class,0.6946505643449021
Polynomial,Same class,0.6295423826149523
Polynomial,Different class,0.21496784137244554
Polynomial,Same class,3.8403059758887386
Polynomial,Same class,0.019887082846465596
Polynomial,Different class,3.270852442224169
Polynomial,Same class,0.5678419925971175
Polynomial,Different class,1.5371770370475129
Polynomial,Same class,0.13485302910099586
Polynomial,Different class,2.393509066648406
Polynomial,Same class,0.7229389855126103
Polynomial,Same class,3.2847502253977354
Polynomial,Same class,0.9291132542055193
Polynomial,Same class,3.315110381146267
Polynomial,Same class,1.563762493002646
Polynomial,Different class,0.02830514119137199
Polynomial,Different class,1.6804075241951095
Polynomial,Same class,8.045632594169557e-05
Polynomial,Different class,1.572711012011537
Polynomial,Different class,0.08858742321445418
Polynomial,Same class,3.394518980041385
Polynomial,Different class,0.6818453410838741
Polynomial,Different class,0.7166542739005619
Polynomial,Same class,1.3687379978683474
Polynomial,Different class,0.2807365907760486
Polynomial,Same class,0.004076486560068256
Polynomial,Same class,0.24870722744982485
Polynomial,Same class,2.617974637474568
Polynomial,Different class,2.8419966645379278
Polynomial,Same class,0.8519558413963559
Polynomial,Same class,1.3610395050272064
Polynomial,Same class,0.6015547008098495
Polynomial,Same class,0.013809573128434756
Polynomial,Different class,0.9983487577576056
Polynomial,Same class,1.1374509348243198
Polynomial,Different class,1.4267172578032785
Polynomial,Different class,2.054050338881006
Polynomial,Same class,0.48300898253995816
Polynomial,Different class,0.03442262372735357
Polynomial,Same class,1.750506411788044
Polynomial,Different class,1.8648262112476772
Polynomial,Same class,9.370552762007064
Polynomial,Different class,0.7628269005995234
Polynomial,Same class,0.9475229470503831
Polynomial,Same class,0.024607468878212115
Polynomial,Same class,3.1670978510739607
Polynomial,Different class,0.3587453822775799
Polynomial,Different class,1.7065629357233778
Polynomial,Same class,0.6286590021844048
Polynomial,Different class,0.4936790928973692
Polynomial,Same class,0.5450145314831837
Polynomial,Different class,0.6483539482710852
Polynomial,Same class,1.2859808265930026
Polynomial,Different class,0.31730042650865087
Polynomial,Same class,0.5206608622812433
Polynomial,Same class,1.9196790069726082
Polynomial,Different class,1.7062192004789547
Polynomial,Different class,1.7001762947652839
Polynomial,Same class,0.43719275947971475
Polynomial,Same class,0.9663118666491328
Polynomial,Different class,2.116661164988794
Polynomial,Same class,0.6682622291534301
Polynomial,Same class,1.1851711282879265
Polynomial,Different class,0.9783093537388023
Polynomial,Different class,4.32401706735202
Polynomial,Different class,6.206808698023977
Polynomial,Same class,1.166557003784377
Polynomial,Same class,2.133979823440237
Polynomial,Different class,0.0046024604030230325
Polynomial,Same class,0.874882105110286
Polynomial,Same class,2.8166922151598524
Polynomial,Same class,2.8040075014220838
Polynomial,Same class,3.0804013052973938
Polynomial,Different class,0.9615287847199196
Polynomial,Different class,0.6159652680546202
Polynomial,Different class,0.5730873393883005
Polynomial,Same class,0.3974764602413387
Polynomial,Same class,1.1184884432030777
Polynomial,Same class,0.09007068731856639
Polynomial,Different class,2.4130927307476924
Polynomial,Different class,3.1680522194414187
Polynomial,Same class,4.026963855196314
Polynomial,Same class,2.7211880509213335
Polynomial,Same class,1.5272846224963168
Polynomial,Different class,1.43230768594774
Polynomial,Same class,0.028022057943764393
Polynomial,Different class,1.8614294007981502
Polynomial,Same class,2.043834411107604
Polynomial,Different class,1.766263331184791
Polynomial,Same class,1.6114869671612921
Polynomial,Same class,1.4586753127451952
Polynomial,Different class,1.2845974603559802
Polynomial,Different class,1.0334556890587994
Polynomial,Same class,1.7995966791706117
Polynomial,Different class,1.1777288092011051
Polynomial,Different class,2.1050246829814396
Polynomial,Different class,0.0008948376610698348
Polynomial,Different class,0.15549710323878732
Polynomial,Same class,4.3471715824533765
Polynomial,Same class,1.042690980356554
Polynomial,Different class,1.5207442155626376
Polynomial,Same class,0.4871640318582023
Polynomial,Same class,0.1870595972836022
Polynomial,Same class,1.8571368213889128
Polynomial,Different class,3.8329337719370655
Polynomial,Different class,0.7101162461424041
Polynomial,Same class,5.001504628789544
Polynomial,Same class,2.564760070007801
Polynomial,Same class,1.6840074586701879
Polynomial,Different class,2.7568099460299584
Polynomial,Different class,1.2615812847338401
Polynomial,Same class,0.5069451077429793
Polynomial,Different class,0.8710241200687909
Polynomial,Different class,0.13584347826971557
Polynomial,Different class,0.8540566852312145
Polynomial,Same class,2.85644178872389
Polynomial,Same class,1.7648254445414033
Polynomial,Different class,0.5981902873172255
Polynomial,Same class,0.771762054333008
Polynomial,Same class,0.12701552848960612
Polynomial,Different class,1.535626893497772
Polynomial,Same class,0.49886569494834554
Polynomial,Different class,0.41845550613675386
Polynomial,Different class,0.07890166460957809
Polynomial,Same class,0.7388177791175088
Polynomial,Different class,0.5574571204652216
Polynomial,Different class,0.5047401793539344
Polynomial,Same class,0.10533775015467592
Polynomial,Different class,2.6722851755204937
Polynomial,Different class,0.7167920112162661
Polynomial,Different class,0.9392821324703784
Polynomial,Same class,0.6645703037249202
Polynomial,Same class,1.5908400691965878
Polynomial,Same class,0.24309056924650227
Polynomial,Same class,0.41881972683167723
Polynomial,Same class,0.02562340155777077
Polynomial,Different class,0.4231480299437256
Polynomial,Same class,8.613244016437967
Polynomial,Same class,0.5438287221759089
Polynomial,Same class,0.5123013976920752
Polynomial,Different class,0.11580441309543853
Polynomial,Same class,0.8545475039749925
Polynomial,Same class,2.2796759697493734
Polynomial,Different class,0.03106687384744441
Polynomial,Different class,0.6719052706366785
Polynomial,Different class,1.8861887010192828
Polynomial,Same class,0.136881920812115
Polynomial,Same class,0.42628396703920274
Polynomial,Different class,10.113042598826652
Polynomial,Different class,0.5580961715840123
Polynomial,Same class,2.5729240452630027
Polynomial,Different class,3.196724776918949
Polynomial,Different class,1.5249126597348002
Polynomial,Different class,0.7239683002370463
Polynomial,Same class,0.4007621755227446
Polynomial,Same class,1.34746054269398
Polynomial,Same class,2.2743114779463087
Polynomial,Same class,0.5449098953910804
Polynomial,Different class,0.11111379937362896
Polynomial,Same class,0.07903134661509029
Polynomial,Same class,1.647719563818731
Polynomial,Same class,2.3541192065001115
Polynomial,Same class,1.5452503009115137
Polynomial,Same class,0.14147368236063812
Polynomial,Different class,1.5127519576190558
Polynomial,Same class,0.07540029274040298
Polynomial,Same class,0.09896093650038672
Polynomial,Different class,4.780894863508949
Polynomial,Same class,0.3710742163613706
Polynomial,Same class,1.4407186368190426
Polynomial,Different class,0.5450770252099636
Polynomial,Different class,0.7091820704927796
Polynomial,Different class,0.006986887426238825
Polynomial,Same class,0.424395905844923
Polynomial,Same class,0.11534743724363145
Polynomial,Different class,1.8108484088528598
Polynomial,Different class,0.08034740714840649
Polynomial,Same class,1.6023900868640852
Polynomial,Same class,0.9145761898651259
Polynomial,Same class,11.02312246987323
Polynomial,Different class,0.9341037327975489
Polynomial,Different class,2.0521261865224414
Polynomial,Different class,2.3956619823975225
Polynomial,Different class,1.4016930190551562
Polynomial,Different class,2.631021946045569
Polynomial,Different class,0.0014286747187874334
Polynomial,Different class,0.39961706626279775
Polynomial,Same class,0.9909970045225616
Polynomial,Different class,2.882525277532121
Polynomial,Different class,8.953253932471085
Polynomial,Different class,0.6791604221353799
Polynomial,Different class,0.01020192797262751
Polynomial,Same class,4.287154396609494
Polynomial,Different class,0.5742621068091843
Polynomial,Different class,0.7345233276447125
Polynomial,Different class,0.1261278227636866
Polynomial,Different class,8.501430370802296e-07
Polynomial,Same class,0.013482838429622378
Polynomial,Different class,0.3087686050410466
Polynomial,Different class,0.1204881258915951
Polynomial,Same class,0.7433846558455085
Polynomial,Same class,1.4275903950659128
Polynomial,Same class,1.6262167163467176
Polynomial,Different class,0.5977678232904226
Polynomial,Different class,0.154219018235483
Polynomial,Same class,0.2732697656708635
Polynomial,Same class,4.202056381094554
Polynomial,Same class,6.766514436242861
Polynomial,Different class,0.01736883798325231
Polynomial,Same class,2.122222064018179
Polynomial,Same class,1.6774325482910817
Polynomial,Same class,2.4331956642809915
Polynomial,Same class,5.144568958434159
Polynomial,Different class,0.4895553785893948
Polynomial,Same class,0.44930508982409384
Polynomial,Same class,0.008967007628221517
Polynomial,Different class,0.6896576907391951
Polynomial,Same class,12.752059579115231
Polynomial,Different class,0.5877228290420801
Polynomial,Same class,1.6928903680556668
Polynomial,Same class,5.1777520293707315
Polynomial,Same class,0.3674579623421391
Polynomial,Different class,0.4562902629749114
Polynomial,Same class,1.2484340520085542
Polynomial,Different class,4.115870484700099
Polynomial,Same class,0.8719816469477228
Polynomial,Different class,0.6833757752226792
Polynomial,Same class,4.7820234296837105
Polynomial,Different class,1.7076818229912596
Polynomial,Same class,0.6255592840206297
Polynomial,Same class,2.2327994827139976
Polynomial,Different class,1.1390950213144406
Polynomial,Same class,0.8618915046126875
Polynomial,Different class,1.0316359020932253
Polynomial,Different class,2.5090260099660844
Polynomial,Same class,1.4112044114995619
Polynomial,Same class,1.3160431679550388
Polynomial,Same class,2.0402477915830244
Polynomial,Different class,1.030587603698065
Polynomial,Different class,1.9544982241851163
Polynomial,Different class,0.716412584626404
Polynomial,Same class,0.8424673052757149
Polynomial,Different class,0.15636786374136624
Polynomial,Same class,0.00990433580845456
Polynomial,Same class,0.4739234577855979
Polynomial,Different class,0.13223801858578657
Polynomial,Different class,0.27183709849715004
Polynomial,Same class,1.4407806700218933
Polynomial,Different class,2.3463518320690735
Polynomial,Same class,3.6219893779268393
Polynomial,Same class,2.3484357140185135
Polynomial,Same class,6.8765092528440555
Polynomial,Same class,1.3381784451542873
Polynomial,Different class,0.0004108284537123495
Polynomial,Different class,0.26320128113446445
Polynomial,Same class,0.11815159711105118
Polynomial,Different class,1.764647630464847
Polynomial,Same class,0.0370140917696122
Polynomial,Same class,0.14507376947704675
Polynomial,Same class,4.196625475875964
Polynomial,Same class,0.7311317007001674
Polynomial,Different class,1.7674416330444305
Polynomial,Same class,0.29531696772353755
Polynomial,Same class,3.3181858402789417
Polynomial,Different class,4.2441736901648905
Polynomial,Same class,1.5618680729885874
Polynomial,Same class,2.2714040473032453
Polynomial,Same class,6.823820259605155
Polynomial,Same class,0.10212736418503848
Polynomial,Different class,1.0723500760812907
Polynomial,Same class,1.1093378309041126
Polynomial,Different class,2.0559941357216047
Polynomial,Same class,1.317073077327768
Polynomial,Same class,3.8809163197974494
Polynomial,Same class,2.550350186002001
Polynomial,Different class,2.0829397908388945
Polynomial,Same class,4.652735046680273
Polynomial,Different class,1.0768559575495262
Polynomial,Different class,2.026081996617808
Polynomial,Different class,3.8896813424936494
Polynomial,Same class,2.119087570179737
Polynomial,Different class,0.9233294010714894
Polynomial,Different class,0.042996522258043623
Polynomial,Different class,1.534204095350727
Polynomial,Same class,2.989983530102243
Polynomial,Different class,0.3030479679114258
Polynomial,Same class,0.15376743122296055
Polynomial,Same class,1.538096581284949
Polynomial,Same class,0.5987366216059934
Polynomial,Same class,0.6272051216439873
Polynomial,Different class,0.051947390791394626
Polynomial,Same class,0.7488864754721039
Polynomial,Different class,1.3106717345077752
Polynomial,Same class,2.118322972537194
Polynomial,Different class,0.010468653733175598
Polynomial,Different class,0.6884773591997136
Polynomial,Different class,0.16536569396378548
Polynomial,Same class,0.009753584739800421
Polynomial,Same class,0.7673262566785857
Polynomial,Same class,0.9333229950565263
Polynomial,Same class,0.5561840464065968
Polynomial,Same class,0.2924947327681312
Polynomial,Different class,1.232789138360578
Polynomial,Different class,0.2063204507129514
Polynomial,Same class,0.09685322295355046
Polynomial,Different class,3.8646236787776784
Polynomial,Different class,0.10161663653908787
Polynomial,Same class,0.09131100806250865
Polynomial,Same class,0.8386301955729997
Polynomial,Same class,1.3414407825178467
Polynomial,Same class,1.8808554773489052
Polynomial,Different class,0.037451407786872476
Polynomial,Different class,1.0976318104564944
Polynomial,Same class,0.8048845039319755
Polynomial,Same class,0.0644044703022777
Polynomial,Different class,1.854381410017797
Polynomial,Different class,0.05471747183590573
Polynomial,Different class,1.678188281724689
Polynomial,Same class,0.9780104466522859
Polynomial,Different class,0.5573965329466459
Polynomial,Different class,2.0647699493409895
Polynomial,Same class,0.8165083523877538
Polynomial,Same class,7.237811755724688e-08
Polynomial,Different class,0.7735432209662364
Polynomial,Same class,1.7036510739951463
Polynomial,Same class,0.7373117467809454
Polynomial,Different class,0.0751877998547549
Polynomial,Same class,0.6523856001659835
Polynomial,Same class,0.318575670080008
Polynomial,Same class,1.3997475282830498
Polynomial,Different class,0.8360184491646921
Polynomial,Different class,0.008541158406293494
Polynomial,Same class,1.0878947861253214
Polynomial,Different class,0.002451017235425336
Polynomial,Same class,0.3039052188171157
Polynomial,Different class,2.2081012289710986
Polynomial,Same class,1.3547155077349045
Polynomial,Same class,1.882837726592802
Polynomial,Different class,0.5714453066211415
Polynomial,Same class,3.721023300757423
Polynomial,Different class,2.8925775858325276
Polynomial,Different class,1.0010818108274706
Polynomial,Different class,1.21717971313906
Polynomial,Different class,0.008084202617139893
Polynomial,Different class,0.003373306472503575
Polynomial,Different class,1.106478140389772
Polynomial,Different class,0.9743468052032196
Polynomial,Different class,0.9329315343099561
Polynomial,Different class,0.37923916621990095
Polynomial,Different class,0.8141686059619845
Polynomial,Same class,2.2413501855597207
Polynomial,Same class,1.9280478529779979
Polynomial,Same class,0.6777659389055283
Polynomial,Same class,1.595717195479332
Polynomial,Same class,1.2128748968003102
Polynomial,Same class,1.3598969904819536
Polynomial,Different class,5.8059851885887985
Polynomial,Different class,0.2736469152982877
Polynomial,Different class,0.9227522934988255
Polynomial,Different class,0.4176555121652425
Polynomial,Different class,0.15595110480153584
Polynomial,Same class,0.5163625478081282
Polynomial,Same class,0.011821341759664967
Polynomial,Same class,1.0987006865921995
Polynomial,Same class,1.500158421982629
Polynomial,Same class,0.47684841645588183
Polynomial,Different class,7.556353162424974
Polynomial,Different class,2.0145188496257087
Polynomial,Different class,0.46589902991499776
Polynomial,Same class,0.33745431300763
Polynomial,Same class,0.7552110537820517
Polynomial,Different class,0.2861305539884352
Polynomial,Same class,0.37878107027303787
Polynomial,Same class,0.814993224396179
Polynomial,Different class,0.7961689693706041
Polynomial,Different class,0.010900676703011064
Polynomial,Different class,0.07541064689044383
Polynomial,Different class,0.8042131255884502
Polynomial,Same class,0.39473064863818547
Polynomial,Different class,2.0747473541501265
Polynomial,Different class,3.0278026099250446
Polynomial,Same class,3.3830820647899356
Polynomial,Same class,0.08390244611138412
Polynomial,Same class,1.869860084354999
Polynomial,Same class,0.16499877495211837
Polynomial,Different class,0.016834349372843303
Polynomial,Same class,9.638764742379758
Polynomial,Different class,0.3428619100086349
Polynomial,Same class,2.000100937443915
Polynomial,Same class,3.5013778855608315
Polynomial,Same class,5.542566606627513
Polynomial,Same class,1.1682600737582685
Polynomial,Same class,1.3839040567313081
Polynomial,Same class,1.8692983119439424
Polynomial,Different class,4.393768057071761
Polynomial,Same class,2.3556174891778183
Polynomial,Same class,1.8308035072479536
Polynomial,Different class,4.032502059379295
Polynomial,Same class,0.012307536648935156
Polynomial,Same class,1.0759162600637566
Polynomial,Same class,0.6537751047559058
Polynomial,Same class,6.489571079648105
Polynomial,Same class,0.5005892875747125
Polynomial,Different class,3.121650329299268
Polynomial,Different class,3.2263099160211635
Polynomial,Different class,2.1230784393573012
Polynomial,Different class,0.08106434981624529
Polynomial,Different class,0.042822219408037765
Polynomial,Same class,2.356983344738836
Polynomial,Same class,6.7579247249406995
Polynomial,Different class,1.8916614927146047
Polynomial,Same class,3.5199043396609526
Polynomial,Same class,1.620620139379353
Polynomial,Same class,0.01841669201884343
Polynomial,Same class,0.6478909511788663
Polynomial,Different class,1.176926493940498
Polynomial,Different class,2.3869371916504054
Polynomial,Different class,1.0469934779486085
Polynomial,Different class,0.7338437750872523
Polynomial,Same class,2.7963569557376435
Polynomial,Same class,3.490614779199607
Polynomial,Different class,2.430410249977939
Polynomial,Different class,1.6050710729430058
Polynomial,Same class,0.5825240378528155
Polynomial,Different class,3.1907388547134885
Polynomial,Same class,0.19068042772959004
Polynomial,Different class,1.4263634346981369
Polynomial,Different class,0.4112598990915957
Polynomial,Same class,2.5924731603829954
Polynomial,Different class,0.22572152415776456
Polynomial,Same class,1.578170649097798
Polynomial,Different class,3.0578181695581637
Polynomial,Same class,5.881035692440016
Polynomial,Same class,1.5010388869798224
Polynomial,Different class,0.39961184013845735
Polynomial,Same class,0.8111295973226802
Polynomial,Same class,2.8093182897401676
Polynomial,Different class,2.0762570589243374
Polynomial,Different class,1.6555498271087337
Polynomial,Different class,0.22010634407570165
Polynomial,Different class,1.0677272798174162
Polynomial,Same class,1.7786889255222236
Polynomial,Same class,0.6940234194959038
Polynomial,Different class,0.004244296024656072
Polynomial,Same class,3.6244187523640465
Polynomial,Same class,2.508209465216916
Polynomial,Same class,1.8745805172345438
Polynomial,Same class,0.323263652100667
Polynomial,Same class,0.2667501298751879
Polynomial,Same class,2.3738205909236765
Polynomial,Different class,3.5356832422356836
Polynomial,Different class,2.0363738919544327
Polynomial,Different class,2.0037235493476975
Polynomial,Same class,3.140279291442588
Polynomial,Same class,1.4122030619710153
Polynomial,Different class,3.266901628373364
Polynomial,Same class,0.9035021935061279
Polynomial,Different class,0.34757093597308086
Polynomial,Same class,0.8482953139916631
Polynomial,Different class,1.2200699660080367
Polynomial,Same class,0.2076697966577823
Polynomial,Same class,0.07236150304621981
Polynomial,Different class,0.13119973887470715
Polynomial,Different class,2.000212647284423
Polynomial,Same class,0.6368011109975793
Polynomial,Same class,0.19814454978181706
Polynomial,Same class,0.13768331011534637
Polynomial,Different class,3.215883305256363
Polynomial,Different class,0.9001898835212043
Polynomial,Different class,0.013994852945980844
Polynomial,Different class,3.2801305542216412
Polynomial,Different class,1.0762927509497116
Polynomial,Same class,0.45393341883587524
Polynomial,Same class,0.21775586809871073
Polynomial,Different class,3.8371229558203472
Polynomial,Different class,1.9973383427734326
Polynomial,Different class,1.7144720003366172
Polynomial,Same class,0.2350083967885598
Polynomial,Same class,2.646898271590311
Polynomial,Different class,0.05538649261086811
Polynomial,Same class,0.04464327950650442
Polynomial,Same class,0.5650577966730997
Polynomial,Different class,0.992092063896558
Polynomial,Different class,3.310707450565398
Polynomial,Same class,5.291372529074
Polynomial,Different class,0.46826514475886666
Polynomial,Same class,0.1997560781180665
Polynomial,Different class,0.20600653864704033
Polynomial,Same class,4.3581023342384775
Polynomial,Different class,0.00022256396072961362
Polynomial,Same class,0.3269266520075379
Polynomial,Same class,1.306098958412584
Polynomial,Different class,0.03106036092525467
Polynomial,Different class,0.34779326737470184
Polynomial,Same class,17.56480592707557
Polynomial,Different class,0.6587294464821796
Polynomial,Different class,0.6356419902212949
Polynomial,Different class,1.4643185227273696
Polynomial,Same class,2.4666264088460688
Polynomial,Different class,1.800902869507403
Polynomial,Same class,0.6461688479375973
Polynomial,Same class,0.9636234343774701
Polynomial,Different class,0.13740384324522614
Polynomial,Different class,0.2655298925637607
Polynomial,Same class,0.9670254746119483
Polynomial,Different class,2.4976842268545294
Polynomial,Different class,0.38132943327743224
Polynomial,Same class,0.004007303115028461
Polynomial,Same class,1.9195027505435172
Polynomial,Same class,1.0411088524106162
Polynomial,Same class,0.4118914621106249
Polynomial,Same class,0.03344463861963583
Polynomial,Same class,2.3610412034707644
Polynomial,Different class,2.648215341449553
Polynomial,Same class,0.9400277441218248
Polynomial,Different class,0.14201766799834875
Polynomial,Same class,1.4751719672187225
Polynomial,Same class,2.997621314513153
Polynomial,Different class,1.5807763690444494
Polynomial,Different class,1.3725768554746407
Polynomial,Different class,0.7517118997456023
Polynomial,Same class,0.921569153512013
Polynomial,Same class,2.2706066423808027
Polynomial,Same class,0.16139443228862677
Polynomial,Same class,0.06992267335266568
Polynomial,Different class,2.574384161584135
Polynomial,Same class,0.6175102938176394
Polynomial,Same class,2.2140280935555507
Polynomial,Same class,1.9859145490844101
Polynomial,Same class,3.01112466532236
Polynomial,Different class,4.857430982991736
Polynomial,Different class,3.4508562364054463
Polynomial,Different class,1.6066146369485963
Polynomial,Different class,0.7473295593337991
Polynomial,Different class,0.7657370572817455
Polynomial,Different class,0.8669661102877501
Polynomial,Same class,4.370479410486937
Polynomial,Different class,0.49030464009477487
Polynomial,Same class,1.6267795713304263
Polynomial,Different class,0.018167766486187665
Polynomial,Different class,0.843333467378639
Polynomial,Different class,1.7394256343425034
Polynomial,Same class,1.2530907467360828
Polynomial,Different class,2.132059451491115
Polynomial,Different class,1.7628316031514872
Polynomial,Same class,0.8846389657820957
Polynomial,Same class,0.8453792156129853
Polynomial,Different class,3.1738652497468185
Polynomial,Same class,1.0050514367198606
Polynomial,Same class,0.5274714200760116
Polynomial,Different class,0.3064968758824788
Polynomial,Same class,1.3129823959252267
Polynomial,Same class,2.9357254021278156
Polynomial,Same class,0.510107386900056
Polynomial,Same class,0.011428344990523174
Polynomial,Different class,0.09186888225726429
Polynomial,Same class,0.6103529311267536
Polynomial,Different class,4.933780347930096
Polynomial,Different class,0.18070828094934388
Polynomial,Same class,0.4369598337038968
Polynomial,Same class,1.3533675521469275
Polynomial,Different class,0.9200435583019869
Polynomial,Different class,0.12240290525518287
Polynomial,Same class,1.034097375488101
Polynomial,Same class,1.4689646874533195
Polynomial,Same class,0.9704430934834747
Polynomial,Same class,2.523676034530615
Polynomial,Different class,1.4843900029442303
Polynomial,Different class,4.644437844021921
Polynomial,Same class,2.603394328333699
Polynomial,Different class,0.5609531109147529
Polynomial,Same class,0.49820122623209206
Polynomial,Different class,0.05682939661329934
Polynomial,Same class,0.21463082039433054
Polynomial,Same class,3.2823791225536456
Polynomial,Different class,2.6799383072883844
Polynomial,Different class,0.27584215492399206
Polynomial,Different class,0.03712097578985981
Polynomial,Different class,0.16554962848679092
Polynomial,Different class,0.47714607061779285
Polynomial,Same class,0.7608768140061037
Polynomial,Different class,2.3389758595186527
Polynomial,Different class,0.6685104161063542
Polynomial,Same class,0.3830375531247368
Polynomial,Same class,0.373560324767446
Polynomial,Same class,0.005884261791102271
Polynomial,Different class,0.4955441112235066
Polynomial,Different class,2.591565456546941
Polynomial,Different class,0.6926986934757073
Polynomial,Different class,0.4262850767158661
Polynomial,Same class,0.6420094513817629
Polynomial,Different class,1.9184274611646237
Polynomial,Same class,4.796428427127396
Polynomial,Same class,3.939865395515688
Polynomial,Different class,1.955021615091687
Polynomial,Same class,4.740607873101486
Polynomial,Same class,0.851516662133336
Polynomial,Same class,4.618908978939582
Polynomial,Same class,2.3518896496700457
Polynomial,Different class,0.502519221196413
Polynomial,Same class,1.3572525364537575
Polynomial,Different class,0.0053472038455314175
Polynomial,Same class,0.5879914930608222
Polynomial,Same class,2.8165256426033047
Polynomial,Different class,0.18617448195725023
Polynomial,Different class,1.021475799519041
Polynomial,Same class,8.03787956876336
Polynomial,Different class,1.1126775644075644
Polynomial,Different class,0.6023451210187627
Polynomial,Different class,0.773766836428939
Polynomial,Different class,0.6921306045418926
Polynomial,Same class,1.9831760864539847
Polynomial,Same class,7.1952570987143725
Polynomial,Different class,0.7695952985321224
Polynomial,Same class,0.9518182212527656
Polynomial,Same class,4.821426432493906
Polynomial,Same class,4.121572602912526
Polynomial,Same class,0.947268809173919
Polynomial,Different class,0.6642025108491111
Polynomial,Same class,2.128232888650831
Polynomial,Different class,0.7236209933115645
Polynomial,Same class,1.524140139724666
Polynomial,Different class,1.8726703577802306
Polynomial,Different class,0.3945124741402548
Polynomial,Different class,0.07058574281331095
Polynomial,Different class,2.7178307322475854
Polynomial,Same class,1.736925268987227
Polynomial,Different class,2.9658020414309623
Polynomial,Different class,0.0957513941567573
Polynomial,Different class,0.7109637661055261
Polynomial,Different class,1.8252223314623275
Polynomial,Different class,2.3616599488378887
Polynomial,Same class,3.2468249598437424
Polynomial,Same class,0.030417321650607176
Polynomial,Different class,1.9660033827713475
Polynomial,Different class,1.40095266687935
Polynomial,Different class,0.11434438079701653
Polynomial,Different class,0.7509836099380258
Polynomial,Same class,28.037881223445268
Polynomial,Different class,0.1147263200277846
Polynomial,Same class,0.13942793527329553
Polynomial,Different class,0.03909610943376967
Polynomial,Same class,0.23586522987839204
Polynomial,Same class,3.4644519775328297
Polynomial,Different class,0.19776210056449814
Polynomial,Same class,1.4557764029706235
Polynomial,Same class,10.98231541961618
Polynomial,Same class,3.1558924894922393
Polynomial,Same class,0.4715521822151377
Polynomial,Same class,8.0344072642712
Polynomial,Same class,2.16921836360276
Polynomial,Same class,3.112971817764451
Polynomial,Different class,3.151650329879968
Polynomial,Different class,0.7093996004255528
Polynomial,Different class,2.159094653191897
Polynomial,Same class,0.111393639673274
Polynomial,Different class,1.621080771231828
Polynomial,Different class,0.7963260484823829
Polynomial,Same class,1.7067148412720572
Polynomial,Same class,1.8100231080358287
Polynomial,Same class,3.12115343730964
Polynomial,Different class,2.335664077849561
Polynomial,Different class,0.045070067016588625
Polynomial,Same class,2.385492293324961
Polynomial,Different class,0.5761352015496402
Polynomial,Same class,1.519522894883663
Polynomial,Same class,0.052173939678820336
Polynomial,Same class,1.5593115445156989
Polynomial,Same class,0.8243523041271342
Polynomial,Different class,0.6556073171162262
Polynomial,Different class,5.376066157921439
Polynomial,Same class,1.202863621828105
Polynomial,Same class,0.011946076952366623
Polynomial,Same class,0.5066926715779588
Polynomial,Different class,3.235019783997384
Polynomial,Different class,1.0010161038427152
Polynomial,Different class,2.4221937433278313
Polynomial,Different class,0.31575262105647517
Polynomial,Same class,0.3360895822080702
Polynomial,Same class,3.1134209606823395
Polynomial,Same class,0.45721088923165376
Polynomial,Different class,0.2308964579796396
Polynomial,Same class,0.5288372297668864
Polynomial,Different class,4.210017400704
Polynomial,Different class,0.720286256777279
Polynomial,Different class,1.3980933377102795
Polynomial,Same class,2.0517265929641124
Polynomial,Same class,0.595084483136006
Polynomial,Different class,0.23968110136837492
Polynomial,Different class,3.7289713259621093
Polynomial,Same class,1.6000532410581991
Polynomial,Same class,1.160929349045924
Polynomial,Same class,3.877204279071763
Polynomial,Same class,1.784352571085621
Polynomial,Same class,2.3625100293881722
Polynomial,Different class,0.8614130438721993
Polynomial,Different class,1.4421461556546036
Polynomial,Different class,1.9385768487826878
Polynomial,Different class,0.04383419545222654
Polynomial,Different class,2.298450692394695
Polynomial,Different class,0.07220152789536156
Polynomial,Different class,0.7286484422035892
Polynomial,Same class,2.9735718642300957
Polynomial,Different class,0.7316288435952728
Polynomial,Same class,3.2132840607299076
Polynomial,Different class,0.02911096495670559
Polynomial,Same class,0.7792058283099087
Polynomial,Same class,0.4664507866872614
Polynomial,Same class,1.8548305744286513
Polynomial,Same class,1.1247642665132647
Polynomial,Different class,0.2058315299683369
Polynomial,Same class,1.441053301392478
Polynomial,Same class,1.0405440518028792
Polynomial,Same class,0.5716135187423853
Polynomial,Same class,0.37167695835578307
Polynomial,Different class,0.20063689457223643
Polynomial,Different class,0.006525604943594397
Polynomial,Different class,0.06194402088394186
Polynomial,Same class,0.36661319319641733
Polynomial,Same class,2.3033034540023523
Polynomial,Different class,4.57108821673054
Polynomial,Same class,0.6146478538273139
Polynomial,Different class,0.5724622579892866
Polynomial,Different class,0.296852188675552
Polynomial,Different class,0.2660562568487523
Polynomial,Different class,0.3409707060376659
Polynomial,Different class,0.05894055093004898
Polynomial,Different class,5.107137712388846
Polynomial,Different class,0.9757512104118791
Polynomial,Same class,0.6218349562366716
Polynomial,Same class,3.0324972019352097
Polynomial,Same class,1.9891691567650351
Polynomial,Same class,1.8307680502158545
Polynomial,Same class,0.08177400247598202
Polynomial,Same class,3.12043924722995
Polynomial,Different class,3.310972658501538
Polynomial,Same class,1.1059353642355527
Polynomial,Different class,0.43964115054321656
Polynomial,Same class,0.5483600147841229
Polynomial,Same class,0.5102995928609471
Polynomial,Different class,2.417319706474743
Polynomial,Different class,1.1678072486333955
Polynomial,Different class,0.609704664634129
Polynomial,Same class,3.8215026139919717
Polynomial,Same class,1.3033896883785443
Polynomial,Same class,1.0862961954379
Polynomial,Same class,6.669695935959064
Polynomial,Different class,1.769756883668043
Polynomial,Different class,0.14492983045488544
Polynomial,Same class,1.7266327963538801
Polynomial,Different class,0.0029877874404011058
Polynomial,Different class,0.49801071506268424
Polynomial,Same class,0.2054520349699884
Polynomial,Different class,0.806934751841432
Polynomial,Same class,1.3060991566466564
Polynomial,Same class,0.8401084552241738
Polynomial,Same class,3.7436270509761003
Polynomial,Same class,0.00020839221954924175
Polynomial,Same class,0.22713288211081623
Polynomial,Different class,11.9824863223642
Polynomial,Same class,0.03863238825522371
Polynomial,Different class,0.901891733765035
Polynomial,Different class,0.00022130022296455856
Polynomial,Same class,0.2203473968808417
Polynomial,Different class,0.7705371847825737
Polynomial,Same class,1.3289636598898715
Polynomial,Different class,0.902014475334248
Polynomial,Same class,7.611488004246738
Polynomial,Same class,0.18485728486033418
Polynomial,Same class,0.03038672378443016
Polynomial,Different class,0.12334949087614498
Polynomial,Same class,3.381827338861856
Polynomial,Same class,1.71234655117005
Polynomial,Same class,2.621425669899972
Polynomial,Different class,0.7493896264470147
Polynomial,Different class,0.42127594369866833
Polynomial,Same class,0.05540166831299134
Polynomial,Same class,2.2788807631296484
Polynomial,Same class,1.9397581297769513
Polynomial,Same class,0.38805180878562573
Polynomial,Different class,1.2301813388295157
Polynomial,Same class,3.474995317678039
Polynomial,Different class,3.2916295677766003
Polynomial,Different class,0.3663899663182767
Polynomial,Same class,0.535113897832075
Polynomial,Same class,4.757093460745301
Polynomial,Different class,0.6177090486796074
Polynomial,Different class,3.2778531448538004
Polynomial,Same class,3.2660501538384445
Polynomial,Same class,18.42950139301801
Polynomial,Different class,0.4466175049254743
Polynomial,Different class,0.11079014494643652
Polynomial,Same class,2.417138423631875
Polynomial,Same class,0.46999033286024056
Polynomial,Same class,2.2180415550631274
Polynomial,Different class,3.7502962965648488
Polynomial,Same class,1.03564093691307
Polynomial,Different class,0.7841491344022751
Polynomial,Same class,1.0811894045342456
Polynomial,Different class,0.9082229740353622
Polynomial,Different class,3.885739681543651e-05
Polynomial,Different class,0.4095861767770906
Polynomial,Different class,0.3418013480960835
Polynomial,Same class,0.11169135854247715
Polynomial,Same class,3.1912702778946107
Polynomial,Different class,0.005507814787472423
Polynomial,Same class,3.439115030336438
Polynomial,Same class,0.09612226054215393
Polynomial,Same class,0.020362527431411113
Polynomial,Same class,1.8644843657151484
Polynomial,Different class,0.8690378770834685
Polynomial,Same class,1.6802118619045319
Polynomial,Different class,0.13810822321243707
Polynomial,Different class,1.9222827427096434
Polynomial,Different class,1.520844092911382
Polynomial,Same class,0.21837668355471826
Polynomial,Same class,1.2386620447734658
Polynomial,Different class,0.9268149556236424
Polynomial,Same class,4.313061964189321
Polynomial,Different class,1.985907673506364
Polynomial,Different class,1.2652705042090422
Polynomial,Same class,0.3059653001373893
Polynomial,Different class,0.32483593897386415
Polynomial,Same class,1.277013788477743
Polynomial,Different class,0.7535584063827615
Polynomial,Same class,0.9426199424172619
Polynomial,Different class,1.9203188983200976
Polynomial,Same class,1.039813325095097
Polynomial,Different class,3.351970656398149
Polynomial,Different class,1.3359482585600415
Polynomial,Different class,4.308304231059925
Polynomial,Same class,2.3164140905105484
Polynomial,Different class,0.706161189805973
Polynomial,Different class,1.3597011313569887
Polynomial,Different class,0.8941477916790472
Polynomial,Different class,0.6524297838917519
Polynomial,Same class,1.2465284500776008
Polynomial,Different class,0.19333462584270364
Polynomial,Different class,0.23154212040436964
Polynomial,Different class,0.32134528351241254
Polynomial,Different class,1.247097651798038
Polynomial,Different class,0.2882019548232345
Polynomial,Same class,1.904511095428969
Polynomial,Different class,1.730591665893084
Polynomial,Different class,1.715696291102454
Polynomial,Different class,0.7000249100452752
Polynomial,Same class,0.25164205182050287
Polynomial,Same class,0.34470363284041344
Polynomial,Different class,0.9558291498563642
Polynomial,Different class,3.5581305788072184
Polynomial,Same class,3.3399557163106888
Polynomial,Different class,1.7811986111710019
Polynomial,Different class,2.173680802984925
Polynomial,Same class,2.246095083819599
Polynomial,Same class,0.4447581198992181
Polynomial,Different class,0.2621212674979272
Polynomial,Same class,1.335905392544727
Polynomial,Different class,0.9282919662985774
Polynomial,Different class,2.828819376779275
Polynomial,Different class,0.5039704915449655
Polynomial,Same class,0.6558272063397377
Polynomial,Different class,5.418054894424589
Polynomial,Different class,0.8840666710663801
Polynomial,Different class,0.004402633606605436
Polynomial,Different class,0.8264192867126756
Polynomial,Same class,1.7824048222191688
Polynomial,Same class,0.23363974196378814
Polynomial,Different class,0.41814313507721407
Polynomial,Different class,0.42205084427124634
Polynomial,Same class,0.40070274343041234
Polynomial,Same class,0.5247105037655045
Polynomial,Same class,4.655562674118431
Polynomial,Same class,0.16356651456707144
Polynomial,Different class,0.0585010488009295
Polynomial,Same class,0.17228017887532954
Polynomial,Same class,1.1358239854939036
Polynomial,Same class,4.037696128562589
Polynomial,Different class,0.13580293152529338
Polynomial,Same class,0.9686829584303466
Polynomial,Different class,0.6558507494805562
Polynomial,Same class,2.094438593782441
Polynomial,Same class,0.6315943524275892
Polynomial,Same class,0.08116487177931822
Polynomial,Different class,1.4566587273550577
Polynomial,Same class,0.4875448829007892
Polynomial,Same class,0.17358143857740863
Polynomial,Different class,0.31277852085390095
Polynomial,Different class,3.026752924267515
Polynomial,Different class,1.9282483133002664
Polynomial,Same class,2.9559589794823227
Polynomial,Different class,0.14214374311886813
Polynomial,Same class,3.6732166077255535
Polynomial,Different class,1.4742745506417811
Polynomial,Different class,2.783761348490691
Polynomial,Same class,1.4346745441406399
Polynomial,Same class,1.3061418011100108
Polynomial,Different class,0.1805754595157877
Polynomial,Same class,0.4589419268361698
Polynomial,Same class,1.036354103821994
Polynomial,Different class,0.4891695552356481
Polynomial,Same class,2.274490796994704
Polynomial,Different class,4.278851815946441
Polynomial,Same class,2.579860202348894
Polynomial,Same class,0.13073727405729801
Polynomial,Same class,4.793336550210818
Polynomial,Different class,0.7516659646579527
Polynomial,Same class,1.3092391022829628
Polynomial,Same class,3.312563854294668
Polynomial,Same class,0.9055304713040866
Polynomial,Same class,1.319115454283322
Polynomial,Same class,1.395328475179261
Polynomial,Different class,0.4396156340907669
Polynomial,Different class,0.15591166491598094
Polynomial,Same class,0.8809601053343384
Polynomial,Same class,2.7033659294331036
Polynomial,Same class,0.7582924968638605
Polynomial,Same class,1.3119898388373874
Polynomial,Same class,4.677181932353257
Polynomial,Different class,1.3209041789643379
Polynomial,Same class,3.8741751039800456
Polynomial,Same class,2.092584800131536
Polynomial,Different class,1.4670302472738062
Polynomial,Different class,0.32674365926557924
Polynomial,Different class,3.0853468908018624
Polynomial,Same class,2.1522913609787198
Polynomial,Different class,3.4821881260460468
Polynomial,Different class,0.638071639251417
Polynomial,Same class,0.010739164183883348
Polynomial,Different class,0.13083940966504135
Polynomial,Same class,0.5209936217873664
Polynomial,Different class,3.2638438515676884
Polynomial,Different class,0.8645003087144016
Polynomial,Different class,1.4796686766543632
Polynomial,Different class,0.42225457213196577
Polynomial,Different class,1.1097751493736787
Polynomial,Different class,0.7938728522066613
Polynomial,Same class,0.07288341967247654
Polynomial,Same class,2.771572472090242
Polynomial,Same class,1.6324396738809102
Polynomial,Same class,0.22694154551614498
Polynomial,Same class,1.5300592581956092
Polynomial,Different class,3.28723106464874
Polynomial,Different class,0.3528995619328488
Polynomial,Different class,0.09176452196551653
Polynomial,Different class,0.5569656007322619
Polynomial,Different class,0.2837431082919743
Polynomial,Different class,5.380664869568182
Polynomial,Same class,1.569705240834244
Polynomial,Same class,0.635120669557655
Polynomial,Different class,3.3923786951294823
Polynomial,Same class,3.6873060166693374
Polynomial,Same class,2.7985708561438774
Polynomial,Different class,0.041674985366056586
Polynomial,Different class,0.004122923560252531
Polynomial,Same class,0.2796303501948976
Polynomial,Different class,1.21073611961485
Polynomial,Different class,4.285087918314839
Polynomial,Same class,5.137765966319382
Polynomial,Same class,2.7496188935059247
Polynomial,Same class,1.5080359841437814
Polynomial,Different class,0.01623545785759214
Polynomial,Same class,2.1354179952747674
Polynomial,Same class,2.7996835488471556
Polynomial,Same class,2.1777305017483637
Polynomial,Same class,0.06319240998567052
Polynomial,Different class,3.423672539630246
Polynomial,Same class,1.38300651720168
Polynomial,Different class,1.1239261350167429
Polynomial,Same class,2.8121436614684137
Polynomial,Same class,0.41030998254356854
Polynomial,Different class,0.3385044928143521
Polynomial,Same class,2.057624508493935
Polynomial,Same class,1.727541889978722
Polynomial,Same class,2.6843913306548033
Polynomial,Different class,1.7056740137015178
Polynomial,Different class,2.7334380108122778
Polynomial,Different class,3.5052502590490358
Polynomial,Different class,5.337179952414088
Polynomial,Same class,0.42868454339688866
Polynomial,Different class,0.0009878208236641902
Polynomial,Same class,3.1215628107618567
Polynomial,Different class,1.2603489949782596
Polynomial,Same class,2.472826680215583
Polynomial,Different class,0.5685391148341197
Polynomial,Different class,2.3186743909770904
Polynomial,Different class,0.04479766440766
Polynomial,Same class,0.0874567680859859
Polynomial,Different class,1.0349950864366404
Polynomial,Different class,1.5897159971498487
Polynomial,Different class,1.8864521161598096
Polynomial,Different class,1.8146259299581418
Polynomial,Different class,1.5869244611374456
Polynomial,Same class,1.3231541209204112
Polynomial,Different class,1.7747140566239576
Polynomial,Different class,1.0926485801483752
Polynomial,Different class,2.9698812818871567
Polynomial,Same class,0.18784408775385403
Polynomial,Same class,3.3501709480285604
Polynomial,Different class,1.2089621798587824
Polynomial,Different class,1.2125256964430906
Polynomial,Same class,0.2805474028572087
Polynomial,Same class,1.004884988600636
Polynomial,Same class,0.7574403487427491
Polynomial,Same class,0.6866739743491759
Polynomial,Different class,17.185032419254856
Polynomial,Same class,0.056219659214105176
Polynomial,Different class,2.287761064039703
Polynomial,Different class,0.0869867691703178
Polynomial,Different class,1.8890444349617648
Polynomial,Same class,0.42702540815696144
Polynomial,Same class,1.3930287677075563
Polynomial,Same class,1.2320446869549684
Polynomial,Same class,2.764970706557513
Polynomial,Different class,2.4920259526489943
Polynomial,Different class,2.476725174472963
Polynomial,Same class,0.8639986726718974
Polynomial,Same class,0.5440470698468399
Polynomial,Same class,1.9420275615859115
Polynomial,Different class,1.745315923188082
Polynomial,Different class,0.972330327707092
Polynomial,Different class,0.018186287326336252
Polynomial,Same class,3.001981212836671
Polynomial,Different class,0.745239240378188
Polynomial,Different class,0.2232890918204603
Polynomial,Different class,1.4875191401892207
Polynomial,Different class,0.5882776091568868
Polynomial,Same class,4.2832792420724335
Polynomial,Different class,0.19273949270588794
Polynomial,Same class,1.5956310081456448
Polynomial,Same class,0.7765245337560779
Polynomial,Same class,2.6303975523366003
Polynomial,Different class,0.8436613430766355
Polynomial,Same class,0.0005413791819343222
Polynomial,Same class,0.2694668345112643
Polynomial,Same class,0.7306978248866353
Polynomial,Same class,1.7513911874452226
Polynomial,Same class,2.3575995673145838
Polynomial,Same class,3.591810014177979
Polynomial,Different class,0.5081256928177917
Polynomial,Same class,1.6420016579682348e-05
Polynomial,Same class,1.32562562107858
Polynomial,Different class,2.7105650034661495
Polynomial,Different class,0.34606589892039186
Polynomial,Different class,0.7395068730766693
Polynomial,Different class,0.24894294744764428
Polynomial,Same class,0.7522228583751558
Polynomial,Same class,3.0928943694884055
Polynomial,Different class,2.256395262972548
Polynomial,Different class,3.219462131967101
Polynomial,Different class,1.15198664723466
Polynomial,Same class,0.0005793056028522459
Polynomial,Different class,3.9602031238787
Polynomial,Different class,2.8822540228145934
Polynomial,Different class,0.30400471608926194
Polynomial,Same class,0.165926039398061
Polynomial,Same class,1.1758890436898852
Polynomial,Different class,1.0614371207421913
Polynomial,Different class,0.21587299603897142
Polynomial,Different class,3.840057933775195
Polynomial,Same class,0.17224673493430342
Polynomial,Different class,3.420137248698335
Polynomial,Same class,0.651939688610491
Polynomial,Same class,1.54417010735139
Polynomial,Different class,0.8954348951225464
Polynomial,Same class,0.07536314272303635
Polynomial,Different class,0.005118766883417037
Polynomial,Different class,1.23406244694768
Polynomial,Different class,0.3508662837423308
Polynomial,Same class,0.909675929969782
Polynomial,Same class,0.8282525383302
Polynomial,Different class,0.7738200450218633
Polynomial,Same class,0.599137299400722
Polynomial,Different class,3.4932005074305694
Polynomial,Same class,3.175879452689624
Polynomial,Different class,1.7181103108321265
Polynomial,Different class,0.7095200498194643
Polynomial,Different class,0.907050886583865
Polynomial,Different class,0.45129514181566444
Polynomial,Different class,0.16192717460017886
Polynomial,Different class,1.4092758723174255
Polynomial,Same class,0.023440283372756186
Polynomial,Same class,3.3417287125418302
Polynomial,Same class,0.18936667118946773
Polynomial,Same class,0.7326219231638086
Polynomial,Different class,1.2218293644904545
Polynomial,Same class,0.01566619371096875
Polynomial,Same class,0.3402216672294226
Polynomial,Different class,2.666501398336216
Polynomial,Different class,0.04415263476281876
Polynomial,Same class,8.257780745368505
Polynomial,Same class,1.4083958326655241
Polynomial,Same class,0.07403281901926873
Polynomial,Same class,3.605950563185886
Polynomial,Same class,2.4602557376828105
Polynomial,Same class,5.397056631099187
Polynomial,Different class,2.484783739798163
Polynomial,Different class,0.22811371996536645
Polynomial,Same class,0.039947123472259996
Polynomial,Different class,2.8595295431278984
Polynomial,Different class,0.0009573688160757067
Polynomial,Same class,2.7403097676959525
Polynomial,Different class,3.5321018164995954
Polynomial,Different class,0.0010207909630140664
Polynomial,Same class,2.5470927522550575
Polynomial,Same class,4.739658094374672
Polynomial,Same class,1.121149612715017
Polynomial,Same class,2.8409839740026808
Polynomial,Different class,3.8596757456997812
Polynomial,Same class,0.02308288202148535
Polynomial,Same class,0.6951587626740628
Polynomial,Same class,1.2643665889176807
Polynomial,Different class,0.3129223214808617
Polynomial,Different class,0.013632299562476826
Polynomial,Same class,0.5326760932721151
Polynomial,Same class,0.1880521183301913
Polynomial,Different class,0.003587944932357776
Polynomial,Same class,0.25727492053033146
Polynomial,Same class,5.451841902782533
Polynomial,Different class,0.774564123875926
Polynomial,Different class,0.19909586933538892
Polynomial,Different class,0.5420291565821408
Polynomial,Different class,0.36781355592826287
Polynomial,Same class,0.3718175614308173
Polynomial,Different class,4.1640552078416215
Polynomial,Different class,0.5062126293121728
Polynomial,Different class,0.13015659248877298
Polynomial,Same class,1.7058915306064528
Polynomial,Different class,1.6331837222205858
Polynomial,Different class,0.0001182234263730426
Polynomial,Different class,0.634126867740853
Polynomial,Same class,1.2737461234673424
Polynomial,Different class,3.792138192621345
Polynomial,Same class,1.0305713162540198
Polynomial,Different class,7.243842854611874
Polynomial,Different class,0.05943406901123795
Polynomial,Different class,1.592190976168178
Polynomial,Same class,0.19288070587155248
Polynomial,Same class,10.975522258384787
Polynomial,Same class,0.703901336299965
Polynomial,Same class,5.490879297615602
Polynomial,Different class,0.15566631050956467
Polynomial,Different class,0.9441362156796106
Polynomial,Same class,0.07790268098688323
Polynomial,Different class,0.6852149633858665
Polynomial,Different class,0.9550316983044806
Polynomial,Different class,1.3874801380271409
Polynomial,Different class,2.061866749499544
Polynomial,Different class,0.07220152789536156
Polynomial,Different class,2.1747775487511474
Polynomial,Same class,0.038920492651394224
Polynomial,Different class,1.2430643258463394
Polynomial,Same class,2.1135503386016268
Polynomial,Same class,0.5434334572273544
Polynomial,Same class,2.7712029570416776
Polynomial,Different class,0.3665643217602345
Polynomial,Same class,0.4836459500440805
Polynomial,Different class,1.3311168920886762
Polynomial,Different class,0.8307250853666098
Polynomial,Same class,0.3907175798145045
Polynomial,Same class,0.697036985355932
Polynomial,Different class,0.2654012393166329
Polynomial,Different class,0.5666305894145902
Polynomial,Different class,0.39827711821101014
Polynomial,Same class,0.598117118730156
Polynomial,Same class,1.6797188447844087
Polynomial,Different class,0.48428182040661033
Polynomial,Same class,5.130327078924821
Polynomial,Same class,2.2661914110793795
Polynomial,Different class,0.9331043210599334
Polynomial,Same class,11.577566330965109
Polynomial,Different class,0.4980850473337393
Polynomial,Same class,0.4792536761110178
Polynomial,Same class,2.2811633524142163
Polynomial,Different class,0.20125760812022012
Polynomial,Same class,0.10305428142472194
Polynomial,Different class,1.4663156643817097
Polynomial,Different class,5.8657364338966005
Polynomial,Same class,5.860531252459539
Polynomial,Same class,2.448239321878358
Polynomial,Same class,0.3024463795629856
Polynomial,Different class,0.36702411058581025
Polynomial,Same class,3.494192514654106
Polynomial,Same class,0.8224635373974831
Polynomial,Different class,0.5123142071714728
Polynomial,Same class,2.3060118952369613
Polynomial,Same class,0.2887238722239809
Polynomial,Same class,1.2363590315338258
Polynomial,Same class,3.048327596782013
Polynomial,Different class,4.380847583869237
Polynomial,Same class,0.8175080253679161
Polynomial,Same class,0.32739419578987455
Polynomial,Different class,0.04805592952058209
Polynomial,Same class,0.6495716638386174
Polynomial,Same class,3.1112340411549124
Polynomial,Different class,1.1456239345964059
Polynomial,Same class,1.733434389455384
Polynomial,Same class,0.0011572477645463845
Polynomial,Same class,0.5556817734710581
Polynomial,Different class,1.090125374634036
Polynomial,Different class,4.0361388031900125
Polynomial,Same class,0.5300368200296189
Polynomial,Different class,1.284124117867978
Polynomial,Same class,0.3256051205522373
Polynomial,Same class,0.5531312869883956
Polynomial,Same class,0.49059864918781754
Polynomial,Different class,0.007291155133742763
Polynomial,Different class,0.7414650857474655
Polynomial,Same class,5.794933256169862
Polynomial,Same class,0.293230256018054
Polynomial,Same class,1.344520608801467
Polynomial,Same class,0.5750381845663958
Polynomial,Different class,1.602441869333065
Polynomial,Different class,1.2787824396343779
Polynomial,Different class,0.0002502523448710867
Polynomial,Same class,2.4169421245928704
Polynomial,Same class,3.75475848828861
Polynomial,Different class,4.656481387816122
Polynomial,Same class,0.09995840642226066
Polynomial,Different class,1.240049745401013
Polynomial,Same class,0.9033384100234069
Polynomial,Different class,0.07944969441960188
Polynomial,Different class,0.06562460339290468
Polynomial,Different class,0.3217423490089611
Polynomial,Different class,0.3304643152621947
Polynomial,Same class,1.620908219800832
Polynomial,Same class,0.11709961221019315
Polynomial,Same class,0.004264314987158166
Polynomial,Same class,3.9012316325058363
Polynomial,Different class,1.5311387665375988
Polynomial,Different class,1.3064776136122858
Polynomial,Different class,0.08399673723687835
Polynomial,Same class,0.5011057707294128
Polynomial,Different class,1.1727491326129489
Polynomial,Different class,1.5899813024065035
Polynomial,Same class,2.040335097163925
Polynomial,Same class,14.393556779654201
Polynomial,Different class,0.017597208311501314
Polynomial,Same class,0.09430908873799736
Polynomial,Same class,2.1213227022793166
Polynomial,Different class,1.6117186760005529
Polynomial,Same class,0.4267489652628339
Polynomial,Same class,0.08145448769352216
Polynomial,Different class,5.30798110812231
Polynomial,Different class,1.7641157471934086
Polynomial,Same class,6.389237457044413
Polynomial,Different class,1.2856679924842034
Polynomial,Different class,0.4302955074517101
Polynomial,Different class,0.8469492439546834
Polynomial,Different class,0.4146519382103391
Polynomial,Different class,0.5248659002297018
Polynomial,Same class,0.5192478994803132
Polynomial,Different class,0.5046528116881611
Polynomial,Different class,0.5638117124833368
Polynomial,Different class,0.881112270309676
Polynomial,Same class,0.015808184993853173
Polynomial,Same class,0.002354291267997827
Polynomial,Same class,4.620500937283613
Polynomial,Different class,1.2247515179910697
Polynomial,Different class,0.2769189340645244
Polynomial,Same class,0.3449003388493282
Polynomial,Different class,0.3841913603216243
Polynomial,Different class,4.795578462549226
Polynomial,Different class,0.734648684460947
Polynomial,Different class,0.2785017068678548
Polynomial,Same class,1.0986408127390155
Polynomial,Same class,0.8645312272871322
Polynomial,Different class,1.2140328963607903
Polynomial,Same class,1.181950290809255
Polynomial,Different class,1.5903906045119764
Polynomial,Different class,2.649487534680673
Polynomial,Different class,0.5680060702166086
Polynomial,Different class,1.4093703197464131
Polynomial,Different class,1.0748089292536123
Polynomial,Same class,0.017682100261593635
Polynomial,Same class,0.5037548382575938
Polynomial,Same class,0.6409469512561395
Polynomial,Same class,2.880064605728208
Polynomial,Same class,2.258949141477197
Polynomial,Same class,0.731209304684247
Polynomial,Same class,2.107985221200049
Polynomial,Same class,3.5339470927058096
Polynomial,Different class,0.7040982992166985
Polynomial,Same class,2.6529599170004095
Polynomial,Same class,1.807773682278222
Polynomial,Different class,0.40567673617778904
Polynomial,Different class,3.8686285241293894
Polynomial,Different class,1.2487620736715772
Polynomial,Different class,0.10223871540105578
Polynomial,Same class,0.8179605432224173
Polynomial,Different class,1.8029346760184901
Polynomial,Different class,1.5375299189590752
Polynomial,Different class,6.83893323928378
Polynomial,Same class,0.07325750149892031
Polynomial,Different class,0.5907001153601323
Polynomial,Different class,0.2905124558377477
Polynomial,Same class,7.9008774811584805
Polynomial,Same class,4.507892725774311
Polynomial,Same class,1.540453796826084
Polynomial,Same class,0.8813724111946967
Polynomial,Same class,0.722121149962365
Polynomial,Different class,0.9201426017160391
Polynomial,Different class,4.293415239854478
Polynomial,Same class,1.5330018735487825
Polynomial,Same class,2.3175962359124282
Polynomial,Same class,1.0831715614778334
Polynomial,Different class,2.5290660335257296
Polynomial,Same class,0.5425265875688923
Polynomial,Different class,0.01802403936771513
Polynomial,Different class,3.8345338456430964
Polynomial,Different class,2.946987494852651
Polynomial,Different class,0.8089648590539725
Polynomial,Different class,4.535214593189764
Polynomial,Same class,0.0034137360086808023
Polynomial,Different class,0.016068189048911077
Polynomial,Different class,0.24055107535821516
Polynomial,Different class,2.9491570519498818
Polynomial,Same class,2.8604942118158867
Polynomial,Different class,1.19430322116562
Polynomial,Different class,1.249264488068213
Polynomial,Different class,0.46807631468835903
Polynomial,Different class,1.258662359221308
Polynomial,Different class,0.6864207098247924
Polynomial,Different class,2.041718223593262
Polynomial,Different class,1.7995231889301615
Polynomial,Different class,1.3885141221879223
Polynomial,Different class,1.3594346461526836
Polynomial,Same class,1.6509985678197259
Polynomial,Same class,0.6602216807888474
Polynomial,Same class,0.48489084869543686
Polynomial,Different class,0.7256967457287732
Polynomial,Different class,0.8832362980279865
Polynomial,Same class,2.4558771776835155
Polynomial,Same class,6.049840168353514
Polynomial,Different class,1.9256546115395878
Polynomial,Different class,5.233563932101847
Polynomial,Different class,1.4095042618386757
Polynomial,Same class,3.816319557441374
Polynomial,Same class,0.6190432361231661
Polynomial,Different class,3.6956857486657575
Polynomial,Same class,2.219178073252747
Polynomial,Different class,1.3234652194243208
Polynomial,Different class,1.7639597354587382
Polynomial,Same class,0.1860819514849041
Polynomial,Different class,1.6584603160011966
Polynomial,Same class,5.29907904808178
Polynomial,Same class,1.1419946029273056
Polynomial,Same class,1.639680896579579
Polynomial,Same class,0.25994425568389423
Polynomial,Same class,1.2322177839056077
Polynomial,Different class,2.5786098987160124
Polynomial,Same class,1.3209076370518487
Polynomial,Different class,0.05907959718316645
Polynomial,Different class,1.8651644973304669
Polynomial,Different class,0.34970271458990215
Polynomial,Different class,0.017979837393852192
Polynomial,Same class,2.3440488589209143
Polynomial,Same class,0.6827240529747284
Polynomial,Same class,0.11769822313708074
Polynomial,Different class,6.163635184576228
Polynomial,Same class,0.3070253087588293
Polynomial,Same class,0.7904167124111198
Polynomial,Different class,0.11693574458397349
Polynomial,Different class,1.7084878177374314
Polynomial,Different class,2.2812386702473435
Polynomial,Different class,1.3264734413659849
Polynomial,Same class,2.302490400278141
Polynomial,Different class,0.021396633986925657
Polynomial,Different class,2.2818904102049298
Polynomial,Different class,1.435895741220076
Polynomial,Same class,0.8525668299915768
Polynomial,Same class,0.8526217562093814
Polynomial,Same class,0.9270798376690345
Polynomial,Same class,2.6333901644330124
Polynomial,Same class,0.5277923159089868
Polynomial,Different class,0.2527273526825683
Polynomial,Same class,1.0746176824180171
Polynomial,Same class,0.03218026145119253
Polynomial,Same class,0.09553469111436942
Polynomial,Different class,1.5927246271360518
Polynomial,Different class,0.8812956837358754
Polynomial,Same class,0.8278082876829935
Polynomial,Same class,2.57613651210835
Polynomial,Different class,0.104859931930256
Polynomial,Different class,1.750529294170438
Polynomial,Same class,3.7764997575924557
Polynomial,Same class,2.822302800145091
Polynomial,Same class,2.295405126926558
Polynomial,Same class,4.993979891450862
Polynomial,Same class,4.172817972188679
Polynomial,Same class,1.5643815127745182
Polynomial,Same class,0.9564269134926511
Polynomial,Same class,1.7820962177579345
Polynomial,Different class,1.1501547506982577
Polynomial,Same class,3.4787130935063404
Polynomial,Different class,0.7744051026971646
Polynomial,Different class,1.1057200998829764
Polynomial,Different class,2.6505828675508205
Polynomial,Different class,0.28821739542549163
Polynomial,Different class,8.114555176070411e-05
Polynomial,Same class,3.99371232214265
Polynomial,Same class,1.9141740169435109
Polynomial,Different class,0.08684090525980732
Polynomial,Different class,2.6965653028168526
Polynomial,Same class,4.570676910326253
Polynomial,Same class,0.5464075479390319
Polynomial,Same class,0.4245214158729138
Polynomial,Different class,1.6429559617486864
Polynomial,Different class,0.5810986556691619
Polynomial,Different class,1.9103212911921486
Polynomial,Same class,0.13933960762745248
Polynomial,Different class,0.010582273995585456
Polynomial,Different class,1.8156507833499813
Polynomial,Different class,1.4919590695077232
Polynomial,Same class,1.4006845279329696
Polynomial,Different class,1.1505572784642686
Polynomial,Same class,2.4554435611635017
Polynomial,Same class,66.44418454577335
Polynomial,Same class,0.1865317126785732
Polynomial,Different class,2.8380912800618723
Polynomial,Different class,0.8391408602030082
Polynomial,Same class,1.2801914038505162
Polynomial,Same class,1.0742652840943798
Polynomial,Different class,3.0455742206348475
Polynomial,Different class,0.002356391621340342
Polynomial,Different class,2.468714141354775
Polynomial,Same class,1.4673800320622326
Polynomial,Different class,0.0702254764842785
Polynomial,Same class,2.5882211540412783
Polynomial,Same class,0.3248647468754352
Polynomial,Different class,3.3023793780233692
Polynomial,Different class,0.5442774153961956
Polynomial,Different class,1.450088015682231
Polynomial,Same class,0.19367141132876767
Polynomial,Same class,0.47692541954969564
Polynomial,Same class,0.9868983128095484
Polynomial,Same class,0.7606237664295143
Polynomial,Different class,0.005527927515858441
Polynomial,Same class,0.09684664452793189
Polynomial,Different class,0.7794590536116373
Polynomial,Same class,3.051368639532106
Polynomial,Different class,0.6057311372216984
Polynomial,Same class,0.9721050740161394
Polynomial,Same class,2.336682051874348
Polynomial,Different class,1.0547355084071925
Polynomial,Different class,2.481359958607125
Polynomial,Different class,0.7770739772691702
Polynomial,Different class,1.7720200216652287
Polynomial,Different class,0.9448195683167218
Polynomial,Same class,3.8225716414190236
Polynomial,Different class,3.969873613687867
Polynomial,Different class,0.11963412870684849
Polynomial,Different class,12.468276768906392
Polynomial,Different class,0.9399322147617761
Polynomial,Different class,1.1898675734273467
Polynomial,Same class,0.5471497942615953
Polynomial,Different class,1.7161425469424139
Polynomial,Different class,0.22746491780641384
Polynomial,Same class,0.11183515405118002
Polynomial,Different class,0.9211676055958503
Polynomial,Different class,1.0671331530213781
Polynomial,Different class,2.2970403524081315
Polynomial,Same class,2.6604682727641524
Polynomial,Different class,0.8423310622953274
Polynomial,Same class,0.16275647934242732
Polynomial,Same class,3.3427228983053956
Polynomial,Different class,0.8546298587869298
Polynomial,Same class,1.8516210668569804
Polynomial,Different class,2.061380175046422
Polynomial,Different class,0.4732951005343036
Polynomial,Different class,0.3640583658889631
Polynomial,Different class,0.03126643466855135
Polynomial,Same class,2.4799441419159
Polynomial,Different class,2.883326567837897
Polynomial,Same class,2.234558656937509
Polynomial,Different class,0.6882353149383089
Polynomial,Same class,1.3626157828936596
Polynomial,Same class,0.08876744642510732
Polynomial,Same class,0.6871827926969905
Polynomial,Different class,0.4064490788938561
Polynomial,Different class,0.05249101895829755
Polynomial,Different class,0.4192732271750305
Polynomial,Different class,0.8024388999143389
Polynomial,Same class,1.399597442910601
Polynomial,Same class,6.714540094904525
Polynomial,Different class,5.7268774867972025
Polynomial,Same class,0.7288303172077039
Polynomial,Different class,0.647137081823551
Polynomial,Different class,0.8870389581919066
Polynomial,Different class,1.5703671786726225
Polynomial,Same class,0.01649418795357885
Polynomial,Same class,1.0062082130868772
Polynomial,Same class,0.26015844586406695
Polynomial,Different class,4.04104734715369
Polynomial,Same class,9.846754874287061
Polynomial,Different class,1.6919067085134414
Polynomial,Different class,0.009268866938689745
Polynomial,Same class,0.01334988484317284
Polynomial,Same class,0.6201657097684362
Polynomial,Different class,2.7432431681059
Polynomial,Same class,0.04034573586540579
Polynomial,Different class,0.6356298562094009
Polynomial,Same class,0.8323287681954631
Polynomial,Different class,1.5892839875948426
Polynomial,Different class,4.499726371734579
Polynomial,Different class,2.6961272399456577
Polynomial,Different class,7.225471834101386
Polynomial,Same class,1.7987010566572834
Polynomial,Same class,1.1903903233223692
Polynomial,Different class,0.0033804549571043057
Polynomial,Same class,4.084976242807921
Polynomial,Same class,2.7300109495174443
Polynomial,Same class,3.913918945544621
Polynomial,Different class,4.028142711515096
Polynomial,Same class,0.9874781670055521
Polynomial,Different class,1.6831278901924676
Polynomial,Same class,4.83084597913925
Polynomial,Different class,0.5897210592541284
Polynomial,Same class,0.7283949169530787
Polynomial,Same class,7.352827230511612
Polynomial,Same class,0.46658316507098224
Polynomial,Different class,0.3965973204152888
Polynomial,Different class,2.872400170880017
Polynomial,Different class,1.8210283758034151
Polynomial,Same class,2.489228506877276
Polynomial,Different class,1.7633003006583872
Polynomial,Same class,0.1728727219436554
Polynomial,Different class,2.7944126331486236
Polynomial,Same class,2.9759436126384045
Polynomial,Different class,2.715654528861019
Polynomial,Same class,2.5869244392159403
Polynomial,Different class,2.13470175735311
Polynomial,Same class,0.04949495291091812
Polynomial,Same class,1.8897220983371388
Polynomial,Different class,0.2624013923377226
Polynomial,Same class,0.38189671480703075
Polynomial,Same class,6.014613808783152
Polynomial,Same class,1.3189003563512411
Polynomial,Different class,1.9646081701512124
Polynomial,Same class,0.18237574574329962
Polynomial,Same class,0.3109123558841644
Polynomial,Different class,1.0478672620731744
Polynomial,Different class,0.592171180347359
Polynomial,Same class,0.005254762587450218
Polynomial,Different class,0.04387590805854279
Polynomial,Different class,0.36067793314041713
Polynomial,Different class,3.371939366823253
Polynomial,Different class,0.9309835163735787
Polynomial,Same class,0.29731456459686506
Polynomial,Different class,2.5565954527279784
Polynomial,Same class,0.6111272440617754
Polynomial,Different class,0.9538348151163681
Polynomial,Same class,4.612743976128166
Polynomial,Different class,0.10472033087801941
Polynomial,Same class,0.7576104030249107
Polynomial,Different class,0.8433301534993587
Polynomial,Different class,1.8045211215397374
Polynomial,Different class,0.3422122979953982
Polynomial,Same class,3.433466317342282
Polynomial,Different class,6.585068846006995
Polynomial,Different class,0.5398951056554576
Polynomial,Same class,1.1667878258628486
Polynomial,Same class,0.3632769726987598
Polynomial,Same class,0.849402123969307
Polynomial,Same class,1.210866578136299
Polynomial,Same class,0.9743525078768052
Polynomial,Different class,0.0518669383417669
Polynomial,Same class,0.03404339247169976
Polynomial,Same class,0.5206893230935279
Polynomial,Same class,1.211001042579797
Polynomial,Different class,0.3489085920224142
Polynomial,Different class,2.736111981928911
Polynomial,Same class,0.5484419001107919
Polynomial,Different class,1.3037246775735072
Polynomial,Same class,1.177451006984835
Polynomial,Same class,1.6500587032747513
Polynomial,Same class,0.7878459792592807
Polynomial,Same class,0.9171093442092838
Polynomial,Different class,0.23683271416926052
Polynomial,Different class,2.854984761504351
Polynomial,Different class,1.2939753966891288
Polynomial,Same class,0.0007265300895724069
Polynomial,Different class,0.003894086325880909
Polynomial,Different class,4.077388312358123
Polynomial,Same class,2.1316822417457693
Polynomial,Same class,0.8920341819866603
Polynomial,Same class,0.4051921207185143
Polynomial,Different class,0.5381536367917675
Polynomial,Different class,0.4760124225529379
Polynomial,Same class,1.6802032500872721
Polynomial,Different class,0.05203832776865764
Polynomial,Same class,0.918784010201722
Polynomial,Different class,2.6702486368535063
Polynomial,Same class,1.875887577941375
Polynomial,Same class,1.4997400055471142
Polynomial,Different class,0.45325295360118417
Polynomial,Same class,0.08280340237669735
Polynomial,Same class,0.5303817099130606
Polynomial,Different class,3.066038087513035
Polynomial,Different class,1.4273556613395435
Polynomial,Different class,0.13385003077813779
Polynomial,Different class,1.627541812688287
Polynomial,Same class,1.2212301890840616
Polynomial,Same class,7.686245329491946
Polynomial,Same class,0.14012725595362768
Polynomial,Same class,1.915429775309676
Polynomial,Same class,0.8834951357520121
Polynomial,Different class,0.8804472255339432
Polynomial,Different class,0.021809371597846773
Polynomial,Same class,0.9757252526483884
Polynomial,Different class,0.7998289648218571
Polynomial,Same class,1.9185230670820708
Polynomial,Same class,19.494474811695017
Polynomial,Different class,0.7534517569616862
Polynomial,Different class,0.028098734429520406
Polynomial,Different class,0.3101896581962067
Polynomial,Different class,1.70594258628291
Polynomial,Different class,2.9373030104725366
Polynomial,Same class,2.1746213127847023
Polynomial,Different class,0.11699058111907207
Polynomial,Different class,0.005476999519384146
Polynomial,Different class,0.1721010565317292
Polynomial,Different class,0.3411877339318603
Polynomial,Different class,1.2658189815003635
Polynomial,Different class,1.7411523791445713
Polynomial,Same class,1.322325268118371
Polynomial,Same class,0.05060622292342933
Polynomial,Same class,0.41248850987675495
Polynomial,Different class,9.318952361557258
Polynomial,Same class,0.027065651015033044
Polynomial,Different class,0.06134758606079999
Polynomial,Same class,0.9263847950689204
Polynomial,Different class,3.3533153987120117
Polynomial,Different class,0.09869567692593792
Polynomial,Different class,4.561182261010788
Polynomial,Different class,0.18941207303338073
Polynomial,Different class,0.10524302933110107
Polynomial,Different class,0.5300974128684878
Polynomial,Different class,2.5186383386024627
Polynomial,Different class,0.1045325080446237
Polynomial,Different class,0.49566227765848353
Polynomial,Different class,7.516521245327466
Polynomial,Different class,0.860333729814668
Polynomial,Same class,0.2675677036353458
Polynomial,Different class,2.0665703112266547
Polynomial,Different class,0.6292644074576424
Polynomial,Same class,1.4529758372510295
Polynomial,Different class,0.8029426031777365
Polynomial,Different class,0.08308367068823139
Polynomial,Same class,5.2522367836616795
Polynomial,Different class,0.5637169393097214
Polynomial,Same class,0.04125120499879095
Polynomial,Different class,1.9147525114715909
Polynomial,Different class,1.9397348545215372
Polynomial,Different class,0.31081609606850596
Polynomial,Different class,0.605723980213531
Polynomial,Different class,0.9929421017129019
Polynomial,Different class,0.786684676991452
Polynomial,Same class,2.3201258372615485
Polynomial,Same class,0.007793150634576967
Polynomial,Same class,0.06454155434288478
Polynomial,Same class,0.02533515558952649
Polynomial,Same class,3.015793644131991
Polynomial,Same class,0.18125134399408505
Polynomial,Same class,0.952791918209352
Polynomial,Different class,1.4290396567464179
Polynomial,Different class,5.6610937606626734
Polynomial,Different class,1.0460069196429707
Polynomial,Different class,0.1354914211210659
Polynomial,Different class,0.625367072087559
Polynomial,Different class,3.4783032454147755
Polynomial,Same class,2.1214715619209317
Polynomial,Different class,0.25208452932227887
Polynomial,Same class,1.521701126796328
Polynomial,Different class,0.6282026876196752
Polynomial,Same class,0.022301122452286472
Polynomial,Same class,0.8045417542311629
Polynomial,Same class,14.656099892123256
Polynomial,Different class,4.5081231145933
Polynomial,Different class,1.3478547110656607
Polynomial,Different class,0.4328773279121417
Polynomial,Same class,1.8396268049083166
Polynomial,Different class,3.5499601760025947
Polynomial,Different class,1.7727331895441443
Polynomial,Same class,1.8892041133842536
Polynomial,Different class,3.336002887658571
Polynomial,Different class,3.3362069535846604
Polynomial,Different class,1.960812411893998
Polynomial,Different class,3.8268683983958245
Polynomial,Different class,0.0008992832931890896
Polynomial,Different class,0.6621999845627232
Polynomial,Same class,0.20176478258961536
Polynomial,Different class,1.478147341073212
Polynomial,Same class,4.91683592992275
Polynomial,Different class,0.5348739865725303
Polynomial,Same class,1.1136199778252336
Polynomial,Different class,1.7758555960168314
Polynomial,Same class,2.1562441495212274
Polynomial,Different class,1.9049882420060738
Polynomial,Different class,0.9939640849364039
Polynomial,Same class,0.03424436673869183
Polynomial,Different class,1.5020340947016049
Polynomial,Different class,1.1508058885591745
Polynomial,Same class,0.13746056242726967
Polynomial,Same class,0.005657990478102705
Polynomial,Same class,0.5434113622275312
Polynomial,Same class,0.42271847340049573
Polynomial,Different class,5.4677197094876435
Polynomial,Same class,1.4423680988897762
Polynomial,Same class,2.3074248695656663
Polynomial,Different class,6.173591535865259e-06
Polynomial,Same class,5.92066316822332
Polynomial,Different class,0.1824774072423148
Polynomial,Same class,0.02865096635108966
Polynomial,Different class,1.0623521655858748
Polynomial,Same class,1.3927170069845318
Polynomial,Same class,1.0262400739799427
Polynomial,Same class,0.701708937524753
Polynomial,Same class,0.4702548441265758
Polynomial,Same class,0.19479967903647152
Polynomial,Different class,0.6790616960218778
Polynomial,Different class,3.7136877040891587
Polynomial,Same class,0.47835461903938065
Polynomial,Same class,1.9504846129672884
Polynomial,Same class,0.8318429981814406
Polynomial,Different class,0.444496636056098
Polynomial,Same class,1.4249471167841101
Polynomial,Different class,1.1051239062196185
Polynomial,Different class,2.5652541105203452
Polynomial,Same class,2.930166625492661
Polynomial,Same class,0.3896870420304928
Polynomial,Same class,0.04465280727584218
Polynomial,Different class,2.806580869229731
Polynomial,Same class,1.9679936850987796
Polynomial,Different class,0.09771212402342802
Polynomial,Different class,2.1041616448311196
Polynomial,Different class,3.3773511169215045
Polynomial,Different class,0.7293770003891205
Polynomial,Different class,0.004349834890895378
Polynomial,Same class,3.484882945368421
Polynomial,Different class,2.0542106189414615
Polynomial,Same class,0.08240255629888235
Polynomial,Same class,0.5149654949979684
Polynomial,Same class,0.30507583441271924
Polynomial,Same class,1.7430128564878415
Polynomial,Different class,0.0034323490528000594
Polynomial,Same class,0.48691332670371396
Polynomial,Different class,2.489024171424045
Polynomial,Different class,0.5123462423637132
Polynomial,Different class,1.2337323945454615
Polynomial,Same class,0.739669607808481
Polynomial,Different class,5.142332174202956
Polynomial,Different class,6.5960796124866485
Polynomial,Different class,0.06544009213526572
Polynomial,Same class,1.2278345758681872
Polynomial,Different class,0.9105055898259743
Polynomial,Same class,2.185832668389299
Polynomial,Different class,2.295333653201366
Polynomial,Different class,0.0014807618019639257
Polynomial,Same class,1.3239841970503623
Polynomial,Different class,2.2547342404666466
Polynomial,Different class,3.0485030598860527
Polynomial,Same class,0.40334517238230344
Polynomial,Different class,0.9704077903647468
Polynomial,Different class,0.9007346650860766
Polynomial,Different class,0.6389924738591267
Polynomial,Same class,0.39449167137595886
Polynomial,Same class,0.41523324332965217
Polynomial,Same class,1.1154895164486487
Polynomial,Same class,4.905449796453808
Polynomial,Different class,0.18142902638658542
Polynomial,Different class,1.265634189789623
Polynomial,Same class,0.022524401464443043
Polynomial,Same class,3.751164504016922
Polynomial,Same class,0.034604979800836114
Polynomial,Same class,0.7313468591418224
Polynomial,Different class,1.6105065956344133
Polynomial,Different class,1.3864381633906577
Polynomial,Different class,0.5801070778782725
Polynomial,Same class,0.292731480144026
Polynomial,Different class,0.10211307599522654
Polynomial,Same class,0.7553435910985361
Polynomial,Different class,0.024331013465987917
Polynomial,Same class,0.12875484389628492
Polynomial,Different class,1.1049216935793558
Polynomial,Different class,1.3042672148872445
Polynomial,Same class,0.03264692641165328
Polynomial,Different class,0.25546497704683335
Polynomial,Same class,2.250140209636365
Polynomial,Same class,3.0944821610725026
Polynomial,Same class,1.0031395755222046
Polynomial,Same class,2.9487794864252908
Polynomial,Different class,0.2370827973164625
Polynomial,Same class,1.2938112331062015
Polynomial,Same class,1.012245967952013
Polynomial,Same class,0.9060008451515411
Polynomial,Different class,0.5030978208686491
Polynomial,Same class,2.2711233717183887
Polynomial,Same class,4.078959371135263
Polynomial,Different class,1.158126854977289
Polynomial,Same class,2.293110330391292
Polynomial,Same class,3.415534605628501
Polynomial,Same class,1.1396557207627862
Polynomial,Same class,1.1601807735549188
Polynomial,Different class,0.23266925146127684
Polynomial,Same class,2.85307924114525
Polynomial,Different class,0.0006781736904756739
Polynomial,Different class,0.24516482907809586
Polynomial,Different class,4.804915004110194
Polynomial,Different class,0.0034234301634628126
Polynomial,Same class,1.0635480123171757
Polynomial,Same class,3.493733044745278
Polynomial,Different class,4.096227933163868
Polynomial,Same class,3.064225677671593
Polynomial,Different class,1.7638233495451758
Polynomial,Same class,0.40152535377816045
Polynomial,Same class,0.33781302562742205
Polynomial,Same class,3.954083183362322
Polynomial,Same class,4.871676405926506
Polynomial,Different class,0.08696530895782334
Polynomial,Same class,0.7757081430066451
Polynomial,Different class,0.024451529910558524
Polynomial,Same class,0.3113076039094876
Polynomial,Same class,2.6612764845782095
Polynomial,Different class,2.569920308328894
Polynomial,Different class,2.0117665616893468
Polynomial,Different class,1.6460912374414196
Polynomial,Different class,0.5608959364978154
Polynomial,Same class,0.38216856667564886
Polynomial,Same class,1.3932543541105435
Polynomial,Same class,0.12339166729435719
Polynomial,Different class,0.00539239779855379
Polynomial,Same class,0.8740466080642154
Polynomial,Same class,1.9578548871660504
Polynomial,Different class,0.4354396149951023
Polynomial,Same class,0.7455443719242903
Polynomial,Different class,3.598691353484068
Polynomial,Same class,0.560807799587697
Polynomial,Same class,0.062449890285896495
Polynomial,Same class,1.7216876488841004
Polynomial,Different class,0.14781223479267877
Polynomial,Same class,0.4833746083649223
Polynomial,Same class,0.1096478439451866
Polynomial,Different class,0.5813226765898762
Polynomial,Same class,0.004504943856618495
Polynomial,Different class,0.582525517019903
Polynomial,Same class,3.335304386363008
Polynomial,Different class,0.4303559020951084
Polynomial,Same class,3.1111014379707154
Polynomial,Same class,0.49792333845807624
Polynomial,Same class,1.3000150480727783
Polynomial,Different class,6.17717015866601
Polynomial,Different class,0.8617750766062018
Polynomial,Different class,0.7238656831891144
Polynomial,Same class,7.716243784130353
Polynomial,Different class,1.4181925814381673
Polynomial,Different class,1.3073589125436662
Polynomial,Same class,0.09858743647711748
Polynomial,Different class,0.7310932886381707
Polynomial,Same class,0.29392128089713293
Polynomial,Same class,0.6745779002502935
Polynomial,Different class,3.471922122777074
Polynomial,Same class,0.02678861865755713
Polynomial,Different class,1.6393759899527183
Polynomial,Different class,0.3200799878851505
Polynomial,Different class,0.4629293627493937
Polynomial,Same class,0.0005433036765030479
Polynomial,Same class,0.002031743520252025
Polynomial,Different class,0.2560172665521543
Polynomial,Same class,2.4556416002506753
Polynomial,Same class,1.7456283176982919
Polynomial,Same class,2.412557565393695
Polynomial,Same class,1.518239523432522
Polynomial,Same class,0.21013105441610747
Polynomial,Same class,0.9228376238029709
Polynomial,Same class,1.3721400369855852
Polynomial,Same class,0.22805083225207953
Polynomial,Same class,0.5683820464140136
Polynomial,Different class,1.3158010081938722
Polynomial,Same class,2.0578145926754927
Polynomial,Same class,0.18154802584318502
Polynomial,Different class,0.47112754335915275
Polynomial,Same class,1.7582451619287458
Polynomial,Same class,2.122261257126106
Polynomial,Same class,4.153085854368652
Polynomial,Same class,1.1584075188184617
Polynomial,Same class,0.6106430433304633
Polynomial,Same class,5.73309834253679
Polynomial,Different class,2.2319991514419484
Polynomial,Same class,2.82884730362312
Polynomial,Different class,0.9046072897975325
Polynomial,Different class,0.9801584053131398
Polynomial,Different class,1.3031021408995491
Polynomial,Same class,0.4932777563525475
Polynomial,Different class,3.013091112327032
Polynomial,Same class,0.30641817379015024
Polynomial,Different class,2.1840672674834125
Polynomial,Same class,0.0006281453537414732
Polynomial,Same class,1.6446603612311521
Polynomial,Different class,0.5313618746187775
Polynomial,Different class,4.141444490219829
Polynomial,Same class,0.0019865461632230515
Polynomial,Same class,2.3892765671552345
Polynomial,Different class,0.9694961327784426
Polynomial,Different class,2.1487643826602834
Polynomial,Same class,0.2535860756824079
Polynomial,Different class,0.016294710690453542
Polynomial,Different class,2.56719469332029
Polynomial,Different class,0.21405036120624546
Polynomial,Same class,1.7559661193741214
Polynomial,Same class,0.45719083687553863
Polynomial,Different class,1.7171633936894812
Polynomial,Different class,0.5885845815865572
Polynomial,Different class,0.01113350970615455
Polynomial,Same class,5.790781756869231
Polynomial,Same class,0.9406072160097545
Polynomial,Same class,5.270549742029724
Polynomial,Same class,0.36782218592549687
Polynomial,Different class,0.7671765445420982
Polynomial,Same class,0.23380680528677633
Polynomial,Same class,0.3536057761729407
Polynomial,Different class,2.1538562230934866
Polynomial,Same class,0.800158854988901
Polynomial,Same class,0.003705902743023462
Polynomial,Different class,1.8239380065280992
Polynomial,Same class,0.5507138150822929
Polynomial,Different class,1.6060800631958951
Polynomial,Different class,0.5207497859264275
Polynomial,Different class,1.545484186430471
Polynomial,Same class,0.5355305314362296
Polynomial,Same class,2.6164567463551447
Polynomial,Different class,0.8668236622774748
Polynomial,Same class,0.9155656545582345
Polynomial,Different class,0.05572604786179062
Polynomial,Different class,0.017860942512813296
Polynomial,Same class,0.1786983212947783
Polynomial,Different class,0.18507070281479074
Polynomial,Same class,0.07992835049418469
Polynomial,Same class,3.4033943444853794
Polynomial,Same class,2.7775347073463426
Polynomial,Different class,0.1292028179555451
Polynomial,Same class,0.5428329908020866
Polynomial,Same class,0.06170020603711042
Polynomial,Different class,0.7506165047112586
Polynomial,Different class,0.33277229769585726
Polynomial,Same class,0.4908342713201513
Polynomial,Same class,2.9500966507466306
Polynomial,Different class,0.7336360823246031
Polynomial,Same class,0.5248876401066034
Polynomial,Different class,1.816153932600514
Polynomial,Different class,1.2064010259948843
Polynomial,Different class,1.2115466824857544
Polynomial,Different class,0.48550233197887893
Polynomial,Different class,1.499556503828724
Polynomial,Same class,0.8549702547278555
Polynomial,Different class,2.4587826723815245
Polynomial,Same class,0.14412608351279488
Polynomial,Same class,1.122819788771721
Polynomial,Same class,1.6252758582664772
Polynomial,Same class,3.516289411716116
Polynomial,Same class,1.4470520859628502
Polynomial,Same class,1.8756468182344443
Polynomial,Same class,0.6106498695276636
Polynomial,Different class,0.5581215747907933
Polynomial,Different class,0.8579410355202625
Polynomial,Different class,7.6589662103612435
Polynomial,Same class,0.020353853990954993
Polynomial,Different class,0.4709467699481077
Polynomial,Different class,1.7983307238936794
Polynomial,Same class,0.5598599308845863
Polynomial,Same class,0.08724173023188761
Polynomial,Different class,0.7071615144376906
Polynomial,Different class,0.016050092166339375
Polynomial,Different class,0.7389450504412988
Polynomial,Same class,1.44016316599826
Polynomial,Same class,0.5048173276578357
Polynomial,Same class,1.802031980693112
Polynomial,Same class,2.2918460106007257
Polynomial,Same class,0.2046031853246828
Polynomial,Same class,1.6492877751147466
Polynomial,Same class,0.12210666105927093
Polynomial,Same class,1.0595366413311103
Polynomial,Same class,0.08445172587117983
Polynomial,Same class,0.21766825927813435
Polynomial,Same class,0.8318855051583524
Polynomial,Different class,0.6081805000539109
Polynomial,Same class,2.0715507465153236
Polynomial,Different class,1.1072278845533714
Polynomial,Same class,0.9276344958905368
Polynomial,Same class,0.8662319059665586
Polynomial,Different class,12.195355390228528
Polynomial,Different class,1.9971422679126358
Polynomial,Different class,0.8943607842830216
Polynomial,Different class,0.5864703727567333
Polynomial,Same class,0.006827021415582955
Polynomial,Different class,1.0035906846160112
Polynomial,Different class,0.5420007256205577
Polynomial,Same class,1.059327454128046
Polynomial,Same class,0.5358935151349994
Polynomial,Different class,1.4261711548880165
Polynomial,Same class,0.3942148895512475
Polynomial,Same class,1.2942038960947084
Polynomial,Different class,0.4402585844932934
Polynomial,Same class,1.9223223527547035
Polynomial,Same class,4.396262617463308
Polynomial,Different class,0.033668223052124406
Polynomial,Same class,0.7124291459852933
Polynomial,Same class,0.18984840796740055
Polynomial,Same class,1.184038687111659
Polynomial,Different class,0.030082784396478754
Polynomial,Different class,0.7425315301849413
Polynomial,Different class,0.7317537575536448
Polynomial,Same class,0.5628098001387386
Polynomial,Same class,1.4913301816753188
Polynomial,Same class,2.5797522375685804
Polynomial,Same class,7.151348712008139
Polynomial,Different class,0.003245995728173128
Polynomial,Different class,3.145083424239536
Polynomial,Same class,3.8930392032674885
Polynomial,Same class,1.2946718591865036
Polynomial,Different class,2.232877156058044
Polynomial,Different class,3.1886930985981605
Polynomial,Different class,0.4689439883199484
Polynomial,Same class,0.08453398430131544
Polynomial,Same class,0.738372415952101
Polynomial,Different class,0.013989717472399951
Polynomial,Same class,2.029740994453498
Polynomial,Same class,2.1283178156664424
Polynomial,Different class,4.3840551682891604e-05
Polynomial,Same class,2.231954966004244
Polynomial,Different class,1.387197473239011
Polynomial,Same class,0.12629712690774797
Polynomial,Different class,0.3763952471485549
Polynomial,Same class,2.3170784701277305
Polynomial,Same class,0.2641237419035805
Polynomial,Same class,0.2562757643903743
Polynomial,Same class,2.4972378048233344
Polynomial,Same class,0.22034810753030107
Polynomial,Same class,1.5076256253899645
Polynomial,Same class,0.00319508697791057
Polynomial,Same class,0.01456658274311542
Polynomial,Different class,0.7669845519914185
Polynomial,Different class,0.8971371999133938
Polynomial,Same class,0.5231644138751276
Polynomial,Different class,0.9802915585940272
Polynomial,Different class,1.6324606045943635
Polynomial,Same class,1.2690668756054695
Polynomial,Same class,0.004740178662823238
Polynomial,Same class,0.6674127425896249
Polynomial,Same class,0.43688143098894544
Polynomial,Same class,2.647422550935758
Polynomial,Different class,0.13080827240160656
Polynomial,Different class,1.0639395066021755
Polynomial,Different class,0.5580348949939736
Polynomial,Different class,2.5836565355098986
Polynomial,Different class,1.899272893015508
Polynomial,Different class,2.1815713202591054
Polynomial,Same class,3.552271572160154
Polynomial,Same class,0.00028123116565486326
Polynomial,Same class,1.0644107679446886
Polynomial,Different class,1.11060830331089
Polynomial,Different class,2.6423520817751296
Polynomial,Different class,2.20756621303909
Polynomial,Same class,0.11340147703250099
Polynomial,Different class,1.7084939445347245
Polynomial,Same class,0.8199107914015034
Polynomial,Same class,6.39738501187494
Polynomial,Same class,2.2893991026120397
Polynomial,Different class,1.0836931643622432
Polynomial,Same class,0.9462725041664745
Polynomial,Same class,1.3355912809102068
Polynomial,Different class,0.8645251278341969
Polynomial,Different class,3.4244466082962126
Polynomial,Different class,0.3923786179045355
Polynomial,Same class,0.021144542189277946
Polynomial,Different class,1.4464073025704365
Polynomial,Same class,0.2485354468501679
Polynomial,Same class,1.3090455207212555
Polynomial,Same class,0.6181393921209901
Polynomial,Different class,0.6379105015068208
Polynomial,Different class,1.607400770804236
Polynomial,Different class,0.18946046663237093
Polynomial,Same class,1.7910586248310179
Polynomial,Same class,0.5084716280012499
Polynomial,Different class,1.1562591915577576
Polynomial,Different class,2.459506487083335
Polynomial,Same class,0.6895924778410435
Polynomial,Different class,0.12025906058053301
Polynomial,Different class,2.391526826634503
Polynomial,Different class,0.8801140576728594
Polynomial,Same class,0.8976856076831722
Polynomial,Same class,5.372838751984904e-05
Polynomial,Same class,0.15034182685748795
Polynomial,Different class,0.8822718881338761
Polynomial,Different class,1.3371176392441018
Polynomial,Same class,0.00010190578191257093
Polynomial,Same class,0.8957174949759533
Polynomial,Different class,4.068979608045622
Polynomial,Different class,2.9814434990929817
Polynomial,Different class,0.005556695199833018
Polynomial,Different class,0.13420911702903351
Polynomial,Different class,0.5573810885527289
Polynomial,Different class,0.014296813750600705
Polynomial,Different class,0.013506349510052165
Polynomial,Same class,14.324213619433547
Polynomial,Same class,0.27490549563650224
Polynomial,Different class,0.9408628490156073
Polynomial,Different class,0.38716572886129774
Polynomial,Same class,0.10368334864404903
Polynomial,Same class,2.5434662087810453
Polynomial,Different class,0.10879597546082745
Polynomial,Different class,1.1252820350208168
Polynomial,Same class,1.2029525752986627
Polynomial,Different class,0.9150545833591657
Polynomial,Different class,2.54073725476532
Polynomial,Different class,0.06562946796016145
Polynomial,Different class,2.417310890676294
Polynomial,Different class,0.9233519895447879
Polynomial,Same class,3.8359895957284467
Polynomial,Different class,1.1781874045343568
Polynomial,Different class,1.7635300358287336
Polynomial,Same class,0.7781879637248366
Polynomial,Same class,0.2054390398747743
Polynomial,Same class,0.9018611191578162
Polynomial,Different class,0.5397422050568912
Polynomial,Different class,0.3637299831425698
Polynomial,Same class,0.0036062622692209453
Polynomial,Same class,1.4127704302198825
Polynomial,Same class,1.8265882222050627
Polynomial,Different class,2.276420441162329
Polynomial,Different class,0.5891565881876434
Polynomial,Same class,0.2418747962845955
Polynomial,Different class,3.6523344212973368
Polynomial,Different class,4.985458576194949
Polynomial,Same class,0.7970095565405502
Polynomial,Different class,0.23404649506413794
Polynomial,Different class,2.124310810564978
Polynomial,Same class,4.254757998065709
Polynomial,Same class,0.8155361116807702
Polynomial,Different class,1.275195649115615
Polynomial,Same class,0.6364726585817005
Polynomial,Different class,0.22188637448666315
Polynomial,Different class,0.4223259585517158
Polynomial,Same class,0.19302605901741793
Polynomial,Different class,1.2519516893512366
Polynomial,Different class,1.507933195094518
Polynomial,Same class,2.788518291592333
Polynomial,Different class,0.04348718991448468
Polynomial,Same class,2.1076670231718526
Polynomial,Different class,4.202068276902424
Polynomial,Different class,1.6295633424250282
Polynomial,Same class,1.5526041925073988
Polynomial,Same class,1.744914665947896
Polynomial,Different class,0.43533712101386834
Polynomial,Different class,0.01585594555506601
Polynomial,Same class,3.901538804541316
Polynomial,Same class,2.425759868697447
Polynomial,Different class,0.06663167144473921
Polynomial,Same class,0.4050016403062437
Polynomial,Same class,1.8322433897713626
Polynomial,Different class,0.008217481202955363
Polynomial,Same class,0.516888067097047
Polynomial,Same class,2.3622323992535637
Polynomial,Different class,1.720927095294322
Polynomial,Different class,0.3599208813532768
Polynomial,Same class,1.4996191487472805
Polynomial,Same class,0.4286337820010741
Polynomial,Same class,1.7103649193257535
Polynomial,Same class,0.1146077202304026
Polynomial,Same class,0.8591724545660332
Polynomial,Same class,2.6628186939237324
Polynomial,Different class,1.2772975086569727
Polynomial,Same class,0.18801035820119547
Polynomial,Different class,0.2571790748845185
Polynomial,Same class,0.5807303917303308
Polynomial,Different class,0.9706884235336237
Polynomial,Different class,0.14432579148159333
Polynomial,Different class,0.40116612642251454
Polynomial,Same class,0.01980655089561139
Polynomial,Same class,0.6509801460249889
Polynomial,Different class,1.0554752463306272
Polynomial,Same class,1.2983299764423584
Polynomial,Different class,0.2007345136810145
Polynomial,Different class,2.95621643894755
Polynomial,Different class,3.5169208388851163
Polynomial,Same class,0.0726023232495435
Polynomial,Different class,3.486621009347306
Polynomial,Different class,0.14444712959224115
Polynomial,Different class,0.06368979382735676
Polynomial,Same class,1.2002271653662642
Polynomial,Same class,4.161945998261946
Polynomial,Different class,1.7802216415704837
Polynomial,Different class,0.115654156553417
Polynomial,Same class,0.4656147051662719
Polynomial,Same class,0.011690081807564787
Polynomial,Different class,0.5168813041877899
Polynomial,Same class,0.44712568164867644
Polynomial,Same class,1.2811558060601924
Polynomial,Different class,2.0959546795773902
Polynomial,Same class,7.521097654250232
Polynomial,Different class,0.024049047167444937
Polynomial,Different class,1.2935713399749655
Polynomial,Different class,0.7737036648078577
Polynomial,Same class,2.5019065169489267
Polynomial,Different class,0.057240555396816606
Polynomial,Same class,0.8001788078390809
Polynomial,Different class,1.6329223205466343
Polynomial,Same class,0.7347234545641457
Polynomial,Different class,0.8592780572514512
Polynomial,Same class,0.11336090123942195
Polynomial,Different class,2.9747158288147237
Polynomial,Different class,0.27336198473111906
Polynomial,Different class,1.4222174336889886
Polynomial,Same class,2.3375973585056076
Polynomial,Same class,0.21890245719233614
Polynomial,Same class,0.6650670412480618
Polynomial,Different class,0.3360886780490742
Polynomial,Different class,2.20469351243451
Polynomial,Same class,1.6884760916229762
Polynomial,Different class,1.8687556716822906
Polynomial,Same class,2.2763209158620628
Polynomial,Different class,0.0006854471174407518
Polynomial,Different class,2.5988181716643344
Polynomial,Different class,2.162001382667108
Polynomial,Same class,2.5533840178999565
Polynomial,Different class,0.010204658147084775
Polynomial,Different class,1.2041095413252334
Polynomial,Same class,2.0329248058794054
Polynomial,Same class,0.35216964178736265
Polynomial,Same class,1.295472878002889
Polynomial,Same class,2.3289727186001925
Polynomial,Different class,0.1420120313180892
Polynomial,Same class,13.849820416165473
Polynomial,Different class,0.3382495341348014
Polynomial,Same class,1.110888435623872
Polynomial,Same class,6.406822678279058
Polynomial,Same class,1.8690551201449075
Polynomial,Different class,0.027005399371591923
Polynomial,Different class,0.7477698242967066
Polynomial,Different class,0.7435033605168733
Polynomial,Same class,0.038205670317384095
Polynomial,Same class,1.317906025538845
Polynomial,Same class,1.2039405888701595
Polynomial,Different class,0.5132968252133902
Polynomial,Same class,0.03219950863622782
Polynomial,Different class,0.598089230543796
Polynomial,Different class,0.058870926876949836
Polynomial,Different class,12.246728835322296
Polynomial,Same class,2.6366407927982896
Polynomial,Same class,0.9811264447460297
Polynomial,Same class,0.005965948828597778
Polynomial,Same class,1.3976569751312893
Polynomial,Same class,1.6205251583348381
Polynomial,Same class,1.5845938599213607
Polynomial,Different class,0.5830217092264439
Polynomial,Different class,1.2139043168327468
Polynomial,Different class,0.07258428104631046
Polynomial,Same class,0.4307280926751513
Polynomial,Same class,0.5122861547249075
Polynomial,Different class,0.7752771389070943
Polynomial,Same class,1.873348854138688
Polynomial,Different class,0.004001795383049027
Polynomial,Same class,2.0603191432700942
Polynomial,Different class,2.8746316189984857
Polynomial,Same class,0.2997606103105432
Polynomial,Different class,0.019637977746361977
Polynomial,Same class,1.6814775318659847
Polynomial,Different class,1.2204786551717082
Polynomial,Same class,2.928023139513889
Polynomial,Same class,0.08900140842723264
Polynomial,Different class,0.3868797871785728
Polynomial,Different class,0.3568901629734272
Polynomial,Same class,0.8124576183720271
Polynomial,Different class,1.0658430494467366
Polynomial,Different class,1.5447583461653234
Polynomial,Different class,0.5669341035204353
Polynomial,Same class,0.0822678258087871
Polynomial,Different class,0.12479909109914628
Polynomial,Same class,1.4146087359306927
Polynomial,Different class,0.4452656024651148
Polynomial,Different class,0.11871744100661837
Polynomial,Same class,1.0463898884817606
Polynomial,Different class,0.5596437078635793
Polynomial,Same class,0.8964360005209081
Polynomial,Different class,2.1301334356896984
Polynomial,Different class,0.002615233259352066
Polynomial,Same class,1.654312111155364
Polynomial,Same class,3.9015708190974103
Polynomial,Different class,3.273808243076479
Polynomial,Different class,0.003786359172747366
Polynomial,Different class,0.4282662822544424
Polynomial,Same class,0.7004070112968103
Polynomial,Different class,2.137970069836443
Polynomial,Different class,0.4717238832922016
Polynomial,Different class,0.8397232954123504
Polynomial,Same class,5.5765413881572305
Polynomial,Same class,0.7299420165491083
Polynomial,Same class,1.514794736126258
Polynomial,Same class,1.2300589682098737
Polynomial,Different class,0.08722004488726819
Polynomial,Different class,0.886550055186983
Polynomial,Same class,0.5812409006823598
Polynomial,Different class,0.004718839159287177
Polynomial,Different class,3.1907040854540525
Polynomial,Different class,2.2360306129166587
Polynomial,Different class,0.2920134577452913
Polynomial,Different class,1.2527642142007218
Polynomial,Same class,1.4189881900611159
Polynomial,Same class,0.6671964265792665
Polynomial,Different class,0.09395677722665059
Polynomial,Same class,0.0028205885508523886
Polynomial,Different class,0.8726740651170795
Polynomial,Different class,1.438595116636687
Polynomial,Different class,3.8821158575746857
Polynomial,Same class,0.005572473366153878
Polynomial,Same class,1.705941982254926
Polynomial,Same class,0.6626930671401269
Polynomial,Same class,1.1562624565215525
Polynomial,Different class,16.28200728535514
Polynomial,Same class,3.1388840102150937
Polynomial,Same class,1.5810623402971622
Polynomial,Same class,0.2031242707830969
Polynomial,Same class,21.452849550357072
Polynomial,Same class,0.37709385023890424
Polynomial,Different class,2.8915548980809707
Polynomial,Different class,0.01626379613209966
Polynomial,Same class,0.000866268466293756
Polynomial,Same class,0.26616290331553205
Polynomial,Same class,0.15152983850457463
Polynomial,Different class,0.0420657774084806
Polynomial,Same class,2.3619384013819826
Polynomial,Same class,1.3061664499001207
Polynomial,Same class,0.272445430667471
Polynomial,Same class,1.0184255153237498
Polynomial,Same class,1.0158536625712575
Polynomial,Different class,0.8297903481024262
Polynomial,Different class,0.4377718368199842
Polynomial,Different class,0.797667163822885
Polynomial,Same class,1.4310761861321097
Polynomial,Same class,4.2072092679362045
Polynomial,Same class,0.1947626841700341
Polynomial,Different class,0.05436087213673366
Polynomial,Same class,0.05682531311941171
Polynomial,Same class,1.2872089091041201
Polynomial,Same class,1.4776283878402352
Polynomial,Same class,0.6096651496208914
Polynomial,Same class,2.051658133517047
Polynomial,Different class,3.1215208271747374
Polynomial,Different class,0.5721390776324724
Polynomial,Different class,2.518770960777316
Polynomial,Different class,2.5201030044427575
Polynomial,Same class,0.45876020568868514
Polynomial,Same class,1.57052703088738
Polynomial,Same class,0.011679904096730106
Polynomial,Same class,1.2328564253419483
Polynomial,Same class,0.06877717369328953
Polynomial,Same class,0.567587760483709
Polynomial,Different class,1.8259743247692555
Polynomial,Same class,0.9314359251194241
Polynomial,Same class,0.44296531195279026
Polynomial,Different class,0.6591372674265513
Polynomial,Same class,1.2260936166198186
Polynomial,Different class,1.2709308133648927
Polynomial,Different class,1.3056491731383515
Polynomial,Same class,3.133876950038875
Polynomial,Same class,0.6257689189823482
Polynomial,Same class,1.955317178211871
Polynomial,Same class,0.7988996875686636
Polynomial,Same class,0.737835975255878
Polynomial,Same class,1.718210150387181
Polynomial,Different class,2.4612437401619633
Polynomial,Same class,0.09829801547969363
Polynomial,Same class,2.519612209068794
Polynomial,Different class,0.35182323557162276
Polynomial,Different class,0.8656172442237264
Polynomial,Different class,0.46125607492515736
Polynomial,Same class,1.1565532884376182
Polynomial,Different class,0.162317376071558
Polynomial,Different class,1.4125448345429727
Polynomial,Different class,1.108245844745866
Polynomial,Same class,2.842928616017588
Polynomial,Different class,1.2678308614154303
Polynomial,Different class,0.1763881304040209
Polynomial,Same class,0.22317610186762005
Polynomial,Same class,0.23288468099891252
Polynomial,Different class,0.0227508494320944
Polynomial,Same class,1.3170569643817835
Polynomial,Different class,4.377494936760631
Polynomial,Different class,1.02865073251156
Polynomial,Same class,0.09163409492081162
Polynomial,Different class,0.13291654510121115
Polynomial,Same class,0.4134552528988137
Polynomial,Same class,0.6810692990629542
Polynomial,Same class,0.6989429789204017
Polynomial,Different class,0.5798364511681675
Polynomial,Same class,1.5210473585247
Polynomial,Same class,0.5066378243609534
Polynomial,Same class,1.1648175749002876
Polynomial,Same class,0.22188731715197396
Polynomial,Same class,0.6758832843817918
Polynomial,Same class,2.7725880627545876
Polynomial,Different class,5.045261329302149
Polynomial,Different class,2.481011507334697
Polynomial,Same class,3.4419180621403114
Polynomial,Same class,1.5524971671464833
Polynomial,Same class,0.5893256201481193
Polynomial,Same class,0.22508800144114452
Polynomial,Same class,0.2560140815287727
Polynomial,Same class,0.7134080499969656
Polynomial,Same class,1.6575638484637338
Polynomial,Different class,0.001110610561214654
Polynomial,Same class,1.3534819165379086
Polynomial,Different class,0.7249245355927051
Polynomial,Different class,0.8114270814897723
Polynomial,Same class,0.5077064848551426
Polynomial,Different class,0.9401752519357888
Polynomial,Same class,0.15151015711338695
Polynomial,Different class,0.2843010710281729
Polynomial,Different class,0.4270364518162504
Polynomial,Same class,0.9652208755208743
Polynomial,Different class,2.7534008579935825
Polynomial,Different class,0.7670380678393961
Polynomial,Different class,1.6556217397192472
Polynomial,Different class,0.7380062089854647
Polynomial,Different class,1.1552433218620926
Polynomial,Different class,0.22838866079053535
Polynomial,Same class,4.957297873076214
Polynomial,Same class,2.9029278740306372
Polynomial,Different class,0.5447100633817881
Polynomial,Same class,0.6888299448562427
Polynomial,Different class,1.5093520721952725
Polynomial,Different class,0.1379514223012815
Polynomial,Same class,0.0828641131587378
Polynomial,Different class,0.06416654343554179
Polynomial,Same class,3.9542965208421545
Polynomial,Same class,8.536771118769108
Polynomial,Same class,4.084661351815267
Polynomial,Different class,0.27678583183638816
Polynomial,Same class,0.9092900361153289
Polynomial,Different class,0.6792189977944391
Polynomial,Same class,0.9690028369863234
Polynomial,Different class,0.7692271530087825
Polynomial,Different class,1.3091777371384559
Polynomial,Same class,3.1766100737027423
Polynomial,Different class,0.5810887855993813
Polynomial,Different class,3.4156548615265017
Polynomial,Different class,0.2881319571632513
Polynomial,Different class,2.878645645856039
Polynomial,Different class,1.300033311219971
Polynomial,Same class,10.924010485175733
Polynomial,Same class,0.09680929102487956
Polynomial,Different class,0.9505784629930095
Polynomial,Same class,1.7171660528403032
Polynomial,Different class,1.0642352241407136
Polynomial,Different class,1.2941070215082262
Polynomial,Different class,0.12867451171774505
Polynomial,Different class,0.02666037457799092
Polynomial,Different class,1.6643143687992565
Polynomial,Different class,0.9057939911005606
Polynomial,Different class,1.0469805511346812
Polynomial,Same class,0.2393449984131204
Polynomial,Different class,0.06522374798591553
Polynomial,Same class,4.884892812849282
Polynomial,Same class,0.8522006065693586
Polynomial,Same class,1.8618473435196228
Polynomial,Same class,0.37264047469531547
Polynomial,Same class,7.854778751332062
Polynomial,Different class,2.4289765242883705
Polynomial,Different class,0.6341798637555128
Polynomial,Different class,0.008260120626537698
Polynomial,Different class,2.3974049901213235
Polynomial,Different class,0.2008310052347867
Polynomial,Different class,0.023203629260496066
Polynomial,Same class,0.3573660433921387
Polynomial,Different class,1.545756512273423
Polynomial,Different class,1.7817123908787218
Polynomial,Different class,0.4707273417822235
Polynomial,Different class,4.5123549582265115e-06
Polynomial,Same class,1.3031281564947703
Polynomial,Different class,0.0019449780911323456
Polynomial,Different class,0.5884450266169284
Polynomial,Different class,0.7541201162727644
Polynomial,Same class,1.291759178896331
Polynomial,Different class,3.2904224820846433
Polynomial,Same class,1.9485900467163508
Polynomial,Different class,0.36721920713279466
Polynomial,Different class,0.16361351488222897
Polynomial,Same class,1.1602006669701348
Polynomial,Different class,1.7125601797716243
Polynomial,Same class,2.277806516848806
Polynomial,Same class,2.2811473637696054
Polynomial,Same class,1.7629184114508847
Polynomial,Same class,0.0038168295429699887
Polynomial,Same class,2.503640087462686
Polynomial,Different class,0.9886977612619423
Polynomial,Different class,0.7932472215287466
Polynomial,Different class,1.2984850095654954
Polynomial,Different class,1.1561397481615117
Polynomial,Different class,3.407344087013918
Polynomial,Same class,0.1534211414624687
Polynomial,Same class,0.15909426325532022
Polynomial,Different class,0.7884793705894989
Polynomial,Same class,2.8730483760154573
Polynomial,Same class,0.262965054335682
Polynomial,Different class,0.0017667078579396106
Polynomial,Different class,2.661997609066786
Polynomial,Same class,1.476197964702105
Polynomial,Same class,2.1934557099835996
Polynomial,Same class,4.351869691264094
Polynomial,Different class,2.607019506291427
Polynomial,Same class,0.6171046290801945
Polynomial,Different class,1.5230862678251393
Polynomial,Same class,0.0409472514149445
Polynomial,Same class,1.3210022479659984
Polynomial,Same class,0.09984485174528718
Polynomial,Different class,0.2472224441940878
Polynomial,Same class,27.282757326980526
Polynomial,Same class,0.03457389108979898
Polynomial,Different class,0.9542278498240997
Polynomial,Different class,1.4488026471653972
Polynomial,Same class,0.5161309481661392
Polynomial,Different class,0.010781340283009458
Polynomial,Different class,1.7962412500536742
Polynomial,Same class,0.13477619130253737
Polynomial,Different class,1.4804005723631828
Polynomial,Same class,1.9752160235124185
Polynomial,Different class,0.5813598364343792
Polynomial,Different class,3.320743163889755
Polynomial,Different class,0.7788295205393212
Polynomial,Same class,1.6077700317951877
Polynomial,Different class,0.7724217880478284
Polynomial,Same class,0.4245020638258918
Polynomial,Same class,1.05946196241986
Polynomial,Same class,0.23349663017390557
Polynomial,Same class,0.22347611463733066
Polynomial,Same class,3.560882635075176
Polynomial,Different class,0.15273744332831432
Polynomial,Different class,3.521664155191316
Polynomial,Different class,1.2630607608058495
Polynomial,Different class,0.3899239917363245
Polynomial,Different class,0.29282330514771066
Polynomial,Same class,0.0189385867635194
Polynomial,Same class,1.9496465094138375
Polynomial,Same class,3.097546960130946
Polynomial,Same class,0.11507736667074811
Polynomial,Same class,0.8635624575999364
Polynomial,Different class,0.40341595978431405
Polynomial,Same class,4.521091784522183
Polynomial,Same class,0.9650239003794328
Polynomial,Same class,3.66702650830296
Polynomial,Different class,3.0377438233077942
Polynomial,Same class,1.548818718960869
Polynomial,Same class,0.9254625031262009
Polynomial,Different class,1.1431892446839507
Polynomial,Same class,1.3776700893490892
Polynomial,Different class,0.006511146428084751
Polynomial,Same class,2.230620259990821
Polynomial,Different class,3.434254627050071
Polynomial,Same class,1.6452099388503358
Polynomial,Same class,1.1979049957429537
Polynomial,Same class,0.5404490881429949
Polynomial,Different class,1.3957324232696304
Polynomial,Same class,0.07950763818478399
Polynomial,Different class,2.2385771892200794
Polynomial,Same class,0.22515362188856394
Polynomial,Different class,0.5442346222958013
Polynomial,Different class,0.04444582070677372
Polynomial,Same class,3.3426744189251045
Polynomial,Different class,0.38083444306532943
Polynomial,Same class,1.6842689759031904
Polynomial,Same class,1.2423553011094546
Polynomial,Different class,0.20691774457281306
Polynomial,Different class,0.708118180245351
Polynomial,Same class,3.0195670924032045
Polynomial,Different class,0.09408539228748021
Polynomial,Different class,4.850243034173609
Polynomial,Different class,2.397018407826932
Polynomial,Different class,2.874087047268044
Polynomial,Different class,0.8969102156304105
Polynomial,Same class,1.7879029343372326
Polynomial,Different class,1.6900548311996713
Polynomial,Different class,0.42460965738219086
Polynomial,Different class,0.7705019449069138
Polynomial,Same class,1.4169706635486277
Polynomial,Different class,1.2433738519455737
Polynomial,Same class,0.5316265809831692
Polynomial,Same class,0.035096980999980244
Polynomial,Different class,0.014335440663875595
Polynomial,Different class,0.4817386267029354
Polynomial,Same class,0.41782620418965827
Polynomial,Same class,1.5335499510994577
Polynomial,Same class,0.6983506141156004
Polynomial,Same class,1.002659497740869
Polynomial,Different class,2.1238060541411823
Polynomial,Same class,0.07953383147706806
Polynomial,Same class,4.4303333543081225
Polynomial,Same class,1.3836565829891996
Polynomial,Different class,0.05637286198853864
Polynomial,Same class,2.2141823257573057
Polynomial,Different class,0.808116577598679
Polynomial,Same class,0.7454080422928551
Polynomial,Same class,0.0032972266898455786
Polynomial,Same class,9.807471762619116
Polynomial,Different class,0.08008356941499094
Polynomial,Different class,0.45805403291256647
Polynomial,Same class,1.6823587297272122
Polynomial,Different class,0.03766037228182991
Polynomial,Same class,1.5665808962796384
Polynomial,Different class,2.911481952035985
Polynomial,Same class,0.018157410015398924
Polynomial,Same class,11.288734620166212
Polynomial,Same class,1.40726848593565
Polynomial,Same class,0.46606433147482795
Polynomial,Different class,0.003886095153797281
Polynomial,Different class,1.8039755597685165
Polynomial,Same class,1.557937389206087
Polynomial,Different class,1.5795367228896022
Polynomial,Same class,0.8325471450846411
Polynomial,Different class,0.9336451794904034
Polynomial,Different class,5.203507973251665
Polynomial,Same class,3.527954501210321
Polynomial,Different class,0.08498322324374298
Polynomial,Different class,0.45336129213934145
Polynomial,Different class,1.5887096049548703
Polynomial,Same class,0.9025937726696207
Polynomial,Same class,1.1452272196366133
Polynomial,Same class,0.007124953688706091
Polynomial,Different class,0.8753118031898377
Polynomial,Different class,0.0551207511254279
Polynomial,Same class,0.5183052162190378
Polynomial,Same class,0.5309162877255837
Polynomial,Different class,1.8567326321252267
Polynomial,Same class,0.6424295675301304
Polynomial,Different class,0.23184348291784407
Polynomial,Same class,0.4646360479538503
Polynomial,Different class,0.5665638028857474
Polynomial,Different class,0.7664851870052639
Polynomial,Same class,0.4324478039833385
Polynomial,Same class,2.043420487244282
Polynomial,Different class,3.643203567557504
Polynomial,Different class,2.7696554786951473
Polynomial,Different class,0.45508643770840324
Polynomial,Same class,4.318629172193773
Polynomial,Different class,0.8871792182915191
Polynomial,Different class,0.20104503061793103
Polynomial,Same class,0.546774655468274
Polynomial,Different class,0.09206288439007199
Polynomial,Different class,2.1430206986724447
Polynomial,Different class,1.1650085873493328
Polynomial,Same class,6.760086919896169
Polynomial,Different class,1.758650730081459
Polynomial,Same class,0.8119190003250566
Polynomial,Different class,2.1001164026463695
Polynomial,Different class,0.9600989319118209
Polynomial,Same class,6.8145777188882635
Polynomial,Same class,0.37858458507482096
Polynomial,Same class,1.9181827474454454
Polynomial,Different class,0.18464552757729571
Polynomial,Different class,2.0154277463174335
Polynomial,Different class,3.488767985564012
Polynomial,Different class,0.9514246487759205
Polynomial,Same class,1.5428760793735368
Polynomial,Same class,1.2953217041044844
Polynomial,Same class,0.12676765154138897
Polynomial,Different class,0.051683375839478615
Polynomial,Same class,3.253291574909064
Polynomial,Different class,3.88478697853617
Polynomial,Same class,4.2446108529322375
Polynomial,Different class,1.5238033192918938
Polynomial,Different class,2.029627391392231
Polynomial,Same class,3.118406581241017
Polynomial,Different class,0.67819597207246
Polynomial,Same class,0.45775241706769765
Polynomial,Different class,0.2560117984460564
Polynomial,Same class,0.07508737383132287
Polynomial,Same class,0.25233273787863947
Polynomial,Different class,0.027307743157765924
Polynomial,Same class,1.3661659839385654
Polynomial,Different class,0.4939945090095757
Polynomial,Same class,1.5900148271926413
Polynomial,Different class,0.1633649361403011
Polynomial,Same class,1.9690087319902518
Polynomial,Same class,0.290830611835528
Polynomial,Different class,1.3764716111336126
Polynomial,Different class,3.0705615551831293
Polynomial,Different class,10.423550426384516
Polynomial,Same class,2.590665105918559
Polynomial,Same class,0.5739857003036497
Polynomial,Different class,0.016660826260353215
Polynomial,Different class,1.1266564114784425
Polynomial,Different class,1.9691528171283232
Polynomial,Same class,0.7156211565038646
Polynomial,Different class,0.34076708186757193
Polynomial,Different class,0.9655205559558524
Polynomial,Same class,1.4026633220010343
Polynomial,Different class,2.91436734822542
Polynomial,Same class,0.8788830283483994
Polynomial,Same class,1.2476730829672327
Polynomial,Different class,2.594217800189833
Polynomial,Same class,0.46036120752602144
Polynomial,Different class,1.2811695563319723
Polynomial,Same class,3.5642448604499637
Polynomial,Different class,1.0247850181960894
Polynomial,Different class,2.7717819814075293
Polynomial,Same class,1.4625295807662388
Polynomial,Same class,7.172739287746293
Polynomial,Same class,0.8794760129944802
Polynomial,Different class,7.376217907039161
Polynomial,Different class,0.16306937290098425
Polynomial,Same class,5.687841910550493
Polynomial,Different class,2.4499953382024953
Polynomial,Different class,3.666684780314294
Polynomial,Different class,0.724502659138963
Polynomial,Different class,0.40552360356909867
Polynomial,Same class,0.002054127430183757
Polynomial,Different class,0.4360418417720396
Polynomial,Same class,1.0177253567952673
Polynomial,Different class,2.336949414509255
Polynomial,Different class,0.20487377803249657
Polynomial,Different class,1.4811583493632339
Polynomial,Same class,2.848059256932023
Polynomial,Same class,2.2282112221350734
Polynomial,Same class,8.398951947521306
Polynomial,Same class,2.3669532420668355
Polynomial,Same class,1.042382513614099
Polynomial,Same class,0.21846947721989168
Polynomial,Different class,1.2945735153044735
Polynomial,Different class,0.22779917055428991
Polynomial,Different class,1.3004027789910007
Polynomial,Same class,1.1408234529351664
Polynomial,Same class,0.028228632107937437
Polynomial,Different class,1.54443728148011
Polynomial,Same class,1.2096778310750027
Polynomial,Same class,0.819952396481021
Polynomial,Same class,1.0472855289428489
Polynomial,Same class,1.1602393252799523
Polynomial,Same class,1.5211581240572984
Polynomial,Different class,1.1012333737788462
Polynomial,Same class,3.4498622662413325
Polynomial,Different class,1.5386533915809186
Polynomial,Different class,0.04558552309984531
Polynomial,Same class,0.24129071443605207
Polynomial,Same class,4.198170811569324
Polynomial,Different class,0.031655578248937506
Polynomial,Different class,4.497323978593907
Polynomial,Different class,2.279610539351304
Polynomial,Same class,0.6140137644723199
Polynomial,Different class,5.9525307295761385
Polynomial,Different class,0.2828554157876523
Polynomial,Same class,15.343375835515234
Polynomial,Different class,0.21440577281907774
Polynomial,Different class,0.396542849013523
Polynomial,Same class,0.022572254613990834
Polynomial,Same class,2.8656541960879442
Polynomial,Different class,1.540835145026455
Polynomial,Different class,0.001614987670342687
Polynomial,Same class,2.41329780581401
Polynomial,Same class,0.42992909039145183
Polynomial,Different class,0.6457301483430626
Polynomial,Same class,1.5065680606963288
Polynomial,Same class,0.2683970225131265
Polynomial,Different class,3.2935189770808586
Polynomial,Different class,0.8066885523326722
Polynomial,Same class,0.11623147740130879
Polynomial,Same class,0.5700172031850921
Polynomial,Different class,0.0068727770696492465
Polynomial,Different class,0.453145764277884
Polynomial,Same class,0.49532633800490017
Polynomial,Same class,2.110978861109289
Polynomial,Different class,0.8233652700617536
Polynomial,Same class,0.4811369707747724
Polynomial,Different class,11.287312825125506
Polynomial,Same class,3.4798227739997967
Polynomial,Same class,1.163087166826348
Polynomial,Same class,0.4280152790449839
Polynomial,Same class,0.07677156734072156
Polynomial,Same class,1.9123742725915343
Polynomial,Same class,3.7136835335671785
Polynomial,Different class,0.030885304337068827
Polynomial,Different class,0.264424708167296
Polynomial,Same class,0.4205921448882402
Polynomial,Same class,8.430556094543515
Polynomial,Different class,1.58826533791703
Polynomial,Different class,0.7184988211047967
Polynomial,Same class,0.621993402157528
Polynomial,Same class,1.5413416772519233
Polynomial,Different class,1.6422164507461487
Polynomial,Different class,2.4998343203305247
Polynomial,Same class,0.03426495800081777
Polynomial,Same class,4.766949456212919
Polynomial,Same class,2.3835024889371077
Polynomial,Same class,2.75710045092601
Polynomial,Same class,6.2007503846161285
Polynomial,Different class,0.15504613018527105
Polynomial,Different class,5.020789617435502
Polynomial,Same class,1.3987341757272824
Polynomial,Same class,5.2150986529130305
Polynomial,Same class,0.0008970036145921444
Polynomial,Same class,0.8201454063009267
Polynomial,Same class,0.022557891806470175
Polynomial,Different class,2.0157762013440177
Polynomial,Different class,2.266693776974135
Polynomial,Different class,3.8621674722621053
Polynomial,Same class,0.7931866766430076
Polynomial,Different class,0.280461970959832
Polynomial,Different class,0.4949834606851967
Polynomial,Same class,0.2600281625680453
Polynomial,Different class,0.00996637121617069
Polynomial,Same class,0.3292676523362509
Polynomial,Same class,1.3505587248343993
Polynomial,Different class,2.311879001035331
Polynomial,Different class,1.2230532466299915
Polynomial,Different class,0.7420006622552688
Polynomial,Different class,3.976197699854751
Polynomial,Same class,0.44092772334169594
Polynomial,Same class,0.0028017478900177555
Polynomial,Different class,0.2506262197196862
Polynomial,Same class,1.199617870160248
Polynomial,Same class,0.6852378668685633
Polynomial,Different class,1.7035860382512984
Polynomial,Same class,3.334547148085359
Polynomial,Different class,0.3483988187956034
Polynomial,Different class,2.506447394573802
Polynomial,Different class,0.5721632506786326
Polynomial,Different class,0.4332621673349939
Polynomial,Different class,1.0915733024107512
Polynomial,Same class,1.0535768901193625
Polynomial,Same class,0.47037926582837825
Polynomial,Same class,2.4019466647293077
Polynomial,Same class,0.7262908373207476
Polynomial,Different class,0.44929546496735817
Polynomial,Different class,2.445242962971285
Polynomial,Different class,0.10133568632048234
Polynomial,Different class,2.204389770951562
Polynomial,Same class,0.20215761405054608
Polynomial,Different class,3.0495109999647725
Polynomial,Same class,2.347343140383895
Polynomial,Different class,2.6856247813404335
Polynomial,Different class,1.374483922230788
Polynomial,Same class,0.9098773861064996
Polynomial,Different class,0.07198578137682018
Polynomial,Different class,0.007202354410484216
Polynomial,Same class,1.3523240067417688
Polynomial,Same class,0.9703102850760463
Polynomial,Different class,0.786943190935888
Polynomial,Different class,0.020351690765441327
Polynomial,Same class,1.2235086310629735
Polynomial,Different class,0.7700812801133202
Polynomial,Different class,0.013697604141086414
Polynomial,Same class,3.6221995650327656
Polynomial,Different class,0.10203876826805426
Polynomial,Same class,3.500991830794931
Polynomial,Same class,3.7760844246512244
Polynomial,Different class,1.1996546731004933
Polynomial,Different class,14.173454242272586
Polynomial,Different class,2.0741690097781986
Polynomial,Same class,0.13047609480195277
Polynomial,Same class,0.9435583939984424
Polynomial,Different class,3.816504071313719
Polynomial,Different class,1.4386476760086133
Polynomial,Same class,4.4768853961727455
Polynomial,Different class,0.008370943841917517
Polynomial,Same class,0.3564729161562345
Polynomial,Same class,1.0286752583379066
Polynomial,Same class,1.3014154623139962
Polynomial,Same class,2.5309857804796465
Polynomial,Different class,0.10309532241275315
Polynomial,Same class,2.2040335952576235
Polynomial,Different class,1.9681213062473928
Polynomial,Different class,0.2571056834728614
Polynomial,Different class,1.6031157352225365
Polynomial,Different class,1.7152829059794301
Polynomial,Different class,2.926311485985299
Polynomial,Same class,1.3600310375580524
Polynomial,Same class,3.9823594639169952
Polynomial,Different class,2.8142486727806326
Polynomial,Same class,0.921047231903063
Polynomial,Different class,0.18996276638762
Polynomial,Same class,1.4359116099858882
Polynomial,Same class,0.0048933618037008
Polynomial,Different class,1.4797945160245964
Polynomial,Same class,0.41418205778077166
Polynomial,Same class,1.0048919772674294
Polynomial,Same class,0.010058850461343458
Polynomial,Different class,0.7799498783148283
Polynomial,Different class,3.249710142630822
Polynomial,Different class,0.5763521532844995
Polynomial,Same class,2.340870050020608
Polynomial,Same class,0.24121648929934145
Polynomial,Same class,0.12463083921313088
Polynomial,Same class,0.7736421013703698
Polynomial,Different class,1.0126124328336994
Polynomial,Same class,2.380540355394861
Polynomial,Different class,0.655921309865741
Polynomial,Same class,0.12393917916582076
Polynomial,Same class,2.1277904481650034
Polynomial,Same class,0.010846380714940219
Polynomial,Different class,2.9794624759778054
Polynomial,Different class,1.4776527307448373
Polynomial,Same class,0.7678581212727427
Polynomial,Different class,0.6856421236628231
Polynomial,Same class,0.4871990962020433
Polynomial,Different class,1.667900782796613
Polynomial,Different class,1.4119498184818386
Polynomial,Different class,0.0442622085380259
Polynomial,Different class,2.848638080454
Polynomial,Same class,2.980151954422675
Polynomial,Different class,0.8152641290291966
Polynomial,Same class,0.1892252206068438
Polynomial,Same class,8.261064796191567
Polynomial,Same class,1.7549234301027958
Polynomial,Different class,2.7313031042263423
Polynomial,Different class,2.0414206143973255
Polynomial,Same class,2.852127874768021
Polynomial,Same class,0.12297504308574263
Polynomial,Same class,0.652961129042178
Polynomial,Different class,1.8007504783028816
Polynomial,Different class,2.796079632723661
Polynomial,Different class,1.8128929475053386
Polynomial,Different class,1.5791062842266528
Polynomial,Different class,0.27650149874185304
Polynomial,Same class,0.258258240278029
Polynomial,Different class,2.3363236380309558
Polynomial,Same class,1.1663988454281693
Polynomial,Same class,2.3456876861727727
Polynomial,Same class,0.0013647682450608444
Polynomial,Different class,1.5221870834017415
Polynomial,Different class,1.6574463638925303
Polynomial,Same class,0.03245031112854171
Polynomial,Same class,0.5671615830841499
Polynomial,Same class,1.244251025484743
Polynomial,Different class,2.4609611943318033
Polynomial,Different class,1.4435551037747256
Polynomial,Different class,1.7299851189700501
Polynomial,Same class,0.7946921458663742
Polynomial,Same class,3.588042973064179
Polynomial,Different class,0.0018429232562297896
Polynomial,Same class,1.6765392043842675
Polynomial,Different class,1.4225673750346046
Polynomial,Different class,3.2024765092136627
Polynomial,Same class,1.7513511583977013
Polynomial,Same class,0.00461141342837463
Polynomial,Different class,0.11460454537670926
Polynomial,Same class,0.8956730873100606
Polynomial,Different class,0.9214402410422453
Polynomial,Same class,1.1635850457034618
Polynomial,Different class,0.8921558717791499
Polynomial,Same class,0.42087965172838987
Polynomial,Same class,3.9689248261848387
Polynomial,Same class,1.1016066522864092
Polynomial,Same class,0.005130812542702315
Polynomial,Same class,2.091427399597676
Polynomial,Different class,0.5658005485707134
Polynomial,Different class,1.809964576199639
Polynomial,Different class,0.003127350248999
Polynomial,Same class,0.03158921758967425
Polynomial,Same class,1.2566277780024497
Polynomial,Different class,0.03581471846069187
Polynomial,Same class,2.2510672129201623
Polynomial,Same class,1.8486933195191406
Polynomial,Different class,0.1845834789691964
Polynomial,Different class,0.5042538381418656
Polynomial,Same class,1.6912754266404961
Polynomial,Different class,2.8973197000395507
Polynomial,Different class,1.3729644380650117
Polynomial,Different class,1.7925871677388672
Polynomial,Same class,2.3015317745486943
Polynomial,Same class,0.17959370746744355
Polynomial,Different class,1.1020772782457169
Polynomial,Same class,3.191910043495702
Polynomial,Different class,0.0001698038986843647
Polynomial,Different class,6.2450465091474605
Polynomial,Same class,0.1104489934316918
Polynomial,Same class,1.7858108396785484
Polynomial,Same class,0.3879258660010575
Polynomial,Same class,2.1674918475297114
Polynomial,Same class,0.16897454937651782
Polynomial,Same class,1.501440921574518
Polynomial,Same class,4.348723131317684
Polynomial,Different class,3.3707671533993846
Polynomial,Different class,1.1519423323069586
Polynomial,Same class,3.680737617012667
Polynomial,Same class,1.2538303253449345
Polynomial,Same class,0.4836832103773949
Polynomial,Different class,2.5630112230081856
Polynomial,Same class,0.028103028149526144
Polynomial,Different class,0.6842360881131008
Polynomial,Different class,0.10197222367226637
Polynomial,Different class,1.7683252260353401
Polynomial,Same class,3.0908794294700432
Polynomial,Different class,0.10055252812580726
Polynomial,Different class,1.0431768859405361
Polynomial,Same class,1.5765541622653787
Polynomial,Different class,3.044825818535875
Polynomial,Different class,0.5308817531734102
Polynomial,Different class,1.278261281798972
Polynomial,Same class,1.8450415945228895
Polynomial,Same class,6.723045112254719
Polynomial,Different class,0.020481263626101275
Polynomial,Same class,2.4251629233214937
Polynomial,Different class,3.725018832753753
Polynomial,Different class,2.0106334657356517
Polynomial,Same class,0.07653962650743026
Polynomial,Different class,0.05703033498473705
Polynomial,Different class,2.8379284197926187
Polynomial,Different class,0.2592329516365121
Polynomial,Same class,0.5898019123472814
Polynomial,Different class,0.560912904501144
Polynomial,Same class,0.7440798274239512
Polynomial,Different class,2.2865485029197186
Polynomial,Different class,1.1075496439595431
Polynomial,Different class,1.001765653076702
Polynomial,Same class,0.011164040193759711
Polynomial,Different class,0.45277105184826094
Polynomial,Same class,1.2284392521412342
Polynomial,Different class,0.985878649097776
Polynomial,Different class,8.645494185249264
Polynomial,Same class,1.7235037824644512
Polynomial,Different class,0.9662605183319275
Polynomial,Different class,0.49527214231210814
Polynomial,Same class,2.9221757905410986
Polynomial,Different class,0.2518894953225106
Polynomial,Same class,2.2694436561662665
Polynomial,Different class,1.2656864310560403
Polynomial,Same class,2.5886779048309956
Polynomial,Different class,0.34727936349446187
Polynomial,Different class,0.5373500515798498
Polynomial,Same class,0.17122303583763118
Polynomial,Same class,0.4339569353531851
Polynomial,Same class,0.15601960108848623
Polynomial,Different class,1.2068527294291524
Polynomial,Same class,1.9190978085708401
Polynomial,Same class,1.3334987231984798
Polynomial,Same class,0.09704051419245273
Polynomial,Same class,0.014689717016945724
Polynomial,Different class,0.2533382124873535
Polynomial,Same class,1.344293733223295
Polynomial,Same class,0.8658811381128714
Polynomial,Same class,0.49409055886720377
Polynomial,Same class,0.1211926950294465
Polynomial,Different class,0.00634355753694209
Polynomial,Different class,0.20535269509239637
Polynomial,Same class,1.0284964049007623
Polynomial,Same class,1.6375214641757783
Polynomial,Same class,6.069929216960039
Polynomial,Different class,0.4307073701753162
Polynomial,Same class,0.0095544076983947
Polynomial,Different class,1.5142206349778302
Polynomial,Different class,0.7591652731789167
Polynomial,Same class,0.8465072292615631
Polynomial,Different class,0.04349050011753654
Polynomial,Same class,2.862689433129114
Polynomial,Different class,5.266428239059846
Polynomial,Different class,0.006797743575161512
Polynomial,Same class,2.714780690424317
Polynomial,Same class,0.6515880610397963
Polynomial,Different class,0.5794572411350204
Polynomial,Same class,1.3608285300971785
Polynomial,Different class,1.8461620296490429
Polynomial,Different class,0.1222840097346751
Polynomial,Different class,2.220864139116317
Polynomial,Same class,2.589030370337958
Polynomial,Same class,7.095849093760534
Polynomial,Same class,7.0281585404204305
Polynomial,Different class,0.49232602910938633
Polynomial,Different class,5.340487616483234
Polynomial,Different class,0.0099347210715013
Polynomial,Same class,1.2631073901046375
Polynomial,Different class,1.4330003522169377
Polynomial,Same class,0.9613951531168519
Polynomial,Same class,1.3394979100782525
Polynomial,Same class,0.08892050538072961
Polynomial,Different class,3.000743411315136
Polynomial,Different class,0.45628949826501936
Polynomial,Same class,0.9161641623683126
Polynomial,Different class,0.5191932838814213
Polynomial,Different class,0.2060703449931021
Polynomial,Different class,0.6140363221339534
Polynomial,Different class,1.0113066722430173
Polynomial,Same class,0.03821580685135592
Polynomial,Different class,0.1535680647446099
Polynomial,Different class,2.361158863622547
Polynomial,Different class,0.5652897204575562
Polynomial,Different class,1.0398337818550456
Polynomial,Different class,0.41422086488193655
Polynomial,Different class,0.6364535497855401
Polynomial,Different class,3.451775152875036
Polynomial,Different class,5.246338309520119
Polynomial,Different class,1.0596835020615833
Polynomial,Different class,1.044305906961533
Polynomial,Same class,0.4322310291576438
Polynomial,Different class,0.5132944746448759
Polynomial,Different class,0.04461439054169373
Polynomial,Same class,0.12517492172149644
Polynomial,Same class,0.6244599214765422
Polynomial,Different class,0.05321677526356837
Polynomial,Same class,1.3085541914521994
Polynomial,Same class,1.3354741159116033
Polynomial,Different class,3.9765256810155947
Polynomial,Same class,1.1152526556276456
Polynomial,Different class,0.42842377187296754
Polynomial,Same class,0.5988185623109223
Polynomial,Different class,0.0755436859138002
Polynomial,Different class,0.5899793229570282
Polynomial,Same class,1.3729006076187709
Polynomial,Different class,1.234860633421397
Polynomial,Different class,1.191958979150029
Polynomial,Same class,0.7084060302795215
Polynomial,Same class,2.1092994537582848
Polynomial,Same class,2.090091759835522
Polynomial,Different class,0.2537510581787677
Polynomial,Different class,2.9263163385315263
Polynomial,Same class,1.05725130788608
Polynomial,Different class,3.221681999027147
Polynomial,Same class,1.795230753097901
Polynomial,Same class,0.2702900067903892
Polynomial,Same class,0.10839618755623107
Polynomial,Same class,0.5125753564279408
Polynomial,Same class,1.5263281449754145
Polynomial,Same class,1.3388472439993737
Polynomial,Different class,0.3059667911295171
Polynomial,Same class,0.41015067726447535
Polynomial,Different class,0.24495644513255327
Polynomial,Same class,1.4508299947150698
Polynomial,Same class,1.3883333098407824
Polynomial,Same class,0.6971311541913165
Polynomial,Different class,0.9149382211658078
Polynomial,Same class,1.980115391763939
Polynomial,Same class,3.8410928234309196
Polynomial,Same class,0.8901160242594804
Polynomial,Same class,2.7207628320524395
Polynomial,Different class,2.1147943986626965
Polynomial,Different class,1.4190522564960257
Polynomial,Same class,2.166244035588563
Polynomial,Different class,3.264354710837354
Polynomial,Different class,5.411783509022636
Polynomial,Different class,0.2051308662782853
Polynomial,Same class,0.6258734108311836
Polynomial,Same class,1.8145241988332046
Polynomial,Different class,0.9801153678492968
Polynomial,Different class,1.8555637226318626
Polynomial,Different class,0.7478552020616221
Polynomial,Same class,3.1657727603263606
Polynomial,Same class,0.13407342122859056
Polynomial,Same class,0.4602163627156864
Polynomial,Different class,0.4006502801677132
Polynomial,Different class,2.482788111394068
Polynomial,Different class,1.6480598773127046
Polynomial,Different class,0.7146963889123459
Polynomial,Different class,3.1764456191696753
Polynomial,Same class,0.23353089257582327
Polynomial,Different class,0.36291519412397816
Polynomial,Different class,7.542528041120663
Polynomial,Same class,0.0015301948527864783
Polynomial,Different class,0.5356542907273424
Polynomial,Different class,0.11028968525264617
Polynomial,Different class,0.049971225072035205
Polynomial,Same class,0.8026398535222233
Polynomial,Different class,0.4503064131179032
Polynomial,Same class,0.5265166821924396
Polynomial,Same class,1.4825054136396405
Polynomial,Different class,0.26254043484747813
Polynomial,Different class,0.29566425835449334
Polynomial,Same class,0.8637886372198301
Polynomial,Same class,0.0011921057081451518
Polynomial,Same class,5.54702482428757
Polynomial,Same class,3.096304804666248
Polynomial,Different class,7.775174678638905
Polynomial,Same class,1.1228798807486498
Polynomial,Different class,0.023616764356322695
Polynomial,Different class,4.908455947380321
Polynomial,Different class,1.8725109578064612
Polynomial,Different class,2.5031553482848374
Polynomial,Different class,1.1509757757054904
Polynomial,Different class,0.842912366277354
Polynomial,Same class,2.3782207672416407
Polynomial,Different class,1.0503329001028205
Polynomial,Different class,0.2715392713624832
Polynomial,Same class,2.061333708807411
Polynomial,Same class,1.6220677224891473
Polynomial,Different class,1.711181719499391
Polynomial,Different class,0.08407212451093983
Polynomial,Different class,0.06175913571097095
Polynomial,Same class,4.400968906263609
Polynomial,Different class,0.04670201411533789
Polynomial,Different class,0.2801464270924291
Polynomial,Different class,2.296549810320135
Polynomial,Different class,0.06018227118745386
Polynomial,Different class,1.7359502495390005
Polynomial,Different class,0.2806787235583739
Polynomial,Different class,0.17365176640564464
Polynomial,Same class,1.8370788391864539
Polynomial,Different class,1.0696725874576876
Polynomial,Same class,4.13300836713058
Polynomial,Same class,1.79430326870479
Polynomial,Same class,1.641050152372203
Polynomial,Same class,0.7864094100402157
Polynomial,Same class,0.5803925900279168
Polynomial,Same class,1.5197331780202237
Polynomial,Different class,0.052320195119441255
Polynomial,Same class,0.826899246888769
Polynomial,Same class,0.18077508801458317
Polynomial,Different class,1.096752880672652
Polynomial,Different class,0.25173335203807046
Polynomial,Same class,1.8947259439082755
Polynomial,Same class,1.057414831979165
Polynomial,Same class,1.8075612265447816
Polynomial,Same class,0.30345188180420807
Polynomial,Different class,1.1435900821864382
Polynomial,Same class,2.151592401888669
Polynomial,Same class,0.0009906153828768151
Polynomial,Same class,0.37617995523163494
Polynomial,Same class,0.1386247469099252
Polynomial,Different class,0.7846053005407474
Polynomial,Same class,3.2964993706881693
Polynomial,Different class,1.6231365165366523
Polynomial,Same class,0.6825322251854262
Polynomial,Different class,0.0038477859064120503
Polynomial,Same class,1.7033607977490017
Polynomial,Same class,2.709175504017025
Polynomial,Different class,0.7860994402175221
Polynomial,Different class,4.283556669252759
Polynomial,Same class,2.198739312042408
Polynomial,Different class,0.590010418451387
Polynomial,Different class,0.0002100022720187642
Polynomial,Different class,0.01081733755524741
Polynomial,Different class,0.43425950972902305
Polynomial,Same class,2.675725018697966
Polynomial,Different class,1.6691483158901024
Polynomial,Same class,3.1456716851789785
Polynomial,Different class,1.1115740872995632
Polynomial,Different class,0.0826919824263181
Polynomial,Same class,1.9605026829628782
Polynomial,Different class,2.823000350622064
Polynomial,Different class,1.8009731465657275
Polynomial,Different class,0.9413636757540065
Polynomial,Same class,1.0897407022864511
Polynomial,Same class,1.5610347451328856
Polynomial,Same class,0.004606659357406244
Polynomial,Different class,0.41425505419339076
Polynomial,Same class,0.8927135260805165
Polynomial,Different class,1.4684340674063943
Polynomial,Different class,0.2619780753272796
Polynomial,Different class,1.0624927480225481
Polynomial,Same class,4.1182369625217525
Polynomial,Same class,1.024557254328691
Polynomial,Different class,6.075264642639777
Polynomial,Different class,0.23144488661136123
Polynomial,Different class,0.07485695453679442
Polynomial,Different class,0.009931962899945615
Polynomial,Different class,3.3733306206711795
Polynomial,Same class,4.047117661995075
Polynomial,Different class,0.05336226208426148
Polynomial,Different class,12.723046849068707
Polynomial,Same class,0.4336600194269481
Polynomial,Different class,2.0818244639929695
Polynomial,Same class,2.0920751545152183
Polynomial,Same class,3.0345571829410956
Polynomial,Different class,0.7274151076407733
Polynomial,Same class,1.8946611696609639
Polynomial,Same class,2.7644033081989714
Polynomial,Same class,0.8288057262445642
Polynomial,Different class,0.4560305412402684
Polynomial,Same class,3.858689392495578
Polynomial,Same class,3.666840602591262
Polynomial,Same class,3.0162338032777543
Polynomial,Same class,1.7415820086545897
Polynomial,Different class,0.17736881576874314
Polynomial,Same class,14.169486879415238
Polynomial,Same class,0.4928854563590051
Polynomial,Different class,0.9607427369383889
Polynomial,Different class,0.5802583152014815
Polynomial,Same class,0.341610231297162
Polynomial,Different class,0.005611960667239219
Polynomial,Same class,0.38332565620557096
Polynomial,Same class,4.205479288158751
Polynomial,Same class,0.5821591547436864
Polynomial,Different class,1.4910908631423356
Polynomial,Different class,0.3934365973509276
Polynomial,Different class,1.104536890976939
Polynomial,Same class,2.371448459416074
Polynomial,Same class,0.8220995125655393
Polynomial,Same class,1.99205375673975
Polynomial,Same class,4.043755216700414
Polynomial,Different class,0.18739703454180778
Polynomial,Different class,0.3879353885142312
Polynomial,Same class,2.463227724455083
Polynomial,Different class,0.04355032346986123
Polynomial,Same class,0.22371380745458774
Polynomial,Same class,3.6253056949985574
Polynomial,Different class,1.380960184151947
Polynomial,Same class,1.0618224544339285
Polynomial,Same class,8.536487551073941
Polynomial,Different class,1.536347796712255
Polynomial,Same class,3.904799517763897e-06
Polynomial,Same class,2.1041583540768483
Polynomial,Different class,0.5769889254970695
Polynomial,Different class,1.8671077159497451
Polynomial,Different class,3.0982397178618744
Polynomial,Different class,2.657217150161099
Polynomial,Different class,2.4312727704281536
Polynomial,Different class,1.5898425126295248
Polynomial,Different class,0.5952062863220748
Polynomial,Different class,0.09796095279518025
Polynomial,Same class,1.3414922529400837
Polynomial,Different class,4.3583547665003985
Polynomial,Different class,1.1701836416943643
Polynomial,Same class,0.6536207594660867
Polynomial,Same class,0.912304143350254
Polynomial,Same class,1.9428334422632985
Polynomial,Same class,1.8185494811393592
Polynomial,Different class,2.5803282896109963
Polynomial,Different class,0.026888966183111523
Polynomial,Different class,3.460044941415233
Polynomial,Same class,0.9935595020058692
Polynomial,Same class,0.03964337030079187
Polynomial,Different class,0.027548693411740918
Polynomial,Same class,3.028332149062441
Polynomial,Same class,1.4739871164364882
Polynomial,Different class,0.02891732545797912
Polynomial,Same class,7.018410797115276
Polynomial,Different class,2.338643754486064
Polynomial,Same class,4.141217994497879
Polynomial,Same class,1.4593133264346794
Polynomial,Same class,0.9257035834551051
Polynomial,Same class,1.2482862892948068
Polynomial,Same class,0.4424438269351574
Polynomial,Same class,0.5566306882414043
Polynomial,Different class,0.5698016483225348
Polynomial,Same class,0.1409082264963695
Polynomial,Same class,2.258949141477197
Polynomial,Different class,0.8628216668080684
Polynomial,Same class,0.005700377100467494
Polynomial,Different class,3.86033275345582
Polynomial,Same class,5.879435162616231
Polynomial,Same class,0.2439828641850937
Polynomial,Different class,0.42536994384674687
Polynomial,Different class,0.8204863643516863
Polynomial,Different class,2.7947575813029846
Polynomial,Same class,0.20973435297049875
Polynomial,Same class,2.080306399265581
Polynomial,Same class,0.09621381226083796
Polynomial,Different class,2.2090505381658945
Polynomial,Different class,1.0077387809735523
Polynomial,Different class,0.1407693809190277
Polynomial,Different class,2.4149031681288675
Polynomial,Different class,0.09473664972307402
Polynomial,Same class,2.592867124788992
Polynomial,Same class,0.7816933687097513
Polynomial,Different class,0.03900669252031908
Polynomial,Different class,0.030307460171505728
Polynomial,Same class,0.8267431119053169
Polynomial,Same class,1.14054388753064
Polynomial,Same class,2.6817656181495253
Polynomial,Different class,1.7477363038513765
Polynomial,Same class,0.24066780903209153
Polynomial,Same class,0.6397349368565989
Polynomial,Different class,3.0868138110687893
Polynomial,Same class,2.989184851566924
Polynomial,Same class,0.6430888404227553
Polynomial,Same class,1.7672544710725417
Polynomial,Different class,0.289405293769532
Polynomial,Same class,1.4157992102572887
Polynomial,Same class,0.3663406184370519
Polynomial,Same class,1.831049710191833
Polynomial,Different class,0.33048740119238607
Polynomial,Same class,0.19420414014863116
Polynomial,Same class,4.632347912483001
Polynomial,Different class,0.44970257390555
Polynomial,Same class,4.6007278705606725
Polynomial,Different class,0.13638172498509757
Polynomial,Same class,1.3167527450303302
Polynomial,Same class,1.1327973009610584
Polynomial,Different class,0.8830627415810087
Polynomial,Same class,0.007178389293333296
Polynomial,Same class,1.2096460955642052
Polynomial,Same class,0.27982994781629905
Polynomial,Different class,3.135435094987025
Polynomial,Different class,0.0018340010244280872
Polynomial,Same class,2.5299562015125665
Polynomial,Different class,3.1405650004835883
Polynomial,Different class,3.0680937030461486
Polynomial,Different class,2.4145838560737927
Polynomial,Same class,3.416185845536987
Polynomial,Same class,0.0027170728799311063
Polynomial,Same class,1.8252273287223268
Polynomial,Different class,2.8142538762357043
Polynomial,Different class,0.6639267301749422
Polynomial,Different class,1.1453014253425249
Polynomial,Same class,0.08396231254072344
Polynomial,Different class,0.27001131250114774
Polynomial,Different class,1.6518510500046732
Polynomial,Different class,0.09637360293042323
Polynomial,Same class,0.049949757845486276
Polynomial,Different class,0.40034503320913756
Polynomial,Same class,1.2325378866711212
Polynomial,Different class,0.4383446021843304
Polynomial,Different class,1.0650192633426607
Polynomial,Same class,0.04891685519848657
Polynomial,Different class,5.947529458981689
Polynomial,Same class,1.549775438580856
Polynomial,Same class,0.7260035653900586
Polynomial,Same class,0.09292992692337085
Polynomial,Same class,0.013512861599144574
Polynomial,Different class,1.4752878799592484
Polynomial,Same class,4.065815875491664
Polynomial,Different class,0.0017780083621054539
Polynomial,Different class,0.541295129095094
Polynomial,Different class,0.26715548851360843
Polynomial,Same class,1.5083423426409832
Polynomial,Different class,0.9431776297171237
Polynomial,Different class,0.14329849102631365
Polynomial,Same class,1.2525148625124973
Polynomial,Different class,1.707467653173125
Polynomial,Same class,1.0267936250584502
Polynomial,Different class,0.5067757188284899
Polynomial,Different class,3.7332261766248998
Polynomial,Different class,1.7242545498114359
Polynomial,Different class,0.23245785609081815
Polynomial,Same class,0.30625006875227934
Polynomial,Different class,0.3302237772322115
Polynomial,Same class,0.2520284628200006
Polynomial,Different class,1.6622428460328182
Polynomial,Same class,3.9705169107028158
Polynomial,Same class,0.40652986030871974
Polynomial,Different class,0.036217715303051075
Polynomial,Same class,0.3004935108637221
Polynomial,Different class,0.8823082541766681
Polynomial,Different class,1.2742401241502879
Polynomial,Same class,2.0713801346601777
Polynomial,Different class,1.6220328773364714
Polynomial,Different class,0.9200732017265246
Polynomial,Different class,1.0768318141213662
Polynomial,Different class,1.7004616761970766
Polynomial,Different class,0.8343430349366854
Polynomial,Same class,0.30807684152336573
Polynomial,Same class,3.48606921172856
Polynomial,Same class,2.454161635600898
Polynomial,Same class,0.05577095106884288
Polynomial,Different class,1.6452722337877541
Polynomial,Different class,0.6048096266960686
Polynomial,Same class,0.683788738194897
Polynomial,Different class,2.248447228142983
Polynomial,Different class,0.9100337708383464
Polynomial,Different class,1.6375658767223282e-05
Polynomial,Same class,0.0021361673033809007
Polynomial,Different class,3.0240950954902175
Polynomial,Same class,0.048982828403003074
Polynomial,Same class,1.972555346037655
Polynomial,Same class,0.06272787942405748
Polynomial,Different class,1.369936641533698
Polynomial,Same class,1.7482953072739387
Polynomial,Different class,0.0635991864097967
Polynomial,Different class,0.7221362074543515
Polynomial,Same class,1.142446477049658
Polynomial,Same class,1.8359147929361739
Polynomial,Same class,6.809211356555585
Polynomial,Different class,0.6612491982346758
Polynomial,Different class,0.11272636294823223
Polynomial,Different class,0.4916916137163248
Polynomial,Different class,0.23128409620388585
Polynomial,Different class,0.4217751651323856
Polynomial,Different class,0.1454344966525078
Polynomial,Different class,1.476175542298237
Polynomial,Different class,2.0655772814331024
Polynomial,Different class,0.3921553914636132
Polynomial,Same class,0.6782287958270204
Polynomial,Same class,4.212409623360431
Polynomial,Same class,0.39908298001417797
Polynomial,Same class,0.3021704441186349
Polynomial,Different class,0.5983026840437528
Polynomial,Same class,0.06359938143376495
Polynomial,Same class,0.1860564400486238
Polynomial,Same class,0.4098918763990957
Polynomial,Same class,1.2137496801607983
Polynomial,Different class,0.47261772399151
Polynomial,Different class,0.8301750240438207
Polynomial,Same class,2.4228736728804083
Polynomial,Same class,1.2965115123652504
Polynomial,Different class,1.1882023107202193
Polynomial,Same class,0.6318696429835234
Polynomial,Different class,2.500045117463233
Polynomial,Different class,1.086000098199308
Polynomial,Same class,0.7280585781248392
Polynomial,Same class,3.4252114818560018
Polynomial,Different class,0.5421393270069985
Polynomial,Different class,0.1888448326222471
Polynomial,Different class,0.08506839860384088
Polynomial,Different class,0.10015300007701786
Polynomial,Same class,0.05728576067135948
Polynomial,Same class,0.6711163422856518
Polynomial,Same class,3.055849833741717
Polynomial,Same class,2.2176804887608053
Polynomial,Different class,1.0091107585591172
Polynomial,Different class,1.3215002176398762
Polynomial,Same class,0.2234081776133992
Polynomial,Different class,1.0582948643595
Polynomial,Same class,0.8226134441148057
Polynomial,Different class,0.21404286579621576
Polynomial,Different class,0.16150085220988095
Polynomial,Same class,0.5317128207900921
Polynomial,Different class,1.808495005320538
Polynomial,Different class,3.127956606608114
Polynomial,Different class,0.9192841582401239
Polynomial,Same class,1.1922317122262327
Polynomial,Different class,0.14324177048476508
Polynomial,Same class,0.8419823563140951
Polynomial,Different class,0.06799735106934102
Polynomial,Different class,0.06352758622141245
Polynomial,Different class,0.08393993337642243
Polynomial,Different class,0.2844211971563148
Polynomial,Different class,0.33842473491820885
Polynomial,Same class,1.8283812552937175
Polynomial,Same class,0.8240976658290539
Polynomial,Different class,0.0033064271662163517
Polynomial,Different class,0.39889801281765924
Polynomial,Different class,4.302907935041995
Polynomial,Same class,0.504524782214577
Polynomial,Different class,0.8887302132689665
Polynomial,Same class,0.014204100170367207
Polynomial,Same class,0.05019957687452113
Polynomial,Same class,0.7446836872714587
Polynomial,Same class,0.02241965014228866
Polynomial,Same class,1.192625506455984
Polynomial,Different class,1.7079273928518737
Polynomial,Same class,0.05380864004281746
Polynomial,Different class,2.2840083485148464
Polynomial,Same class,0.5501154100108484
Polynomial,Different class,0.13619137832308642
Polynomial,Same class,2.5220528183353577
Polynomial,Same class,2.0748346343834334
Polynomial,Different class,0.09336194979762416
Polynomial,Same class,1.3402088344041476
Polynomial,Same class,3.8671495118160384
Polynomial,Same class,1.2467076214182038
Polynomial,Same class,0.09330426311530993
Polynomial,Different class,0.5677053305973864
Polynomial,Different class,1.1772015331481975
Polynomial,Same class,0.6337871098104643
Polynomial,Same class,2.020051734034566
Polynomial,Same class,0.38499036868882897
Polynomial,Same class,4.3027621606014135
Polynomial,Same class,1.1058099352249846
Polynomial,Same class,0.14251220431813405
Polynomial,Different class,1.8235119799557253
Polynomial,Same class,0.27030042716164815
Polynomial,Same class,0.4838009205145375
Polynomial,Same class,2.561462206521902
Polynomial,Same class,2.101233552766648
Polynomial,Same class,0.6691376587864041
Polynomial,Same class,2.5542824283392345
Polynomial,Same class,4.018547735753288
Polynomial,Same class,0.040989070976055315
Polynomial,Same class,0.5142514432683781
Polynomial,Different class,0.2691726294032207
Polynomial,Different class,0.9583205486761514
Polynomial,Same class,1.4756513065054906
Polynomial,Same class,0.698352922875345
Polynomial,Different class,0.6172652744440881
Polynomial,Same class,0.6901394682797151
Polynomial,Different class,1.758181313579193
Polynomial,Different class,0.26338264520903604
Polynomial,Different class,0.03665608657095764
Polynomial,Different class,0.0941594986876857
Polynomial,Same class,0.17814199709666118
Polynomial,Different class,0.6771525655127758
Polynomial,Different class,0.6456647656517461
Polynomial,Same class,0.008854937948721532
Polynomial,Same class,0.5107553716314388
Polynomial,Different class,0.03001697450290228
Polynomial,Different class,3.4472439058647972
Polynomial,Different class,2.15871109892865
Polynomial,Same class,3.758986548754792
Polynomial,Different class,1.2730017502578141
Polynomial,Different class,0.9946450385301346
Polynomial,Different class,3.205690478088985
Polynomial,Same class,0.40266657512729753
Polynomial,Different class,0.5765740104548625
Polynomial,Same class,2.5194010108688967
Polynomial,Same class,0.06313686349966037
Polynomial,Same class,0.10962687172154331
Polynomial,Same class,0.22869424011016115
Polynomial,Different class,0.09384460459396053
Polynomial,Same class,0.20750727435724098
Polynomial,Different class,0.5254206995704346
Polynomial,Same class,0.6418762412965564
Polynomial,Same class,1.1342986047820345
Polynomial,Different class,1.575839852309947
Polynomial,Same class,0.0013569364756801563
Polynomial,Different class,0.6847652047745639
Polynomial,Same class,3.407064232702041
Polynomial,Same class,0.4582227520138975
Polynomial,Same class,0.7133991141662629
Polynomial,Same class,0.2885971462117018
Polynomial,Different class,0.9988116215306286
Polynomial,Different class,1.5835815840888348
Polynomial,Same class,1.141459276320493
Polynomial,Different class,1.6426902822748546
Polynomial,Different class,0.06477011233329366
Polynomial,Same class,0.7701453701378025
Polynomial,Same class,0.846128345636503
Polynomial,Different class,1.1070114515358358
Polynomial,Different class,1.9333516383511622
Polynomial,Same class,1.0528538002657204
Polynomial,Different class,1.352701526076813
Polynomial,Same class,1.5149070487943956
Polynomial,Different class,2.0839637557472637
Polynomial,Same class,0.019076484255156713
Polynomial,Same class,2.4829298838727123
Polynomial,Different class,3.29250140623167
Polynomial,Same class,3.1332554744260106
Polynomial,Same class,4.0835717602224895
Polynomial,Same class,0.4795117585486538
Polynomial,Different class,0.6403997024621314
Polynomial,Same class,0.0246034994846217
Polynomial,Different class,0.1868425559388075
Polynomial,Different class,0.3822938229851863
Polynomial,Different class,2.052491740591636
Polynomial,Different class,0.21914721455197725
Polynomial,Same class,1.0347084962112598
Polynomial,Different class,2.603124601546775
Polynomial,Same class,0.9515851171174983
Polynomial,Different class,2.3978321036537906
Polynomial,Same class,2.0861622519303924
Polynomial,Same class,2.176311611823928
Polynomial,Different class,0.2712641562470389
Polynomial,Different class,0.6291679935639105
Polynomial,Same class,1.4725662733308724
Polynomial,Different class,3.924685520845634
Polynomial,Different class,0.26243045296605755
Polynomial,Same class,10.936548173218439
Polynomial,Same class,2.1636126926945853
Polynomial,Different class,0.7765297352015447
Polynomial,Same class,0.9160900803218209
Polynomial,Different class,0.052383002715112245
Polynomial,Same class,0.3261857208260106
Polynomial,Same class,1.5641804887772053
Polynomial,Different class,0.23864858029334932
Polynomial,Different class,0.17072029842768702
Polynomial,Same class,5.17058291529323
Polynomial,Same class,1.1749306922196223
Polynomial,Same class,2.3094066510168343
Polynomial,Different class,0.38484987513256175
Polynomial,Different class,3.3253852346273756
Polynomial,Same class,0.447160766992054
Polynomial,Same class,1.3778314633107143
Polynomial,Different class,0.32405405636844087
Polynomial,Same class,0.9695374903991117
Polynomial,Same class,0.2240471494493891
Polynomial,Same class,1.327981224764243
Polynomial,Same class,0.005986522956847475
Polynomial,Same class,0.00010757293501142142
Polynomial,Different class,2.600515226866688
Polynomial,Different class,0.27548012641183656
Polynomial,Same class,0.7805442413665236
Polynomial,Different class,0.0008658853547147805
Polynomial,Different class,1.8681778653772565
Polynomial,Different class,1.784484977259933
Polynomial,Same class,2.4244576577769252
Polynomial,Different class,1.263461819143687
Polynomial,Same class,0.5348876641042646
Polynomial,Different class,0.1462934963754572
Polynomial,Different class,1.800866092689135
Polynomial,Same class,0.9734892239144971
Polynomial,Different class,1.3935743314075046
Polynomial,Different class,4.2845162422925105
Polynomial,Different class,0.9123560260704322
Polynomial,Same class,3.239549955482194
Polynomial,Different class,1.6951179966271086
Polynomial,Different class,1.0595151954287803
Polynomial,Same class,7.746311248700682
Polynomial,Same class,0.6964460915476617
Polynomial,Same class,3.224547717548381
Polynomial,Same class,1.4674132053214448
Polynomial,Same class,7.648905617053715
Polynomial,Different class,0.3312905850791498
Polynomial,Same class,1.5178822815245745
Polynomial,Same class,0.1340450719530015
Polynomial,Different class,0.6992496535874042
Polynomial,Different class,0.546521696343556
Polynomial,Same class,1.1073601523716132
Polynomial,Different class,1.344322254439463
Polynomial,Same class,1.4344795367948537
Polynomial,Same class,1.6938119299168575
Polynomial,Different class,2.442057611583824
Polynomial,Same class,2.34159237971637
Polynomial,Different class,0.10032215366304385
Polynomial,Same class,2.8249623103303625
Polynomial,Different class,1.8841571674191853
Polynomial,Same class,1.2418686114334352
Polynomial,Same class,4.282204512352427
Polynomial,Same class,0.19047197210865655
Polynomial,Same class,0.9590015643180675
Polynomial,Same class,0.23255112629057745
Polynomial,Same class,1.8811254836482427
Polynomial,Different class,2.7831965512004557
Polynomial,Same class,0.09607361528222833
Polynomial,Different class,1.8267186473852643
Polynomial,Different class,0.010806972170271757
Polynomial,Different class,0.4769999406208992
Polynomial,Same class,0.11387426837294311
Polynomial,Same class,0.2778286713140399
Polynomial,Different class,2.4597435080785788
Polynomial,Same class,0.20497928078151711
Polynomial,Different class,0.0018166022235717927
Polynomial,Same class,1.0662846405215674
Polynomial,Different class,1.1378249027073686
Polynomial,Different class,1.0182663846348157
Polynomial,Different class,3.026616665091403
Polynomial,Same class,1.6911901218133272
Polynomial,Different class,2.4519754891378778
Polynomial,Different class,0.29692557602713315
Polynomial,Same class,0.004808692812385197
Polynomial,Different class,10.110159025677444
Polynomial,Different class,0.5097819328141153
Polynomial,Different class,4.54957877156883
Polynomial,Same class,0.8887849837503969
Polynomial,Same class,2.058056280485595
Polynomial,Same class,1.0319530590898986
Polynomial,Different class,2.880424820408389
Polynomial,Same class,0.008529241432276435
Polynomial,Different class,0.6188561986955526
Polynomial,Same class,9.958652336601657
Polynomial,Different class,0.07871591437126844
Polynomial,Same class,0.12729440443168966
Polynomial,Different class,0.0006784570100606198
Polynomial,Same class,1.3318994796776216
Polynomial,Same class,1.070941902845875
Polynomial,Same class,0.571769115387897
Polynomial,Same class,0.6719092938241921
Polynomial,Different class,3.054923304396559
Polynomial,Different class,0.7781654173331429
Polynomial,Different class,0.1192065342500265
Polynomial,Same class,0.002008511615517654
Polynomial,Same class,0.15964587573820269
Polynomial,Different class,1.6539631561214865
Polynomial,Different class,1.3656822558182542
Polynomial,Same class,2.5524595931920135
Polynomial,Different class,0.7402118535892108
Polynomial,Same class,0.8728356348929459
Polynomial,Same class,2.5559193477156996
Polynomial,Same class,0.2529855300274058
Polynomial,Same class,1.953114009182862
Polynomial,Same class,1.209217938110213
Polynomial,Same class,1.3197935932171778
Polynomial,Different class,0.5532304048252609
Polynomial,Different class,0.010407017272099136
Polynomial,Same class,0.49859026152599967
Polynomial,Different class,3.593809715169282
Polynomial,Same class,3.003213506159567
Polynomial,Different class,0.051708575406011106
Polynomial,Same class,0.48581603386542205
Polynomial,Same class,0.01826802439458301
Polynomial,Same class,0.06722616529677633
Polynomial,Same class,0.09083610281895736
Polynomial,Same class,0.77620106063437
Polynomial,Different class,1.4095558018735759
Polynomial,Same class,3.1552203400845933
Polynomial,Same class,0.11671650423330411
Polynomial,Same class,0.33977158540964214
Polynomial,Different class,0.11120558789942757
Polynomial,Different class,1.706718096341124
Polynomial,Same class,1.159569119648568
Polynomial,Different class,0.03606340624472106
Polynomial,Same class,2.300053759893178
Polynomial,Different class,2.0927032513602817
Polynomial,Different class,1.0947063991867543
Polynomial,Same class,1.399508923728745
Polynomial,Same class,2.077039110016639
Polynomial,Same class,1.5908804518108648
Polynomial,Same class,0.7230708164465489
Polynomial,Same class,1.4319820347454337
Polynomial,Different class,2.162799512776837
Polynomial,Same class,0.2110301271960376
Polynomial,Different class,2.674011231720853
Polynomial,Same class,1.5558553765173366
Polynomial,Different class,1.4295709193016088
Polynomial,Different class,3.200171126246623
Polynomial,Same class,0.22000529116368175
Polynomial,Same class,0.2580167894234152
Polynomial,Different class,1.1989253382853486
Polynomial,Same class,0.11975880318581258
Polynomial,Same class,1.4142663973324456
Polynomial,Same class,0.004417814280155983
Polynomial,Different class,1.950560397361049
Polynomial,Same class,0.22302865311478742
Polynomial,Same class,0.5565093829254766
Polynomial,Different class,0.7548628512003758
Polynomial,Same class,0.4440565836104322
Polynomial,Different class,7.900809668656638
Polynomial,Different class,0.6244102901893986
Polynomial,Different class,1.2498784060180888
Polynomial,Same class,2.913723399253259
Polynomial,Same class,12.050733753535662
Polynomial,Different class,1.3375554510427274
Polynomial,Same class,1.3450114201953438
Polynomial,Different class,0.43519485691776977
Polynomial,Same class,0.7399010917910911
Polynomial,Different class,0.06843137916569353
Polynomial,Different class,1.0719324290332775
Polynomial,Same class,3.65670927635866
Polynomial,Different class,2.6694878801267747
Polynomial,Different class,14.997220037894158
Polynomial,Same class,0.00010293824015670291
Polynomial,Same class,0.927190949648892
Polynomial,Same class,0.06369931736742951
Polynomial,Different class,2.3061600590307174
Polynomial,Different class,1.5714870118698678
Polynomial,Different class,3.6874006521838716
Polynomial,Same class,0.8579907130460255
Polynomial,Same class,2.2726178010030185
Polynomial,Same class,0.6564699644579325
Polynomial,Same class,6.025021880654353
Polynomial,Different class,0.07510293017486337
Polynomial,Different class,0.4981501133412005
Polynomial,Same class,2.5769511211250102
Polynomial,Same class,1.6100056859745553
Polynomial,Same class,2.0700911767666783
Polynomial,Different class,1.9026388711462159
Polynomial,Different class,1.010854214677702
Polynomial,Same class,0.5960099464053973
Polynomial,Same class,0.0019161345586152655
Polynomial,Different class,1.6217270344517407
Polynomial,Different class,0.7573301160058392
Polynomial,Different class,8.506740122961999
Polynomial,Different class,3.410435257869135
Polynomial,Different class,1.1006320289330427
Polynomial,Different class,0.7160268948165298
Polynomial,Same class,1.0261593380638425
Polynomial,Same class,2.679102144856443
Polynomial,Same class,1.3685312403600323
Polynomial,Same class,0.04208020776788366
Polynomial,Same class,1.4830375609332358
Polynomial,Different class,1.1041905773149154
Polynomial,Same class,0.10257155231022988
Polynomial,Different class,0.07929304547919049
Polynomial,Different class,1.3411583411342625
Polynomial,Different class,4.9003252042705485
Polynomial,Different class,0.011794007738279785
Polynomial,Same class,1.4077407767552315
Polynomial,Same class,0.2687969364900993
Polynomial,Same class,0.7353484262907485
Polynomial,Different class,0.254115027270755
Polynomial,Same class,0.011502530669555954
Polynomial,Different class,1.6159988239899676
Polynomial,Same class,0.7252934962212519
Polynomial,Different class,0.8016063898475433
Polynomial,Same class,1.4391567281409205
Polynomial,Different class,0.029062041605055596
Polynomial,Different class,0.2274892435336855
Polynomial,Different class,1.8839112589800535
Polynomial,Same class,0.057085697694809034
Polynomial,Same class,1.2841169612052863
Polynomial,Same class,0.938691392174018
Polynomial,Different class,0.5717356013298794
Polynomial,Same class,0.6756904146974541
Polynomial,Same class,0.7293163843360118
Polynomial,Same class,0.20192288315803644
Polynomial,Same class,1.1457192710792878
Polynomial,Same class,4.491994848416565
Polynomial,Different class,1.3918811278451015
Polynomial,Different class,2.4120726610746734
Polynomial,Different class,1.793616097277024
Polynomial,Different class,0.0783456077936816
Polynomial,Same class,3.164447089120876
Polynomial,Same class,8.844053754167435
Polynomial,Different class,0.45508573663526425
Polynomial,Different class,1.0562251118679435
Polynomial,Different class,1.8537539330813297
Polynomial,Different class,3.3123726705540024
Polynomial,Different class,2.343211568253466
Polynomial,Different class,0.44535727697801697
Polynomial,Same class,3.7847303984245984
Polynomial,Different class,0.49677963986605367
Polynomial,Same class,0.04566862454670092
Polynomial,Same class,0.5872885360200546
Polynomial,Different class,5.97139753016171
Polynomial,Different class,1.0319640156129881
Polynomial,Different class,0.39326137129732025
Polynomial,Different class,0.0494376074179048
Polynomial,Different class,2.6402268925671097
Polynomial,Same class,1.7239230277172828
Polynomial,Different class,0.5245965031067122
Polynomial,Different class,0.014288159539585451
Polynomial,Same class,3.5028362474702868
Polynomial,Different class,0.31965341031675787
Polynomial,Different class,0.7201507268320905
Polynomial,Different class,0.0004649310497471325
Polynomial,Same class,0.5176099771989723
Polynomial,Different class,1.1753019318597762
Polynomial,Same class,0.9815512173561651
Polynomial,Same class,2.059224309876447
Polynomial,Different class,2.0163370804322156
Polynomial,Different class,1.3162311183432225
Polynomial,Same class,0.986491268634733
Polynomial,Same class,1.3882380376397407
Polynomial,Same class,10.340897360801854
Polynomial,Same class,0.0014108113099857169
Polynomial,Different class,0.08066771436947993
Polynomial,Same class,0.2001730657309741
Polynomial,Different class,1.2095449338308957
Polynomial,Same class,0.21535100317421443
Polynomial,Same class,1.0465650568408658
Polynomial,Same class,3.350995545159464
Polynomial,Same class,1.3806066165222277
Polynomial,Same class,0.5197941383967207
Polynomial,Same class,1.4813986643097823
Polynomial,Different class,0.06380770186178553
Polynomial,Same class,4.057721282057209
Polynomial,Same class,2.4056791955792307
Polynomial,Different class,0.00011906106131119247
Polynomial,Different class,3.8546483691374487
Polynomial,Same class,0.0074594832016288215
Polynomial,Same class,0.6210346587518046
Polynomial,Different class,4.421258036252536
Polynomial,Same class,3.445806246088069
Polynomial,Same class,0.8371820003624918
Polynomial,Different class,0.3804250226496545
Polynomial,Same class,1.2274824495727032
Polynomial,Same class,8.510510481197025
Polynomial,Same class,3.0543752677916722
Polynomial,Same class,2.601283042304583
Polynomial,Same class,1.5970876656753294
Polynomial,Same class,21.407893985410038
Polynomial,Same class,0.06886797721028814
Polynomial,Different class,2.171010962195551
Polynomial,Same class,0.5546387942673715
Polynomial,Same class,0.4128643528937113
Polynomial,Same class,0.04138220010250469
Polynomial,Same class,1.7424328031539464
Polynomial,Same class,1.4489241719131585
Polynomial,Same class,0.28461291116641824
Polynomial,Different class,3.219531507321141
Polynomial,Same class,2.063455639787384
Polynomial,Same class,0.03799926877945617
Polynomial,Same class,2.1877932501404125
Polynomial,Same class,1.1595473864985515
Polynomial,Same class,0.6573883658519286
Polynomial,Different class,0.6126700383340236
Polynomial,Same class,0.6559956768233124
Polynomial,Different class,1.147535511081225e-05
Polynomial,Same class,1.4882701787240533
Polynomial,Different class,0.6121925377150829
Polynomial,Different class,0.22962192570053203
Polynomial,Different class,0.5033682524940599
Polynomial,Same class,2.8158296435662318
Polynomial,Different class,2.287578073626031
Polynomial,Same class,0.8527679010362372
Polynomial,Same class,0.45044944814774585
Polynomial,Same class,0.5522215776568572
Polynomial,Same class,1.183803988270265
Polynomial,Same class,3.4365061278562186
Polynomial,Same class,6.099936564607678
Polynomial,Same class,4.1712949521272064e-05
Polynomial,Different class,0.5253535451479998
Polynomial,Same class,4.0825725948030005
Polynomial,Different class,0.22331764860071762
Polynomial,Same class,1.0492667167486283
Polynomial,Different class,0.31225307124894536
Polynomial,Different class,0.26048652993463595
Polynomial,Different class,1.1729434106034267
Polynomial,Same class,5.906514455803798
Polynomial,Different class,0.0004612996019259878
Polynomial,Same class,2.7285222286154793
Polynomial,Different class,3.8056860309906697
Polynomial,Same class,3.2712982690808667
Polynomial,Different class,2.2002090591064816
Polynomial,Different class,0.5365788911911176
Polynomial,Different class,0.05437178752517314
Polynomial,Same class,1.5201150800022283
Polynomial,Same class,0.4396176278843419
Polynomial,Different class,0.10691724056037737
Polynomial,Different class,0.5821849525668874
Polynomial,Different class,2.425527484582002
Polynomial,Same class,0.6657951644732653
Polynomial,Different class,2.9842241584747713
Polynomial,Same class,3.3626397557168524
Polynomial,Different class,1.6150728545695447
Polynomial,Same class,0.5588014999523717
Polynomial,Same class,1.101623413176827
Polynomial,Different class,0.0016611991011582946
Polynomial,Different class,1.465099260198989
Polynomial,Same class,0.13670286159968054
Polynomial,Different class,0.8211204518025244
Polynomial,Different class,3.3407910477481764
Polynomial,Different class,0.7461696074546151
Polynomial,Same class,0.9039040737113795
Polynomial,Same class,0.3166987855707366
Polynomial,Same class,0.8500184789424352
Polynomial,Different class,1.4641454883048428
Polynomial,Different class,3.368593627123207
Polynomial,Same class,2.145626064642548
Polynomial,Same class,2.133233050823921
Polynomial,Different class,3.3884641642204283
Polynomial,Different class,0.027540336579035145
Polynomial,Different class,1.3184190874634083
Polynomial,Same class,0.6121272890850011
Polynomial,Different class,0.6991704729224387
Polynomial,Same class,0.9154093809598672
Polynomial,Same class,2.901774555518801
Polynomial,Same class,1.1030402040153684
Polynomial,Same class,0.004139356315718574
Polynomial,Different class,0.7515358687299758
Polynomial,Different class,0.001856144473252443
Polynomial,Different class,2.142069052391333
Polynomial,Different class,3.189067979178724
Polynomial,Different class,0.027258285179637298
Polynomial,Same class,0.8980335315847607
Polynomial,Same class,0.8568868013409078
Polynomial,Different class,0.1237205768383274
Polynomial,Different class,0.5338481789761985
Polynomial,Same class,0.7696660675532672
Polynomial,Different class,0.42629321176031587
Polynomial,Different class,2.0776898178686998
Polynomial,Same class,0.9056124398499299
Polynomial,Same class,0.7968121821738109
Polynomial,Same class,10.239128298281946
Polynomial,Different class,0.4283581724970105
Polynomial,Different class,2.7196800795928735
Polynomial,Different class,0.8620777938624068
Polynomial,Same class,0.48711585890630293
Polynomial,Same class,2.266712470900492
Polynomial,Same class,1.269898362152857
Polynomial,Different class,3.1272298595537085
Polynomial,Same class,1.4891273084258472
Polynomial,Same class,0.3120634433740789
Polynomial,Same class,3.897309166543891
Polynomial,Different class,0.49886488484384706
Polynomial,Same class,0.8374210363694005
Polynomial,Same class,0.006251021352386613
Polynomial,Same class,0.5547569191220592
Polynomial,Same class,3.30257094602961
Polynomial,Same class,0.07896521980665117
Polynomial,Different class,2.4907833958876355
Polynomial,Different class,0.7417779107770559
Polynomial,Same class,0.11955970614007853
Polynomial,Same class,1.8099867196489507
Polynomial,Same class,3.793587986974651
Polynomial,Different class,1.9385988968575043
Polynomial,Same class,2.0796945164785963
Polynomial,Same class,1.2456754946106112
Polynomial,Different class,1.8143407139791383
Polynomial,Same class,0.49854117567838047
Polynomial,Same class,1.3463647836066677
Polynomial,Different class,0.44164871865159455
Polynomial,Different class,0.2645118130870963
Polynomial,Same class,0.25139425065961685
Polynomial,Same class,3.9985269835552897
Polynomial,Different class,2.678072283044618
Polynomial,Different class,6.286381964962906
Polynomial,Same class,0.021535245214411428
Polynomial,Different class,4.312241758010454
Polynomial,Same class,0.5256197066580963
Polynomial,Different class,0.004618406706740248
Polynomial,Different class,0.05798272104318163
Polynomial,Same class,1.2438414143886376
Polynomial,Same class,0.5771486309524586
Polynomial,Same class,1.097851517407354
Polynomial,Different class,0.007801804165150999
Polynomial,Same class,0.40427607570240315
Polynomial,Different class,0.053146702765796194
Polynomial,Different class,0.24157543832544356
Polynomial,Same class,1.6569392861644199
Polynomial,Different class,0.7476260524482595
Polynomial,Different class,1.1683962276792295
Polynomial,Different class,3.7823682976244304
Polynomial,Same class,0.35044479560239905
Polynomial,Same class,1.2667000340186838
Polynomial,Same class,0.03894688382382239
Polynomial,Same class,1.273119194362912
Polynomial,Different class,1.106252074421904
Polynomial,Same class,1.9897857411222706
Polynomial,Same class,0.9568307699212805
Polynomial,Same class,0.15569689172757462
Polynomial,Different class,2.1296921885723
Polynomial,Same class,2.407480020684587
Polynomial,Same class,5.772118244663869
Polynomial,Different class,0.4487471003393728
Polynomial,Different class,2.7632452825425364
Polynomial,Different class,1.9729059599033918
Polynomial,Different class,1.9018508538682803
Polynomial,Same class,0.0012203292511363472
Polynomial,Same class,1.2078274076205042
Polynomial,Same class,0.4472523650623284
Polynomial,Different class,1.3482199568810118
Polynomial,Same class,1.746641617483608
Polynomial,Different class,4.7536398613146185
Polynomial,Same class,0.42405174591118944
Polynomial,Different class,0.5276083600574637
Polynomial,Different class,2.215319802500291
Polynomial,Same class,4.739231304541307
Polynomial,Different class,0.04190666819588593
Polynomial,Same class,0.6791174135568572
Polynomial,Different class,2.587496531575852
Polynomial,Same class,0.6665823502175237
Polynomial,Same class,1.0009540798315426
Polynomial,Same class,1.0847089691918321
Polynomial,Different class,1.160633166179392
Polynomial,Same class,1.9316724692300498
Polynomial,Same class,1.4218956673409604
Polynomial,Different class,1.135168118618586
Polynomial,Same class,2.660942501596517
Polynomial,Different class,0.6181981432826408
Polynomial,Different class,0.23069129262234267
Polynomial,Different class,1.2440149770516196
Polynomial,Same class,1.278183221226253
Polynomial,Different class,1.4611954917238308
Polynomial,Same class,0.03460125135011733
Polynomial,Same class,2.761973029427173
Polynomial,Different class,0.037122436836657315
Polynomial,Same class,0.7366854338756175
Polynomial,Same class,0.9944361868750041
Polynomial,Different class,0.03852079126088978
Polynomial,Different class,0.9369482400920125
Polynomial,Different class,0.6081920623524223
Polynomial,Same class,0.4992536988152657
Polynomial,Different class,1.0010271388007133
Polynomial,Same class,0.9642543969472097
Polynomial,Different class,0.2377783976459588
Polynomial,Same class,0.8972571615510763
Polynomial,Different class,1.820345285102087
Polynomial,Different class,3.2524449922998335
Polynomial,Same class,0.05200039336959832
Polynomial,Different class,2.9347010234534037
Polynomial,Different class,0.3591781109723536
Polynomial,Different class,2.1897919694621057
Polynomial,Same class,5.436139917705029
Polynomial,Different class,0.014094313894924108
Polynomial,Same class,8.773504131250858
Polynomial,Same class,0.696423256371928
Polynomial,Same class,0.3346026556267676
Polynomial,Same class,1.2620937118605122
Polynomial,Same class,0.8387336768285548
Polynomial,Different class,3.2900429737284917
Polynomial,Same class,1.5571050046639805
Polynomial,Different class,0.0008045193966833994
Polynomial,Same class,2.4310405014260006
Polynomial,Same class,0.0012582397067152542
Polynomial,Same class,2.0506312142027676
Polynomial,Same class,1.8707240551545807
Polynomial,Same class,3.124211491297772
Polynomial,Same class,0.9496701070849148
Polynomial,Same class,3.6383008425441554
Polynomial,Different class,1.3894219268066852
Polynomial,Same class,0.22601704108463055
Polynomial,Same class,2.396243902858994
Polynomial,Different class,0.5928735752403015
Polynomial,Same class,0.1813511957953409
Polynomial,Same class,0.2569361220910984
Polynomial,Different class,4.684872789274687
Polynomial,Different class,3.2802249077114682
Polynomial,Same class,0.7748797556825613
Polynomial,Same class,1.0856262177929155
Polynomial,Different class,1.5538133836197718
Polynomial,Same class,1.040110272911282
Polynomial,Different class,0.19026485628422202
Polynomial,Same class,0.9900437973265547
Polynomial,Same class,2.629530308763093
Polynomial,Same class,0.7441160701268648
Polynomial,Same class,0.5068850413316989
Polynomial,Same class,0.08687020305928386
Polynomial,Different class,0.28354507824046205
Polynomial,Same class,1.0733318563742267
Polynomial,Different class,2.106690952453036
Polynomial,Same class,1.4853669965061922
Polynomial,Different class,0.011725499858657009
Polynomial,Same class,2.927392530787191
Polynomial,Different class,2.2800119742442617
Polynomial,Same class,0.26986198873759065
Polynomial,Different class,0.27250889301253756
Polynomial,Different class,2.99038339065112
Polynomial,Same class,3.3225336838474337
Polynomial,Different class,0.14052911596596246
Polynomial,Different class,2.5848088334975086
Polynomial,Same class,1.098100195294569
Polynomial,Same class,2.776948964056882
Polynomial,Same class,0.3410779742337918
Polynomial,Same class,0.5708293414681435
Polynomial,Different class,0.4720720392247756
Polynomial,Same class,2.456944920118326
Polynomial,Different class,0.5112698713255199
Polynomial,Different class,0.036871374661694455
Polynomial,Same class,2.5596232090771807
Polynomial,Same class,1.8910104378797405
Polynomial,Different class,0.19124818237221378
Polynomial,Same class,1.684053333579503
Polynomial,Different class,0.0037812894827057783
Polynomial,Same class,2.3905572742125494
Polynomial,Different class,4.282138923107503
Polynomial,Same class,0.6917990512579981
Polynomial,Same class,0.2423042407940849
Polynomial,Different class,1.5997592103949636
Polynomial,Different class,7.674128385884067e-06
Polynomial,Same class,1.092993711833331
Polynomial,Different class,2.669227535498677
Polynomial,Same class,1.143537933772947
Polynomial,Same class,0.3329916698816535
Polynomial,Same class,0.6990415730014915
Polynomial,Same class,0.216993912762486
Polynomial,Different class,0.5600089525898697
Polynomial,Same class,3.3519849310771246
Polynomial,Same class,0.6700933885194646
Polynomial,Different class,0.5259990422436635
Polynomial,Same class,1.5078691996590168
Polynomial,Different class,2.444849175484315
Polynomial,Same class,3.7335488187889445
Polynomial,Same class,0.028769461277202972
Polynomial,Different class,1.789348732676547
Polynomial,Same class,1.6364526799517207
Polynomial,Same class,0.484736294036019
Polynomial,Different class,1.0980962654705855
Polynomial,Same class,0.45820233367100016
Polynomial,Different class,0.2662600551074942
Polynomial,Same class,0.18250409186396344
Polynomial,Different class,0.35644584025669407
Polynomial,Different class,0.580826146650753
Polynomial,Different class,0.029444455939542383
Polynomial,Different class,1.1607506854492686
Polynomial,Different class,0.6687539270873435
Polynomial,Same class,0.15598488502409594
Polynomial,Same class,1.772598493164957
Polynomial,Different class,2.378619671561304
Polynomial,Same class,0.7870310750761063
Polynomial,Same class,1.3887240246728214
Polynomial,Same class,0.21080588466551145
Polynomial,Different class,0.15192372432667015
Polynomial,Same class,1.2716178070358668
Polynomial,Different class,0.029045063602342814
Polynomial,Same class,2.3706943628594668
Polynomial,Different class,1.3930866025923783
Polynomial,Same class,2.214414630533275
Polynomial,Same class,1.1277970691891743
Polynomial,Different class,2.383349284543917
Polynomial,Same class,1.3691065522083299
Polynomial,Same class,2.784965361590107
Polynomial,Same class,3.6605863574888917
Polynomial,Different class,0.3578759692835118
Polynomial,Same class,1.174111976719093
Polynomial,Same class,0.9194309587652978
Polynomial,Different class,2.0336468266269416
Polynomial,Same class,1.2311499563206318
Polynomial,Different class,1.522790037462067
Polynomial,Different class,0.12283063190713503
Polynomial,Different class,0.30393301749039286
Polynomial,Different class,3.770437195754906
Polynomial,Different class,2.0975541498170345
Polynomial,Different class,1.4021197832651344
Polynomial,Same class,0.02107497540656314
Polynomial,Same class,6.259615388485823
Polynomial,Different class,0.15576096376848964
Polynomial,Different class,0.055242003324551654
Polynomial,Same class,1.7496365834106136
Polynomial,Different class,0.8225583451066398
Polynomial,Same class,0.09959636910047684
Polynomial,Same class,8.58018023405447
Polynomial,Same class,0.4302791161450134
Polynomial,Same class,3.0898060459830186
Polynomial,Different class,0.6323207471398464
Polynomial,Different class,1.4941091488088067
Polynomial,Same class,1.8851763404135389
Polynomial,Same class,0.23430010516840286
Polynomial,Same class,1.9613974273315358
Polynomial,Different class,1.601659548970348
Polynomial,Different class,0.9993942776600927
Polynomial,Different class,2.6396949940118217
Polynomial,Same class,0.5275917645688571
Polynomial,Different class,0.0495325018644084
Polynomial,Same class,1.9140064707008717
Polynomial,Same class,1.2659392145082975
Polynomial,Different class,2.357677169399396
Polynomial,Different class,1.8160643922389579
Polynomial,Same class,0.4293879668875327
Polynomial,Different class,0.5958353425630077
Polynomial,Different class,2.696100555697513
Polynomial,Same class,0.6771094748643264
Polynomial,Different class,0.2467019973604142
Polynomial,Different class,0.3780814140186169
Polynomial,Same class,0.2571570035879322
Polynomial,Same class,4.925272093232446
Polynomial,Same class,0.5008761460735963
Polynomial,Same class,0.015912213574448296
Polynomial,Different class,0.36253461765544276
Polynomial,Same class,0.7939415651376968
Polynomial,Same class,1.2449096859777358
Polynomial,Same class,1.0835883357026963
Polynomial,Different class,0.5212254444324815
Polynomial,Same class,4.416601431974608
Polynomial,Different class,0.07461997038547201
Polynomial,Same class,4.574169039800695
Polynomial,Different class,1.933854708138602
Polynomial,Same class,0.8478265857431297
Polynomial,Different class,0.7595711744155353
Polynomial,Same class,1.6990846106681126
Polynomial,Same class,0.23471686768648023
Polynomial,Different class,0.9154442251733059
Polynomial,Same class,0.004522192944478959
Polynomial,Different class,1.7965787430493263
Polynomial,Different class,0.4395724287448788
Polynomial,Different class,0.13158319682610817
Polynomial,Same class,1.3244085248053479
Polynomial,Different class,1.791744246568997
Polynomial,Different class,0.12421142532772383
Polynomial,Same class,0.8696108721023432
Polynomial,Different class,1.8814982995296958
Polynomial,Different class,0.09766832497465065
Polynomial,Different class,1.6898637706857915
Polynomial,Different class,0.04188288683714068
Polynomial,Same class,5.655634022334246
Polynomial,Different class,0.1033422152872538
Polynomial,Same class,4.223659948720334
Polynomial,Different class,0.6759250460717873
Polynomial,Different class,0.5637154908395866
Polynomial,Different class,3.590209009687288
Polynomial,Different class,0.50220666121846
Polynomial,Different class,0.8246091133820813
Polynomial,Different class,0.31509711794332546
Polynomial,Different class,3.354082080190585
Polynomial,Different class,0.30789424555088657
Polynomial,Different class,0.5041526465530222
Polynomial,Different class,1.0411394267299277
Polynomial,Different class,0.6142280145635679
Polynomial,Same class,3.400122686102492
Polynomial,Different class,2.16447414162259
Polynomial,Same class,2.771426510249056
Polynomial,Same class,0.7426124793063535
Polynomial,Same class,0.8616290905195003
Polynomial,Same class,2.041574071937719
Polynomial,Different class,1.0710016271932412
Polynomial,Same class,0.27899687395570355
Polynomial,Different class,0.6881967790009159
Polynomial,Same class,0.1889639403576218
Polynomial,Different class,0.8990574572447687
Polynomial,Different class,0.45217525576355694
Polynomial,Same class,0.6850215922755911
Polynomial,Different class,2.678190418422928
Polynomial,Different class,1.245114534064258
Polynomial,Different class,1.730435291932727
Polynomial,Same class,2.48501338857572
Polynomial,Same class,1.6393092893446284
Polynomial,Different class,0.25342811208118055
Polynomial,Different class,2.33855567073718
Polynomial,Same class,0.10443363889733462
Polynomial,Same class,3.881308950383563
Polynomial,Different class,1.3824428883456021
Polynomial,Different class,0.520780634843855
Polynomial,Different class,3.8097101083847003
Polynomial,Same class,0.47481032834305137
Polynomial,Same class,0.2625291252324189
Polynomial,Different class,0.0522524333261365
Polynomial,Same class,2.7831987891264296
Polynomial,Different class,1.1588119725254693
Polynomial,Different class,0.967362204536139
Polynomial,Same class,1.182189099625328
Polynomial,Same class,2.9746600401460253
Polynomial,Different class,0.04014883784296893
Polynomial,Different class,0.006917601216581461
Polynomial,Same class,0.32751351786353394
Polynomial,Same class,0.16761019320203663
Polynomial,Different class,0.5470245751708352
Polynomial,Same class,5.3211947049906785
Polynomial,Same class,3.1755287861368804
Polynomial,Different class,1.530204875653742
Polynomial,Same class,0.515041564608613
Polynomial,Same class,2.7313818281945337
Polynomial,Different class,0.6107362707262488
Polynomial,Same class,0.9471708873951736
Polynomial,Same class,1.3946963399693868
Polynomial,Same class,2.027381890640004
Polynomial,Same class,1.0441711141244043
Polynomial,Same class,3.1987540793150937
Polynomial,Different class,0.3798300982063386
Polynomial,Different class,0.5578148727299637
Polynomial,Same class,0.6076883093628473
Polynomial,Same class,0.013106521693926336
Polynomial,Different class,0.9603029963479045
Polynomial,Same class,5.547114396231434
Polynomial,Same class,2.086893368595728
Polynomial,Different class,0.24973772651225903
Polynomial,Same class,0.5770615443697394
Polynomial,Different class,5.742467179677595
Polynomial,Different class,5.746961777932291
Polynomial,Same class,0.01578788555939342
Polynomial,Different class,1.8741693250916645
Polynomial,Different class,0.46856175926458327
Polynomial,Different class,6.018773009921027
Polynomial,Different class,1.1088064531988715
Polynomial,Same class,0.8601352474654986
Polynomial,Same class,12.50716742564227
Polynomial,Same class,3.0060676191609343
Polynomial,Different class,2.9416574704566214
Polynomial,Same class,0.4733539104794944
Polynomial,Same class,0.2038709223277208
Polynomial,Same class,2.6695024921778026
Polynomial,Different class,0.05680352000115524
Polynomial,Same class,0.6261126336240452
Polynomial,Different class,3.3245505419837493
Polynomial,Same class,1.111018854359106
Polynomial,Same class,2.4431566549070647
Polynomial,Same class,4.130763692432612
Polynomial,Different class,0.15647792007345387
Polynomial,Same class,0.9936295402757711
Polynomial,Same class,0.6258664500817898
Polynomial,Same class,0.08290998977303227
Polynomial,Different class,2.4704639742000873
Polynomial,Different class,2.5131013380603657
Polynomial,Same class,3.334892063431335
Polynomial,Different class,1.43528184782824
Polynomial,Same class,0.06580488398310703
Polynomial,Same class,3.4320322320900294
Polynomial,Same class,0.13362243195001489
Polynomial,Different class,0.2324638267228887
Polynomial,Different class,5.479433205791224
Polynomial,Same class,0.5211149528265557
Polynomial,Different class,1.5197957859970856
Polynomial,Different class,1.4760586793884367
Polynomial,Same class,0.46003033003150584
Polynomial,Different class,0.8462493175330054
Polynomial,Different class,1.5907595333960673
Polynomial,Same class,0.05705680295895093
Polynomial,Different class,1.6434963785920307
Polynomial,Same class,1.798593355326034
Polynomial,Same class,1.3220895463705946
Polynomial,Same class,0.12679318140355514
Polynomial,Different class,1.3111297105895026
Polynomial,Different class,5.548696165038303
Polynomial,Different class,1.1541195619921438
Polynomial,Different class,3.3101394839466645
Polynomial,Same class,0.3017276950717208
Polynomial,Different class,0.27517847044641897
Polynomial,Different class,1.6228877707713512
Polynomial,Same class,0.5198912408563202
Polynomial,Same class,13.407889368556827
Polynomial,Different class,0.2123131902852308
Polynomial,Same class,0.012605496183455333
Polynomial,Same class,2.97700176581703
Polynomial,Different class,0.07891407373048709
Polynomial,Different class,0.7805876525913358
Polynomial,Different class,2.1220602815786145
Polynomial,Same class,0.8629283169959812
Polynomial,Same class,1.1216507080672269
Polynomial,Same class,1.4791224198245847
Polynomial,Different class,0.1071430318183971
Polynomial,Different class,2.6870036088009677
Polynomial,Different class,1.0911636545909857
Polynomial,Different class,0.032479544342242
Polynomial,Different class,1.4610130913763535
Polynomial,Different class,1.7893038075022982
Polynomial,Different class,0.7449963439267
Polynomial,Same class,0.0034963346803733057
Polynomial,Different class,2.162655388701873
Polynomial,Different class,3.5188409273017474
Polynomial,Different class,1.3188209533700384
Polynomial,Same class,0.27107453669464165
Polynomial,Different class,0.23664907674448396
Polynomial,Same class,1.9824633606355428
Polynomial,Same class,0.3329646140487696
Polynomial,Different class,0.6226464363670186
Polynomial,Different class,0.7197186208680804
Polynomial,Same class,0.5037470895177659
Polynomial,Same class,0.1931266445681637
Polynomial,Different class,1.9033660551620493
Polynomial,Same class,1.0776414282700602
Polynomial,Different class,2.9147471372702998
Polynomial,Same class,8.771200334056452
Polynomial,Different class,2.432887363165348
Polynomial,Different class,3.7024196027013225
Polynomial,Same class,4.039734135359563
Polynomial,Same class,13.410047261134661
Polynomial,Different class,0.1553225422697307
Polynomial,Same class,1.5867692082967189
Polynomial,Different class,2.742179585153556
Polynomial,Different class,1.0611224061048716
Polynomial,Different class,0.3692121843942659
Polynomial,Different class,0.7501943133131653
Polynomial,Same class,1.4168021757350122
Polynomial,Same class,0.6981159412787074
Polynomial,Same class,0.23374341646776128
Polynomial,Different class,0.4550455658494919
Polynomial,Different class,3.5318231883164564
Polynomial,Different class,0.08877577637159678
Polynomial,Different class,0.51614382638738
Polynomial,Different class,3.594679073117676
Polynomial,Different class,0.4542150810068342
Polynomial,Different class,0.13901884820554894
Polynomial,Different class,0.9398716096127907
Polynomial,Different class,0.07569630020399565
Polynomial,Same class,0.28070787113215057
Polynomial,Same class,0.1854001748389509
Polynomial,Same class,0.5425209417792538
Polynomial,Different class,1.0439884405910038
Polynomial,Different class,9.581675192169342
Polynomial,Same class,1.4004517021525789
Polynomial,Same class,1.719699128005839
Polynomial,Same class,1.3426178992480702
Polynomial,Same class,0.3457305051924668
Polynomial,Different class,1.9222827427096434
Polynomial,Same class,7.537599700233694
Polynomial,Same class,0.013901145676875629
Polynomial,Different class,0.03701218841576079
Polynomial,Same class,3.095906184121419
Polynomial,Same class,5.255521660360208
Polynomial,Different class,5.982785725627589
Polynomial,Same class,0.19557512380515168
Polynomial,Same class,0.41443176856129976
Polynomial,Same class,0.3084076987654611
Polynomial,Same class,0.027918736606974155
Polynomial,Different class,0.38432217229685905
Polynomial,Different class,1.760054956412574
Polynomial,Same class,0.5450819379478555
Polynomial,Same class,1.2434496228546783
Polynomial,Different class,1.3813586845188903
Polynomial,Same class,1.008175401593222
Polynomial,Same class,0.3901532169383593
Polynomial,Same class,1.8086676639553807
Polynomial,Different class,2.812141905220433
Polynomial,Same class,0.109423775018463
Polynomial,Different class,4.915533830394428
Polynomial,Same class,0.9527437001223461
Polynomial,Same class,3.4327494322743712
Polynomial,Different class,0.362262709534037
Polynomial,Different class,2.053123735276433
Polynomial,Different class,0.10908314674827002
Polynomial,Same class,0.7639666843540025
Polynomial,Same class,0.6800290864463742
Polynomial,Same class,0.024032771803552917
Polynomial,Same class,11.072990808640903
Polynomial,Same class,4.245434911842831
Polynomial,Different class,4.364618372176607
Polynomial,Same class,2.7215637206487195
Polynomial,Same class,1.9065584157562852
Polynomial,Different class,1.1383155163694745
Polynomial,Same class,0.768954758363809
Polynomial,Same class,3.2497334887759592
Polynomial,Same class,0.3809682570112853
Polynomial,Same class,1.3882965509357237
Polynomial,Different class,0.9572809884382713
Polynomial,Same class,9.304062955153553
Polynomial,Different class,1.2792222664483701
Polynomial,Different class,0.18644564397631785
Polynomial,Same class,1.6663130575108418
Polynomial,Same class,0.4988447866615323
Polynomial,Different class,1.1875771576794896
Polynomial,Different class,2.324093691560125
Polynomial,Different class,2.214374400542014
Polynomial,Different class,1.4650738711668376
Polynomial,Same class,7.381740066823589
Polynomial,Same class,1.5295856941949728
Polynomial,Different class,0.9030513878384968
Polynomial,Same class,0.48271107195603274
Polynomial,Same class,0.20511409812264014
Polynomial,Different class,0.2826883135487974
Polynomial,Same class,1.1801010658964368
Polynomial,Same class,1.3867711848682707
Polynomial,Different class,1.1993443065017835
Polynomial,Different class,0.37304791608939103
Polynomial,Same class,0.8010156651554388
Polynomial,Same class,0.0038977431978943207
Polynomial,Different class,1.2729622776739289
Polynomial,Different class,0.9350446899657068
Polynomial,Different class,5.06560337386346
Polynomial,Same class,3.345235626016466
Polynomial,Different class,0.3723790912856305
Polynomial,Different class,0.0719508769030152
Polynomial,Different class,0.014671910360476008
Polynomial,Different class,0.48551865448579634
Polynomial,Different class,0.002508556321707367
Polynomial,Same class,0.8991573802736844
Polynomial,Different class,2.4390758479938253
Polynomial,Same class,1.6530373579829138
Polynomial,Same class,1.6706566133783314
Polynomial,Different class,0.9704459824787128
Polynomial,Same class,0.8148302542405406
Polynomial,Same class,3.1976429944287776
Polynomial,Different class,1.6705633597228005
Polynomial,Different class,3.3588240843810877
Polynomial,Different class,1.8171539164744985
Polynomial,Same class,0.09377725680540547
Polynomial,Same class,0.9246203161191748
Polynomial,Same class,1.5162941596964672
Polynomial,Same class,1.5668607002191797
Polynomial,Same class,2.4251378213527124
Polynomial,Different class,0.05550969834027544
Polynomial,Same class,0.5137045464401802
Polynomial,Different class,2.732466935183442
Polynomial,Different class,0.3646465653887862
Polynomial,Different class,0.5533943156704952
Polynomial,Different class,1.516113783011077
Polynomial,Same class,2.6482869637170174
Polynomial,Same class,0.1540023322531583
Polynomial,Different class,0.4095190540738028
Polynomial,Different class,2.9832328938339416
Polynomial,Different class,3.057103283447542
Polynomial,Different class,0.08298252495969007
Polynomial,Same class,2.4027259723248267
Polynomial,Different class,0.855476626118276
Polynomial,Same class,2.0254439213169313
Polynomial,Same class,4.36576141121366
Polynomial,Different class,1.4877611143962224
Polynomial,Different class,0.8814215479173386
Polynomial,Different class,0.8287626547861465
Polynomial,Same class,0.0921742042378887
Polynomial,Same class,0.8431210298361739
Polynomial,Different class,0.0024329675633967458
Polynomial,Same class,3.8313958049479164
Polynomial,Same class,0.09043672099185379
Polynomial,Same class,0.5629678705605315
Polynomial,Same class,0.0342088152039252
Polynomial,Same class,0.7279176443483091
Polynomial,Same class,0.1099110739515254
Polynomial,Same class,0.04880511856222787
Polynomial,Different class,0.5442992403134195
Polynomial,Same class,0.04332618930764303
Polynomial,Different class,0.6472057837370286
Polynomial,Same class,4.782876926408689
Polynomial,Different class,1.2686895864410266
Polynomial,Different class,0.031029224032903733
Polynomial,Same class,1.9982845626240213
Polynomial,Same class,1.105466702695863
Polynomial,Different class,0.44242336740471083
Polynomial,Same class,4.707971132770761
Polynomial,Different class,0.06326657799649657
Polynomial,Same class,4.247649220706668
Polynomial,Same class,1.0810023672799611
Polynomial,Different class,2.020305905579036
Polynomial,Different class,0.30795985329181874
Polynomial,Different class,0.031213078925168544
Polynomial,Same class,0.10644106289141887
Polynomial,Different class,2.5102816332934164
Polynomial,Different class,1.592140816555424
Polynomial,Different class,2.9329385170888504
Polynomial,Different class,2.0121059307513938
Polynomial,Different class,4.830881761095368
Polynomial,Same class,0.9548691093331737
Polynomial,Different class,1.843282830837648
Polynomial,Same class,0.45742044083708205
Polynomial,Same class,2.149954963745552
Polynomial,Different class,2.131142874977926
Polynomial,Same class,7.089634319605829
Polynomial,Different class,0.1817181586464968
Polynomial,Different class,0.1491424222576791
Polynomial,Same class,1.917518486330275
Polynomial,Different class,2.2428578411320235
Polynomial,Same class,1.7939508732985916
Polynomial,Different class,0.002164016663318899
Polynomial,Same class,2.6583036709255587
Polynomial,Same class,0.07622575493110899
Polynomial,Different class,2.162531678990175
Polynomial,Different class,0.030166912432377305
Polynomial,Different class,1.4260422552814798
Polynomial,Same class,0.8955721630742605
Polynomial,Same class,0.561574416193609
Polynomial,Same class,0.3275566504871401
Polynomial,Different class,0.1585612481117172
Polynomial,Different class,1.1521886529337526
Polynomial,Same class,0.011447437292434505
Polynomial,Same class,0.9316331577684471
Polynomial,Different class,0.008157602274496857
Polynomial,Same class,2.241582952132283
Polynomial,Different class,0.652172432549739
Polynomial,Same class,1.0811968012317885
Polynomial,Different class,1.6588732636558732
Polynomial,Different class,0.35369952094793883
Polynomial,Different class,0.2103955371575493
Polynomial,Different class,0.6468715848184354
Polynomial,Different class,1.6334979351213477
Polynomial,Same class,1.3063957749847481
Polynomial,Same class,0.37501636383030723
Polynomial,Same class,1.0429899402205893
Polynomial,Same class,3.519191457458787
Polynomial,Different class,0.3016662014172362
Polynomial,Different class,1.5459930196585019
Polynomial,Different class,0.08368092314436137
Polynomial,Different class,2.960538709401276
Polynomial,Same class,0.5746601872954035
Polynomial,Same class,0.8312360438193072
Polynomial,Same class,1.018161214911048
Polynomial,Same class,0.7508488264605553
Polynomial,Same class,2.044363477157198
Polynomial,Different class,1.4333886645412652
Polynomial,Different class,0.4323881934032718
Polynomial,Different class,2.2685558108427335
Polynomial,Same class,0.4269268008062951
Polynomial,Same class,3.582040531460188
Polynomial,Different class,2.7697344581248236
Polynomial,Same class,0.35798433378046324
Polynomial,Same class,4.298052139083388
Polynomial,Different class,3.0776735183020167
Polynomial,Same class,0.7748571927782366
Polynomial,Different class,0.04541273666837895
Polynomial,Same class,0.9793352861438054
Polynomial,Same class,3.5449520393952607
Polynomial,Same class,2.681222636190897
Polynomial,Same class,0.19698318522561228
Polynomial,Different class,0.34188133012782584
Polynomial,Different class,0.06360514886786262
Polynomial,Different class,4.685749742436084
Polynomial,Same class,0.13175024757330894
Polynomial,Same class,0.42019500340104615
Polynomial,Same class,5.286040537877661
Polynomial,Same class,1.3841675775418263
Polynomial,Different class,1.787484532850284
Polynomial,Same class,2.4783874310886347
Polynomial,Different class,0.7287881476318365
Polynomial,Same class,1.2831840812217818
Polynomial,Different class,1.730690551874416
Polynomial,Different class,1.3891583512975165
Polynomial,Same class,1.927722905217588
Polynomial,Same class,1.7276043386880078
Polynomial,Same class,1.5647932398786517
Polynomial,Same class,0.11615922700610783
Polynomial,Different class,1.2915750581094834
Polynomial,Same class,1.553743872577481
Polynomial,Same class,1.8432686349882326
Polynomial,Different class,1.127237913233973
Polynomial,Same class,0.8985363450001312
Polynomial,Different class,0.9301172987499209
Polynomial,Different class,1.1267774177587173
Polynomial,Same class,0.3813114927900491
Polynomial,Different class,2.5525840207955017
Polynomial,Same class,0.8502636237807834
Polynomial,Different class,0.7684550153458996
Polynomial,Same class,1.7131429401716691
Polynomial,Different class,2.2886827260588465
Polynomial,Same class,0.08371505714368521
Polynomial,Different class,1.2804865076506242
Polynomial,Same class,1.4720872833249972
Polynomial,Same class,2.0355709054561153
Polynomial,Same class,1.416130198273547
Polynomial,Same class,1.440573517702429
Polynomial,Same class,2.079901059037485
Polynomial,Different class,2.1805875786633235
Polynomial,Same class,2.452348160931556
Polynomial,Same class,2.172250705825665
Polynomial,Same class,3.9009059109852084
Polynomial,Different class,1.0395577094606399
Polynomial,Different class,2.499137432834986
Polynomial,Same class,0.37437536947358196
Polynomial,Different class,0.1353615102379515
Polynomial,Different class,1.5158332908542442
Polynomial,Different class,1.158555270492313
Polynomial,Same class,0.8120639877593379
Polynomial,Different class,0.24687056583598094
Polynomial,Same class,1.817928313719548
Polynomial,Same class,6.389614769900317
Polynomial,Same class,0.3048420451808529
Polynomial,Same class,0.7832099763772793
Polynomial,Different class,0.08281989861364014
Polynomial,Same class,0.439757021579272
Polynomial,Different class,0.34731987907467005
Polynomial,Same class,2.092889222374658
Polynomial,Different class,0.35248706378321387
Polynomial,Different class,2.6836175922168986
Polynomial,Same class,0.47502937665039474
Polynomial,Same class,0.3029596197104767
Polynomial,Different class,0.4200851820910404
Polynomial,Different class,1.665592031754776
Polynomial,Different class,2.9389275623592046
Polynomial,Different class,2.0506102680904497
Polynomial,Same class,5.42961815670391
Polynomial,Same class,0.38993965258894886
Polynomial,Different class,0.70671404075911
Polynomial,Different class,2.7606511335321344
Polynomial,Same class,1.4257900810458968
Polynomial,Same class,0.3681661538347103
Polynomial,Same class,0.0018456069342833855
Polynomial,Different class,0.36471459420782726
Polynomial,Same class,1.5502873278781284
Polynomial,Different class,2.6535127517743877
Polynomial,Same class,2.203213354658217
Polynomial,Different class,0.06881603362932179
Polynomial,Same class,0.938751306129905
Polynomial,Different class,1.1222019347606427
Polynomial,Same class,0.2624349701932816
Polynomial,Different class,1.3686525798439633
Polynomial,Same class,0.6390491290694931
Polynomial,Different class,0.8617815323194544
Polynomial,Different class,1.5111828535361918
Polynomial,Same class,0.001245397122867344
Polynomial,Same class,1.2568262445233862
Polynomial,Same class,1.0621526236607133
Polynomial,Different class,3.6773243579620187
Polynomial,Different class,1.7461811344489244
Polynomial,Different class,0.20007466784487785
Polynomial,Different class,3.238526001437205
Polynomial,Same class,0.2652595912923043
Polynomial,Same class,6.333455511048302
Polynomial,Different class,0.19924797912995001
Polynomial,Different class,0.4649665986987665
Polynomial,Different class,2.836219380273012
Polynomial,Different class,3.3861138489088383
Polynomial,Different class,5.188631130746228
Polynomial,Same class,0.681281983829793
Polynomial,Same class,0.09840475240823997
Polynomial,Same class,0.00920374550480067
Polynomial,Different class,1.4558233339885622
Polynomial,Different class,12.3202777944401
Polynomial,Same class,1.3358299272512189
Polynomial,Same class,0.6614374416866332
Polynomial,Different class,0.5134133668395862
Polynomial,Different class,1.0245506615797524
Polynomial,Different class,5.37674619665485
Polynomial,Different class,0.024746259776519813
Polynomial,Same class,3.309801247931887
Polynomial,Different class,0.45502319154841714
Polynomial,Different class,1.468891601244485
Polynomial,Different class,0.5816236703097586
Polynomial,Different class,0.7399439091718916
Polynomial,Different class,1.22020025096941
Polynomial,Same class,0.0045870166361001346
Polynomial,Different class,0.014268171034058058
Polynomial,Same class,1.2675185884308948
Polynomial,Same class,2.430645717339519
Polynomial,Same class,1.4401812916948475
Polynomial,Same class,0.30288283394336024
Polynomial,Same class,0.9541836152377343
Polynomial,Different class,0.9293253974785661
Polynomial,Same class,0.12229896668252366
Polynomial,Different class,2.6253068656400553
Polynomial,Different class,2.597330246765345
Polynomial,Same class,2.5004710373470593
Polynomial,Same class,2.2889060654540216
Polynomial,Same class,0.2623231948638016
Polynomial,Same class,0.09561918659663453
Polynomial,Different class,0.4948469853466754
Polynomial,Same class,0.0987761125255267
Polynomial,Same class,0.0032023629258707267
Polynomial,Different class,0.26289504886498216
Polynomial,Different class,3.8484652431383375
Polynomial,Different class,9.590863203253619
Polynomial,Different class,1.051567050007339
Polynomial,Same class,1.9192318018974142
Polynomial,Different class,0.6424700625662099
Polynomial,Different class,0.35137823926598416
Polynomial,Same class,2.9035102844533593
Polynomial,Same class,0.09203071871012207
Polynomial,Different class,1.8280655073893333
Polynomial,Different class,0.0118215583905181
Polynomial,Same class,1.2457282975351323
Polynomial,Different class,0.5079730281874572
Polynomial,Different class,3.2447332739758394
Polynomial,Same class,0.6713876955617927
Polynomial,Same class,1.8070378895877452
Polynomial,Different class,1.5493166785264734
Polynomial,Same class,0.09975613453864772
Polynomial,Different class,0.17888827770044216
Polynomial,Same class,1.638190636103275
Polynomial,Same class,2.6962996128029855
Polynomial,Same class,2.0187816106912373
Polynomial,Different class,1.9973865457795783
Polynomial,Same class,0.015755754504350013
Polynomial,Same class,1.4650555258285194
Polynomial,Same class,4.938973483513361
Polynomial,Same class,0.05837949074133548
Polynomial,Different class,0.0815990565198384
Polynomial,Same class,3.028219430846216
Polynomial,Same class,1.8968066200393372
Polynomial,Same class,0.005049370238598056
Polynomial,Same class,0.889318850185687
Polynomial,Different class,1.8504972185859205
Polynomial,Same class,0.014802316854333919
Polynomial,Same class,0.6364662139598696
Polynomial,Different class,8.353405773918835
Polynomial,Different class,1.3031161875953512
Polynomial,Different class,0.8066855482426137
Polynomial,Same class,0.5165674631096377
Polynomial,Different class,1.6037735426017858
Polynomial,Different class,0.9832935194814805
Polynomial,Same class,0.03902802312764554
Polynomial,Different class,1.1862614797295368
Polynomial,Different class,0.7928749323967538
Polynomial,Different class,3.2906668932477396
Polynomial,Different class,2.983168679750169
Polynomial,Same class,2.902162664849792
Polynomial,Different class,3.8871536639988107
Polynomial,Same class,1.6574120942378556
Polynomial,Different class,3.0336165975533746
Polynomial,Different class,0.12112396909730262
Polynomial,Same class,0.00010137967158922643
Polynomial,Different class,1.3187775344595123
Polynomial,Same class,0.9536752050454556
Polynomial,Different class,2.341624352447813
Polynomial,Different class,0.08377311362214124
Polynomial,Different class,0.40613074463894216
Polynomial,Same class,0.7826546890593845
Polynomial,Different class,1.0292906050959958
Polynomial,Different class,0.2732230392454248
Polynomial,Same class,1.75340009486394
Polynomial,Different class,1.9692137155038265
Polynomial,Same class,2.0400837978884105
Polynomial,Same class,0.7907841537976619
Polynomial,Different class,0.31596538096802973
Polynomial,Different class,2.0951988443760943
Polynomial,Same class,2.3416459111715784
Polynomial,Same class,0.12888495325808905
Polynomial,Different class,0.33280207306150633
Polynomial,Same class,3.5400219391109546
Polynomial,Same class,1.3904459472350386
Polynomial,Different class,0.24347005841789696
Polynomial,Different class,0.3712410690148534
Polynomial,Same class,0.6901952448176024
Polynomial,Same class,0.01969786316636829
Polynomial,Different class,0.611767284209402
Polynomial,Different class,1.397257786496102
Polynomial,Different class,2.9243804042463317
Polynomial,Different class,1.31045923369318
Polynomial,Same class,0.09666053763022169
Polynomial,Same class,0.3022490276100919
Polynomial,Different class,1.137613409457672
Polynomial,Same class,0.031126947548749707
Polynomial,Same class,2.807582383032793
Polynomial,Same class,3.2339179029738703
Polynomial,Different class,1.1944104682833947
Polynomial,Same class,5.1908359546944025
Polynomial,Different class,1.2093905653507846
Polynomial,Same class,0.13088941333311555
Polynomial,Different class,2.1992043169699604
Polynomial,Same class,0.8716754655937287
Polynomial,Different class,2.0600105847063386
Polynomial,Same class,0.3303671370755133
Polynomial,Same class,1.754912302593914
Polynomial,Same class,0.43314002913979066
Polynomial,Same class,0.45901576976149583
Polynomial,Different class,1.0412120897640729
Polynomial,Same class,2.2572712134478325
Polynomial,Different class,2.360613570997892
Polynomial,Different class,0.7226496433115941
Polynomial,Different class,1.569711090844492
Polynomial,Different class,1.0213023767866984
Polynomial,Same class,1.8375186430822072
Polynomial,Same class,6.598530704413168
Polynomial,Same class,0.238108651930736
Polynomial,Different class,1.3358541598424893
Polynomial,Different class,0.4320596047503772
Polynomial,Different class,0.2713026969856403
Polynomial,Different class,4.221808235908214
Polynomial,Different class,3.1576870809779085
Polynomial,Different class,1.7638746876011453
Polynomial,Same class,0.22447437692752875
Polynomial,Different class,0.10551517775201724
Polynomial,Different class,2.184642434834764
Polynomial,Different class,0.4727525937573632
Polynomial,Same class,0.864595371199403
Polynomial,Same class,1.5433142028510862
Polynomial,Different class,0.22347023845582195
Polynomial,Same class,0.2884960738847692
Polynomial,Different class,0.0007626205610081939
Polynomial,Different class,2.232645291961073
Polynomial,Same class,1.173694143306975
Polynomial,Different class,0.6638642419163665
Polynomial,Same class,0.17475463730334126
Polynomial,Different class,2.348466330882978
Polynomial,Same class,0.35825646302582453
Polynomial,Different class,2.234442605979417
Polynomial,Different class,0.16385634104936156
Polynomial,Different class,0.6156912694489572
Polynomial,Same class,0.11747357266329712
Polynomial,Same class,0.7204863247242095
Polynomial,Different class,0.5057978656887581
Polynomial,Different class,0.39563504966054003
Polynomial,Different class,2.006440650150792
Polynomial,Same class,0.4821289571216539
Polynomial,Different class,2.039445139435463
Polynomial,Different class,3.868802595869883
Polynomial,Different class,21.06768865561411
Polynomial,Different class,0.5769430518786931
Polynomial,Different class,2.136543194499057
Polynomial,Different class,3.451026558477091
Polynomial,Different class,2.137486572832345
Polynomial,Same class,1.1403120220526333
Polynomial,Same class,1.809627523983961
Polynomial,Different class,0.1951464391200737
Polynomial,Different class,3.6131147894963536
Polynomial,Different class,3.4527629911207693
Polynomial,Different class,3.279388840085688
Polynomial,Different class,1.4298411113556155
Polynomial,Different class,1.5363688549365848
Polynomial,Same class,0.8917548317725611
Polynomial,Different class,0.43243098911956307
Polynomial,Different class,1.8014825572960418
Polynomial,Same class,1.3935023008478093
Polynomial,Same class,0.8406271446696748
Polynomial,Different class,2.9255652235008562
Polynomial,Same class,0.9538021781356022
Polynomial,Different class,0.41755817247493854
Polynomial,Same class,0.5735854949266431
Polynomial,Same class,1.6651415366641158
Polynomial,Same class,2.5399404210084664
Polynomial,Same class,0.08264438118135695
Polynomial,Same class,0.22845508834418463
Polynomial,Different class,0.013255291757700677
Polynomial,Different class,1.8524226684853853
Polynomial,Different class,0.02550315234798663
Polynomial,Same class,0.39741997677994473
Polynomial,Same class,2.7263555500568195
Polynomial,Different class,3.789980467611474
Polynomial,Same class,0.6860746059725553
Polynomial,Different class,1.6752573445509775
Polynomial,Same class,1.3471940516661949
Polynomial,Different class,3.185136102186619
Polynomial,Different class,0.35589557507711495
Polynomial,Same class,3.234572593351448
Polynomial,Different class,0.5503654071124241
Polynomial,Different class,1.8351465755632088
Polynomial,Different class,0.6825254157183906
Polynomial,Same class,0.05686487153770811
Polynomial,Same class,1.268335244827196
Polynomial,Different class,3.8644193010772003
Polynomial,Same class,1.3904049090996065
Polynomial,Different class,1.9778935337463632
Polynomial,Same class,0.4146391694115358
Polynomial,Different class,0.22648959131449428
Polynomial,Same class,1.1322597582543676
Polynomial,Different class,0.5104750852936871
Polynomial,Different class,4.131533531103805
Polynomial,Same class,1.0482198233075732
Polynomial,Different class,0.08995942860031754
Polynomial,Different class,2.388418967456671
Polynomial,Same class,0.9651271596574633
Polynomial,Different class,0.7057908802087436
Polynomial,Different class,0.6354933195471413
Polynomial,Different class,1.0436738909510512
Polynomial,Different class,1.5880381649923092
Polynomial,Same class,0.8168355416300463
Polynomial,Same class,0.0025100975469044256
Polynomial,Same class,4.585126821736004
Polynomial,Different class,0.8009148064255522
Polynomial,Same class,0.6978411932584141
Polynomial,Same class,1.1027346865547984
Polynomial,Different class,1.5668071863552722
Polynomial,Different class,0.5810997204021286
Polynomial,Different class,0.2077072594573456
Polynomial,Same class,1.6603459067646689
Polynomial,Same class,2.440435909503225
Polynomial,Same class,0.14184287933054532
Polynomial,Same class,3.1075011355110385
Polynomial,Same class,2.8896659028682063
Polynomial,Different class,2.003612113767188
Polynomial,Different class,3.7795651884130943
Polynomial,Different class,1.3866556055724555
Polynomial,Same class,0.6978339615193696
Polynomial,Same class,0.0033372585390450244
Polynomial,Different class,0.346886380154267
Polynomial,Different class,2.68327289677192
Polynomial,Same class,1.4562762879343114
Polynomial,Same class,1.2944408392636775
Polynomial,Different class,0.08816996809444179
Polynomial,Different class,3.0292763975388173
Polynomial,Same class,1.707728535536863
Polynomial,Same class,1.181746770005486
Polynomial,Different class,0.45394884837764676
Polynomial,Same class,1.0355348669887332
Polynomial,Different class,2.1489821287993323
Polynomial,Same class,1.2270372336636242
Polynomial,Different class,0.639461024106659
Polynomial,Same class,1.1892304319217066
Polynomial,Same class,3.0629121406764837
Polynomial,Same class,0.0034759477541257263
Polynomial,Different class,0.12761265461877375
Polynomial,Different class,0.4097742244203613
Polynomial,Different class,0.6592495723408442
Polynomial,Different class,0.0020978907864200487
Polynomial,Same class,1.8035138285542474
Polynomial,Same class,2.2947793867935147
Polynomial,Different class,1.6026329859481852
Polynomial,Same class,7.720828582737487
Polynomial,Different class,0.2575627670162373
Polynomial,Same class,0.5595041680890552
Polynomial,Same class,0.8521648895136679
Polynomial,Different class,2.4507778523005657
Polynomial,Different class,1.0800699144941768
Polynomial,Different class,0.0538419038718876
Polynomial,Different class,3.1203879288705334
Polynomial,Same class,3.967275238633256
Polynomial,Same class,0.12493654049208099
Polynomial,Same class,2.066654401564356
Polynomial,Same class,0.30436603292121805
Polynomial,Different class,1.2259237293988863
Polynomial,Same class,1.3837918733694115
Polynomial,Different class,1.351444888748609
Polynomial,Same class,0.648411560174377
Polynomial,Different class,0.30643993824008897
Polynomial,Different class,1.5195968952386618
Polynomial,Same class,0.5111764743452346
Polynomial,Different class,2.966294829598584
Polynomial,Same class,2.0751615843482942
Polynomial,Same class,0.6721790054222249
Polynomial,Different class,2.0713661404448405
Polynomial,Same class,0.3138120651950827
Polynomial,Same class,0.4365728673883907
Polynomial,Different class,0.0015304661795435715
Polynomial,Different class,1.158293539595687
Polynomial,Same class,1.7424811574261228
Polynomial,Different class,1.2117031614942573
Polynomial,Same class,0.4609161161000913
Polynomial,Different class,1.9238002191761123
Polynomial,Different class,0.09069687199397598
Polynomial,Different class,0.144977639663436
Polynomial,Different class,4.010099373198255
Polynomial,Different class,0.32340707344763975
Polynomial,Same class,0.10380456023214113
Polynomial,Different class,0.5359943796909871
Polynomial,Same class,0.003949431521247197
Polynomial,Same class,1.899686215643732
Polynomial,Different class,0.6726006642302406
Polynomial,Different class,0.5497917914044167
Polynomial,Different class,0.6949336606412436
Polynomial,Different class,1.5898218288432433
Polynomial,Same class,1.227078614988522
Polynomial,Same class,0.24921741940101821
Polynomial,Same class,0.8542718416622191
Polynomial,Different class,2.3247796698427563
Polynomial,Different class,0.036608989176761385
Polynomial,Same class,0.8373920318956286
Polynomial,Different class,4.676251821953194
Polynomial,Same class,2.4775740939294257
Polynomial,Same class,1.7212181423643216
Polynomial,Same class,0.005320990629448798
Polynomial,Different class,0.467844866018055
Polynomial,Different class,0.8886016612405432
Polynomial,Different class,1.561445064225495
Polynomial,Same class,1.1094779407804862
Polynomial,Different class,0.46635569788576653
Polynomial,Same class,2.6287604569338123
Polynomial,Different class,1.5671789990817349
Polynomial,Same class,0.18810032957117315
Polynomial,Same class,0.8887904086406481
Polynomial,Different class,1.4731642502859135
Polynomial,Different class,0.7931299516559456
Polynomial,Same class,5.439148497739031
Polynomial,Same class,0.22227834134164878
Polynomial,Same class,4.624534394092342
Polynomial,Same class,0.785532563451872
Polynomial,Same class,2.7110238582082187
Polynomial,Same class,0.037853467995426764
Polynomial,Different class,0.2917718953101584
Polynomial,Same class,2.7787403723145774
Polynomial,Different class,1.1391325258783693
Polynomial,Different class,0.7836655302606399
Polynomial,Different class,1.7801867099212954
Polynomial,Same class,0.8780552562461391
Polynomial,Different class,0.12677270756796769
Polynomial,Different class,0.7208729997826885
Polynomial,Same class,0.30512739544525164
Polynomial,Same class,2.2280807753533436
Polynomial,Different class,0.31971941000796783
Polynomial,Different class,0.3883252540069677
Polynomial,Same class,0.5218732161448607
Polynomial,Same class,0.0027661287400427594
Polynomial,Different class,1.8988139353834788
Polynomial,Different class,0.6741441809068124
Polynomial,Different class,0.13092923073677426
Polynomial,Same class,0.6037692878746671
Polynomial,Different class,3.56670002154317
Polynomial,Same class,1.5116706589484619
Polynomial,Same class,0.7605790311187318
Polynomial,Same class,1.3751556964404748
Polynomial,Different class,4.336674445824082
Polynomial,Different class,2.0845476497506343
Polynomial,Same class,0.8691865971889612
Polynomial,Same class,0.5194768763870309
Polynomial,Same class,0.6944057327428955
Polynomial,Same class,0.39174220992798187
Polynomial,Different class,0.2395447846206184
Polynomial,Different class,0.11080610557751391
Polynomial,Different class,4.223320636736861
Polynomial,Same class,0.30724911650879333
Polynomial,Same class,0.47777546899309353
Polynomial,Different class,4.155943160649739
Polynomial,Same class,2.2744162301565933
Polynomial,Different class,0.4340626620096425
Polynomial,Different class,0.6360822839188265
Polynomial,Different class,2.7966392493215957
Polynomial,Same class,1.897815234521231
Polynomial,Different class,11.928645222417245
Polynomial,Same class,3.1526928782615378
Polynomial,Different class,0.005532762815553888
Polynomial,Different class,0.6374760526393206
Polynomial,Same class,1.3070564241633922
Polynomial,Different class,0.01751541572768208
Polynomial,Different class,1.4498725741672556
Polynomial,Same class,3.5555212137331766
Polynomial,Same class,2.894528505310244
Polynomial,Different class,1.0375875709871565
Polynomial,Same class,2.5757515865337846
Polynomial,Different class,0.23100017924017768
Polynomial,Same class,0.7228975131989102
Polynomial,Same class,0.025608712171609725
Polynomial,Different class,0.06240564932940534
Polynomial,Same class,1.4309268260321337
Polynomial,Different class,1.5228245961259994
Polynomial,Same class,0.8738002124412726
Polynomial,Different class,1.4497201688849763
Polynomial,Different class,0.5397399848122044
Polynomial,Same class,0.7596146998729659
Polynomial,Different class,2.5746858386058684
Polynomial,Different class,1.0405613556395217
Polynomial,Different class,0.17024554390377075
Polynomial,Different class,0.36633306050487274
Polynomial,Same class,0.2886533953616025
Polynomial,Different class,0.7893752877745474
Polynomial,Different class,0.2720215325705228
Polynomial,Different class,0.3224182447094598
Polynomial,Same class,1.5168699897152071
Polynomial,Different class,0.8198289551883271
Polynomial,Same class,0.7538221088978007
Polynomial,Different class,0.03667247799222313
Polynomial,Different class,1.84675176944515
Polynomial,Same class,1.4145383599996746
Polynomial,Same class,0.46855294234506395
Polynomial,Same class,0.06484361683484778
Polynomial,Different class,1.0430830011549002
Polynomial,Different class,3.0948428653946345
Polynomial,Different class,0.5889765693254433
Polynomial,Same class,1.2965763090497981
Polynomial,Same class,1.442716219728724
Polynomial,Same class,1.5074240229146285
Polynomial,Same class,0.3068303035618108
Polynomial,Different class,1.261493568670727
Polynomial,Same class,0.6771452924221082
Polynomial,Different class,1.1194965218226076
Polynomial,Same class,2.0602509470648607
Polynomial,Same class,1.268427136105759
Polynomial,Different class,1.6963586082148445
Polynomial,Same class,1.2719880257311555
Polynomial,Different class,0.8610049000573905
Polynomial,Different class,0.013978818967197592
Polynomial,Same class,0.8629441167574293
Polynomial,Same class,0.08943876660022812
Polynomial,Same class,1.080903801421909
Polynomial,Same class,1.6373919070194707
Polynomial,Same class,0.20576178453227806
Polynomial,Same class,2.2419455139277757
Polynomial,Different class,0.9674929813252916
Polynomial,Different class,1.6346203120738934
Polynomial,Different class,1.7068688928559494
Polynomial,Different class,1.761348349185933
Polynomial,Different class,0.11018540470664138
Polynomial,Same class,3.1809958510578085
Polynomial,Different class,0.0884585142251575
Polynomial,Different class,2.5160374591719576
Polynomial,Same class,1.8173544627479263
Polynomial,Same class,0.0021474713110443007
Polynomial,Same class,0.536565559923936
Polynomial,Different class,0.2532606973953075
Polynomial,Different class,1.309737529511889
Polynomial,Same class,4.503001584084337
Polynomial,Same class,0.4579122588000445
Polynomial,Same class,0.1827842540618767
Polynomial,Same class,0.008687088345802993
Polynomial,Different class,0.41803965192809495
Polynomial,Different class,1.0453720268927493
Polynomial,Same class,2.0112006223957555
Polynomial,Different class,0.014622681088949858
Polynomial,Same class,3.341107459685091
Polynomial,Different class,1.3526572628112008
Polynomial,Different class,5.941524973007793
Polynomial,Same class,3.172871104406586
Polynomial,Same class,10.02940640836523
Polynomial,Same class,0.36389419326475136
Polynomial,Same class,1.089088249112968
Polynomial,Same class,1.7315744107303572
Polynomial,Same class,2.368894623404192
Polynomial,Same class,0.49920002799794017
Polynomial,Different class,0.6429458942715803
Polynomial,Same class,1.9060281222177275
Polynomial,Different class,0.5039033750420991
Polynomial,Same class,0.442219341127699
Polynomial,Different class,0.2776720093839204
Polynomial,Different class,0.5198685726111567
Polynomial,Same class,0.6879823867703022
Polynomial,Same class,0.3195502484355119
Polynomial,Different class,0.7209506529072572
Polynomial,Different class,0.7409855898960275
Polynomial,Different class,1.8966875845495812
Polynomial,Same class,1.7240425249359135
Polynomial,Different class,2.0957604955559823
Polynomial,Different class,2.372198253183178
Polynomial,Different class,1.1603555762856401
Polynomial,Different class,2.1038652434428613
Polynomial,Different class,0.34129603292513944
Polynomial,Different class,0.1136181339930767
Polynomial,Different class,0.00274562941635722
Polynomial,Different class,4.081413485044081
Polynomial,Same class,1.2291578334967985
Polynomial,Different class,0.9428762116501983
Polynomial,Same class,0.8326753252671183
Polynomial,Different class,0.13456812964622922
Polynomial,Same class,0.3297770962312231
Polynomial,Different class,0.34259529259914645
Polynomial,Same class,0.7910051849134262
Polynomial,Same class,2.9142936340800145
Polynomial,Different class,1.6936177328850024
Polynomial,Same class,0.07306662120184902
Polynomial,Different class,1.0848989238140327
Polynomial,Different class,1.0391584052954104
Polynomial,Same class,0.11780428202302125
Polynomial,Same class,0.3463658752735403
Polynomial,Different class,1.7706612736874685
Polynomial,Different class,1.6026712331236463
Polynomial,Different class,4.53503687543076
Polynomial,Same class,0.32775534061593126
Polynomial,Same class,7.277058738191289
Polynomial,Same class,0.78581272950567
Polynomial,Same class,1.0193587649066693
Polynomial,Same class,0.49596430399088925
Polynomial,Different class,0.21643310924555234
Polynomial,Different class,0.39509109903857753
Polynomial,Same class,0.7519344952832134
Polynomial,Different class,0.08402375605755218
Polynomial,Same class,1.0720734184736616
Polynomial,Same class,1.7571974120517928
Polynomial,Same class,3.0062545070078053
Polynomial,Different class,2.4848508971675565
Polynomial,Different class,1.79960010553274
Polynomial,Different class,0.6632710812816031
Polynomial,Same class,0.6294715159173936
Polynomial,Same class,0.15728138242315196
Polynomial,Same class,5.673771830787038
Polynomial,Different class,1.1128325218764379
Polynomial,Different class,1.6405709139285212
Polynomial,Different class,0.061714318269526336
Polynomial,Different class,0.23428441523375182
Polynomial,Different class,0.03246067929482108
Polynomial,Different class,0.1664693920689201
Polynomial,Same class,3.0634235166199115
Polynomial,Different class,1.0551592148378193
Polynomial,Same class,1.2124960515024565
Polynomial,Different class,1.0047117089547004
Polynomial,Same class,0.6926669393886528
Polynomial,Different class,0.31439953234795476
Polynomial,Same class,2.7531153017388448
Polynomial,Same class,2.084939817123182
Polynomial,Same class,12.725116986873902
Polynomial,Same class,0.0006893071246338133
Polynomial,Same class,1.1434976603601674
Polynomial,Different class,2.104024814846855
Polynomial,Same class,3.463984156841378
Polynomial,Different class,0.11834876262195539
Polynomial,Different class,0.07417903722542213
Polynomial,Same class,3.864261406749282
Polynomial,Different class,0.04404311551832245
Polynomial,Different class,0.3517392456841195
Polynomial,Different class,0.3002836749282779
Polynomial,Same class,2.745347383685858
Polynomial,Different class,1.047177351874038
Polynomial,Same class,5.160941026191366
Polynomial,Different class,5.6321990760742615
Polynomial,Same class,2.4557705339925717
Polynomial,Different class,0.001330082141414732
Polynomial,Different class,1.9462479366756296
Polynomial,Different class,0.9868381239990401
Polynomial,Same class,0.5425668379809302
Polynomial,Different class,0.8020163009314717
Polynomial,Same class,1.6628244863830488
Polynomial,Different class,0.11263656891353759
Polynomial,Different class,1.0513827421394604
Polynomial,Different class,0.4517708695862398
Polynomial,Same class,0.6204690156685764
Polynomial,Same class,0.11815713350000549
Polynomial,Different class,0.00636667064920779
Polynomial,Different class,0.7462530224998059
Polynomial,Same class,1.2439404391035767
Polynomial,Different class,0.011030833276435503
Polynomial,Different class,2.631189922364507
Polynomial,Same class,0.5939678843567134
Polynomial,Different class,2.6065107616470993
Polynomial,Same class,3.3313691868007833
Polynomial,Different class,1.6514492541602095
Polynomial,Different class,0.657474878730061
Polynomial,Same class,2.2188489507939857
Polynomial,Same class,0.7941900728240032
Polynomial,Different class,0.48861286205943355
Polynomial,Different class,0.6203360377181599
Polynomial,Same class,3.1244070270661073
Polynomial,Same class,0.811337268526966
Polynomial,Same class,3.7076387385391696
Polynomial,Same class,0.43772009197289213
Polynomial,Same class,10.705984895183766
Polynomial,Different class,0.384917162025748
Polynomial,Different class,0.7286669818606742
Polynomial,Different class,0.873300745238168
Polynomial,Different class,3.6220640393987313
Polynomial,Different class,1.7388559999904636
Polynomial,Different class,9.031251274305296
Polynomial,Same class,3.2961894474854256
Polynomial,Same class,0.7306712898487107
Polynomial,Different class,1.3309622507522079
Polynomial,Same class,0.4099192715478952
Polynomial,Different class,0.439080536076482
Polynomial,Same class,2.408819915903103
Polynomial,Different class,1.5633835781720573
Polynomial,Different class,2.9265834940832827
Polynomial,Different class,0.15078468240542084
Polynomial,Same class,0.6394944994564067
Polynomial,Same class,0.30501224301196944
Polynomial,Same class,2.8644179785928037
Polynomial,Same class,0.9117450969169417
Polynomial,Different class,1.5301072068795343
Polynomial,Different class,0.30145706308009157
Polynomial,Different class,0.6172546213542209
Polynomial,Same class,2.671075417265715
Polynomial,Same class,0.08595879008701134
Polynomial,Different class,0.32739084840061844
Polynomial,Different class,0.6062906012041945
Polynomial,Same class,7.676348726119289
Polynomial,Different class,2.136327217112911
Polynomial,Different class,1.5960892245623275
Polynomial,Different class,0.4794653577698735
Polynomial,Different class,0.47580934296463967
Polynomial,Same class,0.5515189736655293
Polynomial,Same class,0.011607269075195763
Polynomial,Different class,0.008340614388038972
Polynomial,Different class,1.4932127188936806
Polynomial,Different class,1.347520876330367
Polynomial,Same class,1.599340288388471
Polynomial,Same class,0.17622479981699254
Polynomial,Same class,3.7364454530252513
Polynomial,Different class,1.324547967417031
Polynomial,Same class,2.4078676251800712
Polynomial,Same class,3.243915943441233
Polynomial,Same class,6.5459090505553785
Polynomial,Different class,4.4159706590939365
Polynomial,Different class,0.08420167100622883
Polynomial,Different class,4.862016421924421
Polynomial,Different class,2.782223834661504
Polynomial,Different class,3.0776567877844836
Polynomial,Same class,1.1847106074603209
Polynomial,Different class,3.4922868811431176
Polynomial,Different class,2.2013664978320233
Polynomial,Different class,1.834536437883484
Polynomial,Different class,0.9654502029172742
Polynomial,Same class,0.3436081158149983
Polynomial,Same class,7.227672835216578
Polynomial,Different class,0.41527509586566114
Polynomial,Same class,1.3216575322878352
Polynomial,Different class,0.41465410216427523
Polynomial,Different class,3.2140179419925143
Polynomial,Different class,2.354767043126116
Polynomial,Same class,2.516594005778328
Polynomial,Same class,3.1623950661576634
Polynomial,Same class,2.4640125151913828
Polynomial,Different class,1.8697444393104834
Polynomial,Different class,0.3772897175813862
Polynomial,Different class,1.0718088396338425
Polynomial,Same class,0.00212282463475386
Polynomial,Same class,3.133884693064898
Polynomial,Different class,3.1186364838068386
Polynomial,Same class,1.6192274098005308
Polynomial,Same class,2.6561432918526835
Polynomial,Different class,0.7153191378475995
Polynomial,Different class,0.4624323208527088
Polynomial,Same class,2.529768919337357
Polynomial,Different class,0.1992088090560263
Polynomial,Same class,2.245899301344422
Polynomial,Different class,0.0010839123958579805
Polynomial,Different class,1.5547338745892683
Polynomial,Same class,0.0342992487422746
Polynomial,Different class,1.6488429650835392
Polynomial,Same class,1.106905988459186
Polynomial,Different class,0.016655150771361142
Polynomial,Different class,1.552965174926338
Polynomial,Different class,1.6305058351393367
Polynomial,Different class,0.7739134782100218
Polynomial,Same class,0.0010688112154285932
Polynomial,Same class,1.906851920034455
Polynomial,Same class,0.9135071798568383
Polynomial,Same class,1.1039744555697792
Polynomial,Different class,1.8182229265775216
Polynomial,Same class,2.5195026526458144
Polynomial,Different class,2.4575293176058075
Polynomial,Different class,0.01809718164337009
Polynomial,Same class,5.432249876898471
Polynomial,Same class,0.1034100769860129
Polynomial,Different class,1.3060001417976834
Polynomial,Different class,1.9871069601949185
Polynomial,Same class,0.8056033610019946
Polynomial,Same class,0.8610275143373033
Polynomial,Same class,0.27759751577694564
Polynomial,Same class,1.6262265502050934
Polynomial,Same class,3.764652106413235
Polynomial,Different class,2.173273186837412
Polynomial,Different class,0.6121831793590043
Polynomial,Same class,0.3970462502836761
Polynomial,Same class,0.8243391406623573
Polynomial,Different class,1.8700448494121849
Polynomial,Same class,3.0795346062837083
Polynomial,Different class,1.1989152799667864
Polynomial,Same class,0.7968748972418285
Polynomial,Same class,3.8028945964124987
Polynomial,Same class,0.27259340705347773
Polynomial,Different class,2.4573634512207057
Polynomial,Same class,4.914890002368621
Polynomial,Different class,2.0933569351770505
Polynomial,Same class,1.4625750971209917
Polynomial,Different class,0.8571226376607136
Polynomial,Different class,0.3069339651076817
Polynomial,Different class,0.04672062011021139
Polynomial,Same class,2.203645507084466
Polynomial,Different class,2.3585103806061563
Polynomial,Same class,1.1644896215829377
Polynomial,Different class,1.7146531226983979
Polynomial,Different class,1.2273528319751632
Polynomial,Same class,0.0031454770134498487
Polynomial,Same class,1.9775458708450844
Polynomial,Different class,0.1579134131038596
Polynomial,Same class,0.010937858228948948
Polynomial,Different class,0.577838890333988
Polynomial,Different class,1.5944407605933208
Polynomial,Same class,2.280880027094442
Polynomial,Same class,1.9923426139012432
Polynomial,Different class,0.45926515670306883
Polynomial,Different class,0.21553994882958227
Polynomial,Different class,1.9658657111309144
Polynomial,Different class,0.30202127230077447
Polynomial,Different class,0.12007952064862504
Polynomial,Different class,0.11197168600132577
Polynomial,Different class,5.738151984986758
Polynomial,Same class,0.4076531212350052
Polynomial,Same class,2.4000046181827055
Polynomial,Same class,4.337720403045378
Polynomial,Different class,1.468396775756503
Polynomial,Different class,0.5374604250839743
Polynomial,Same class,1.4740678408713122
RBF,Different class,0.13508843858137926
RBF,Different class,0.46425993183207587
RBF,Different class,0.6812044109567086
RBF,Same class,0.28097530808263826
RBF,Different class,0.3443753174600902
RBF,Same class,0.0011116590511917603
RBF,Different class,0.5024457410318888
RBF,Different class,1.8757445710136766e-11
RBF,Same class,0.1747508622251173
RBF,Same class,0.30909452990320097
RBF,Same class,0.02740351140415182
RBF,Different class,0.23710839723092964
RBF,Different class,0.00633814942107119
RBF,Same class,0.02124263131612989
RBF,Same class,0.08285147629382891
RBF,Same class,0.013964449047448124
RBF,Same class,0.0013570786348469895
RBF,Same class,0.004819385107103762
RBF,Same class,0.2460844348261459
RBF,Different class,0.8249341571977586
RBF,Same class,0.2570589344770936
RBF,Different class,0.001852994919511669
RBF,Same class,0.39735026065081647
RBF,Different class,0.5180191777862316
RBF,Different class,0.23036141877987595
RBF,Different class,0.08622384058008355
RBF,Same class,0.14444204223088558
RBF,Same class,0.1019933632453925
RBF,Same class,0.0023081565418809212
RBF,Different class,0.7269997561731049
RBF,Different class,0.04011649605459821
RBF,Same class,0.39938878883596923
RBF,Different class,0.383142967134855
RBF,Different class,0.011595511184943843
RBF,Same class,0.028018501101958356
RBF,Same class,0.3138393089734116
RBF,Different class,0.014441285121990437
RBF,Different class,0.16864123667428335
RBF,Same class,0.007746986994235583
RBF,Different class,0.017656440971748764
RBF,Different class,0.09296811897862395
RBF,Same class,0.5388222806238384
RBF,Different class,0.00402721424783002
RBF,Same class,0.5827381694089995
RBF,Different class,0.08467864318032728
RBF,Different class,0.07367004738956441
RBF,Different class,0.0010737775771861137
RBF,Different class,0.09734885399487167
RBF,Same class,0.044089298630996004
RBF,Same class,0.0004649231246056141
RBF,Same class,0.0037842659779193147
RBF,Same class,0.26079163415584605
RBF,Different class,0.008265299403683965
RBF,Different class,0.02858470656907604
RBF,Different class,0.3507333954246834
RBF,Different class,0.003263397637260086
RBF,Different class,0.5932274078810226
RBF,Different class,0.06202520353755264
RBF,Same class,0.29782595423648384
RBF,Same class,0.028626663193712244
RBF,Different class,0.09317088624020833
RBF,Different class,0.00011024053312037257
RBF,Different class,0.5299682032493356
RBF,Different class,0.010541890483116864
RBF,Different class,2.620676279889574e-06
RBF,Same class,0.11104817183815344
RBF,Same class,0.05075354640156249
RBF,Different class,0.01621234277184188
RBF,Different class,0.1379328084286533
RBF,Same class,0.5423342980619053
RBF,Same class,0.06233442978700984
RBF,Same class,0.6859459354030507
RBF,Different class,0.14189280588244196
RBF,Same class,0.027832166076745154
RBF,Different class,0.440213468898886
RBF,Same class,0.18581248459060176
RBF,Different class,0.21339280162610536
RBF,Different class,0.0718740380676421
RBF,Same class,0.10185130805587607
RBF,Different class,7.312958716486872e-18
RBF,Different class,0.06360251363053375
RBF,Same class,0.22723937175237938
RBF,Different class,0.0026034498296694498
RBF,Different class,0.20465933107670603
RBF,Different class,0.5516888604813134
RBF,Different class,0.0985613830961004
RBF,Different class,0.09596791466975879
RBF,Same class,0.1336455257508221
RBF,Same class,0.05898828013044456
RBF,Same class,0.15197339667475834
RBF,Same class,0.0020054427415763716
RBF,Same class,0.11435419066035865
RBF,Same class,0.15362921343601435
RBF,Different class,0.001869075755742831
RBF,Same class,0.33852559930915804
RBF,Same class,0.19693081322888056
RBF,Same class,0.09481914433343223
RBF,Different class,0.14640629906880417
RBF,Different class,0.10232236930107831
RBF,Different class,0.22283848510613682
RBF,Same class,0.07072483409930941
RBF,Different class,0.08098300314968505
RBF,Different class,0.0402712105227215
RBF,Same class,0.10145820339768528
RBF,Different class,0.06684035529120462
RBF,Same class,0.3327127425865905
RBF,Same class,0.03549251262971072
RBF,Different class,0.0005232193321463038
RBF,Different class,0.7309159215286972
RBF,Same class,0.11485984426252469
RBF,Same class,0.010106819954983654
RBF,Same class,0.43627528301523183
RBF,Same class,0.05191511681901686
RBF,Same class,0.0037623820264880287
RBF,Same class,0.5535751325068127
RBF,Different class,0.12009160301360162
RBF,Same class,0.10256772104624436
RBF,Same class,0.19289307768055414
RBF,Different class,0.43331578239363977
RBF,Same class,0.20095816086129298
RBF,Same class,0.0018280672414615192
RBF,Different class,0.1995048406237504
RBF,Different class,0.4298074307693048
RBF,Different class,0.01461327924351035
RBF,Different class,0.014849669355956018
RBF,Same class,0.24370621288441766
RBF,Different class,5.8988219682042936e-06
RBF,Different class,0.016019985797604146
RBF,Same class,0.033162536656795916
RBF,Different class,0.0001701372060799852
RBF,Different class,0.05710217546921995
RBF,Different class,0.42783497239417484
RBF,Same class,0.3871350233052121
RBF,Different class,0.005621652500488619
RBF,Same class,0.0004498955540295773
RBF,Same class,0.08233594136646262
RBF,Different class,0.35768597387319817
RBF,Different class,0.06971108399943475
RBF,Same class,0.30334382652570063
RBF,Different class,0.0627344345750461
RBF,Same class,0.6827735238246893
RBF,Same class,0.015548526300833533
RBF,Different class,0.057778366611364436
RBF,Same class,0.08554719409938553
RBF,Same class,0.3479404500485603
RBF,Different class,0.26987598856499095
RBF,Same class,0.05188544702045534
RBF,Different class,0.02953906685808513
RBF,Same class,0.0766348219442458
RBF,Same class,0.04351991526104552
RBF,Same class,0.02951530160243155
RBF,Same class,0.8322696053156733
RBF,Different class,0.15171457964643473
RBF,Different class,0.21105869133777333
RBF,Different class,0.14144391169951293
RBF,Different class,0.15321873438520775
RBF,Different class,0.009973213040273229
RBF,Same class,0.009776368583071965
RBF,Same class,0.1405094072257466
RBF,Same class,0.0019710002657682417
RBF,Different class,0.07897063953317439
RBF,Different class,0.23229567253222946
RBF,Different class,0.1645611823948114
RBF,Same class,0.015218623867173344
RBF,Same class,0.3083833694242199
RBF,Different class,0.02202131771999254
RBF,Same class,0.04727471809077353
RBF,Same class,0.036014213056604946
RBF,Same class,0.07097324124787203
RBF,Different class,0.15176138473362832
RBF,Different class,0.35592326414010417
RBF,Same class,0.10494761245514754
RBF,Same class,0.003220303977749754
RBF,Different class,0.31092458084236424
RBF,Different class,0.05067883633171629
RBF,Same class,0.15094316927120327
RBF,Different class,0.2145257671370543
RBF,Same class,0.018134838059890735
RBF,Different class,0.08091377328117029
RBF,Different class,0.022412509326532798
RBF,Different class,0.0009013170275430828
RBF,Same class,0.17620722557531776
RBF,Different class,0.22843388421945804
RBF,Different class,0.04736941487753005
RBF,Different class,0.45171440781177347
RBF,Same class,0.04230747934932116
RBF,Same class,0.4743705959250951
RBF,Different class,0.08897334433038266
RBF,Different class,0.19769179720204116
RBF,Different class,8.610605627609312e-06
RBF,Same class,0.08275182693112383
RBF,Different class,4.422164421707857e-28
RBF,Same class,0.5750034743639258
RBF,Same class,0.06461085390914402
RBF,Same class,0.06123402050893092
RBF,Different class,0.022035776750300322
RBF,Same class,0.18410395389634
RBF,Same class,6.6646348456287e-05
RBF,Different class,0.06015622393248389
RBF,Same class,0.43710811745631295
RBF,Different class,0.9494553408537081
RBF,Same class,0.22299444978769492
RBF,Different class,0.5616573259376425
RBF,Different class,0.1511437270671187
RBF,Same class,0.028115597886201518
RBF,Different class,0.13792432320539383
RBF,Same class,0.07182690077985407
RBF,Same class,0.1836425015102923
RBF,Different class,0.009648511565178857
RBF,Different class,0.29164796452354913
RBF,Different class,0.8126559161968872
RBF,Different class,0.10981830179392078
RBF,Same class,0.3560361372655131
RBF,Same class,0.000713901962459822
RBF,Same class,0.3349674624168348
RBF,Different class,0.5410007325990929
RBF,Same class,2.0673371884750737e-11
RBF,Same class,0.041115309663719374
RBF,Same class,0.5760135285294933
RBF,Same class,2.0692020389709093e-25
RBF,Different class,0.5063775071643085
RBF,Same class,0.004732250104032174
RBF,Same class,0.49849357354018864
RBF,Different class,0.1651304519468517
RBF,Same class,0.18194191392657436
RBF,Same class,0.020104349877201885
RBF,Different class,0.05882408782147286
RBF,Same class,0.4041732404801557
RBF,Different class,0.3820267903857177
RBF,Different class,0.5868845675590775
RBF,Same class,0.04100751450161548
RBF,Same class,0.4582990982934592
RBF,Different class,0.36527081608946615
RBF,Same class,0.025391741737522677
RBF,Same class,0.41724692662543034
RBF,Same class,0.05755706852463873
RBF,Different class,0.15146421696026863
RBF,Same class,0.03410076379970235
RBF,Same class,0.000535354884809256
RBF,Same class,0.13222419373428834
RBF,Different class,0.14345938599367947
RBF,Different class,0.04007044472910149
RBF,Different class,0.07215699591187696
RBF,Different class,0.15873735786694043
RBF,Same class,0.07629674149187082
RBF,Same class,0.26333281422783994
RBF,Same class,0.016678644752229427
RBF,Different class,0.10576509547741002
RBF,Same class,0.13881138561168616
RBF,Different class,0.08248241294266437
RBF,Different class,0.014989568059990516
RBF,Same class,0.017215337473704205
RBF,Same class,9.13207792939822e-09
RBF,Same class,0.7962505092332175
RBF,Same class,0.006095200118379176
RBF,Different class,0.022892159740529446
RBF,Different class,0.16915632406942463
RBF,Different class,0.24497422018325724
RBF,Different class,0.10410528903703903
RBF,Different class,0.08229692782897026
RBF,Different class,0.14275164434619098
RBF,Same class,0.018591476931054913
RBF,Different class,0.009096087632873241
RBF,Different class,0.04471820458654706
RBF,Different class,0.009362680558822218
RBF,Different class,0.1688531812611069
RBF,Different class,0.40584993044285433
RBF,Different class,0.14321540527843724
RBF,Different class,0.061649380145919884
RBF,Same class,0.09767005910634109
RBF,Same class,0.293060521199512
RBF,Same class,0.3947683948689994
RBF,Different class,0.06532867035716655
RBF,Different class,0.6627458194086335
RBF,Different class,0.000278800222554385
RBF,Same class,4.778969595352391e-05
RBF,Same class,0.7380308317101639
RBF,Different class,0.3374756825790607
RBF,Different class,0.08397593412310743
RBF,Same class,0.09115439617687872
RBF,Different class,0.0021655198558966494
RBF,Different class,0.09046505647771916
RBF,Different class,0.3043125769604194
RBF,Different class,0.002341155482511729
RBF,Same class,0.047100927412679766
RBF,Different class,0.22994779057183
RBF,Different class,0.0025468953399976732
RBF,Same class,0.6123545156939276
RBF,Different class,0.037143311847864305
RBF,Same class,0.314622602423083
RBF,Same class,0.021230846724236883
RBF,Same class,0.8295785271261705
RBF,Same class,0.5518810776811198
RBF,Different class,0.012133117186873038
RBF,Same class,0.09780894055773659
RBF,Different class,0.8664813070517522
RBF,Different class,6.889978703045474e-06
RBF,Same class,0.1668531981171742
RBF,Different class,0.7017763465155915
RBF,Same class,0.774209280681868
RBF,Different class,0.0046625534034735175
RBF,Same class,0.12940121254967268
RBF,Different class,0.16260236032107822
RBF,Same class,0.36699696449028163
RBF,Same class,0.09436002402507651
RBF,Same class,0.1099284078209603
RBF,Same class,0.04095448339740899
RBF,Same class,0.09049948745845095
RBF,Same class,0.5161974574261187
RBF,Same class,0.08922629137589694
RBF,Same class,1.692718953773033e-06
RBF,Same class,0.0019903821449185817
RBF,Same class,0.2954494604785175
RBF,Different class,0.46193889047264003
RBF,Same class,0.12075270826918462
RBF,Same class,0.5037988071205131
RBF,Same class,0.0005702864851274791
RBF,Same class,0.2852020666337855
RBF,Same class,0.29955692760476
RBF,Different class,1.9873941844932867e-11
RBF,Different class,0.24763358100080082
RBF,Same class,0.028704284689090177
RBF,Different class,0.10888594490244498
RBF,Same class,0.1271516443084603
RBF,Same class,0.24357385383453206
RBF,Same class,0.10017855587864814
RBF,Different class,0.017072269629704026
RBF,Same class,0.015088667210743386
RBF,Same class,0.04646030822921892
RBF,Same class,0.19128378043346578
RBF,Different class,0.03316831921402129
RBF,Different class,0.12522877904447702
RBF,Different class,0.0010292671427161396
RBF,Same class,0.36008725424537746
RBF,Same class,0.34598456001402733
RBF,Same class,0.21142962622058545
RBF,Same class,0.022284084108363394
RBF,Different class,3.6657263352622395e-05
RBF,Same class,0.004782682922181173
RBF,Different class,0.2996048929206194
RBF,Same class,0.2734471156038955
RBF,Same class,0.03954943293315773
RBF,Different class,0.8213429633860655
RBF,Different class,0.4691091474969774
RBF,Same class,0.37155805227300526
RBF,Different class,0.0849006326586524
RBF,Same class,0.28317961381916135
RBF,Different class,0.11273838644588419
RBF,Same class,0.2890116842215818
RBF,Same class,0.000771642158036059
RBF,Same class,0.23667270379090571
RBF,Different class,0.017983841323812838
RBF,Same class,0.24375708381256667
RBF,Same class,0.015521945700885565
RBF,Same class,0.6901386977627632
RBF,Different class,0.4850739611328893
RBF,Same class,0.6188886617231395
RBF,Same class,0.07624299497228221
RBF,Different class,0.7906085434143589
RBF,Same class,0.0006656239890102261
RBF,Different class,0.20291723736080805
RBF,Same class,0.033945645687103454
RBF,Different class,0.39563132646821264
RBF,Different class,0.3070353695073781
RBF,Same class,0.008736596126690779
RBF,Different class,0.08553320988054358
RBF,Different class,0.0014872009931376196
RBF,Same class,0.21658221617768295
RBF,Same class,0.058062635360539766
RBF,Same class,0.00710647258144078
RBF,Different class,0.006006108848940469
RBF,Same class,0.07252643330522068
RBF,Different class,0.6094859442096562
RBF,Same class,0.25765194939509
RBF,Same class,0.045706876094640136
RBF,Same class,0.7667800633066383
RBF,Same class,0.19562505407320763
RBF,Same class,0.5703699869331731
RBF,Same class,0.06013123446958475
RBF,Different class,0.21103310277493012
RBF,Same class,0.11197400724406333
RBF,Different class,0.030060206956677528
RBF,Same class,0.31578419260456314
RBF,Same class,0.082233765722894
RBF,Same class,0.4154859285964184
RBF,Different class,0.37590587881921667
RBF,Different class,0.014973745981053721
RBF,Different class,0.9431663848221427
RBF,Different class,0.6552105000343902
RBF,Different class,0.0055392667583974734
RBF,Same class,0.04346089982386299
RBF,Different class,0.018711942025992172
RBF,Same class,0.0615421418177167
RBF,Different class,0.12789944501270484
RBF,Different class,0.04706093918471396
RBF,Same class,0.1982521338231264
RBF,Different class,0.04698687400035791
RBF,Different class,0.017162934505510204
RBF,Different class,0.062025192542098796
RBF,Different class,0.0001464783113666861
RBF,Different class,0.004050178833662095
RBF,Same class,0.13820088220225246
RBF,Different class,0.04406068763611251
RBF,Different class,0.5232641471462323
RBF,Same class,0.06227044613117552
RBF,Same class,0.010560364097561977
RBF,Different class,0.21750827100957928
RBF,Same class,0.18594508120849199
RBF,Same class,0.051265206023452005
RBF,Same class,7.871764101125483e-08
RBF,Different class,0.7730565978408805
RBF,Different class,0.5270739632102212
RBF,Same class,0.006633808538479349
RBF,Same class,0.004570748361787399
RBF,Different class,0.5630930465910321
RBF,Same class,0.264366925264561
RBF,Different class,0.05999884714982371
RBF,Same class,0.13506322513118732
RBF,Different class,0.019877662637832708
RBF,Different class,0.1319046556444731
RBF,Same class,0.003739101252246775
RBF,Same class,0.103098381378294
RBF,Same class,0.5301663786041968
RBF,Same class,0.18641900488289734
RBF,Different class,0.6742775923751192
RBF,Different class,0.19843615195522213
RBF,Different class,0.055543979242488904
RBF,Same class,0.15451876456489835
RBF,Different class,0.12576946866068037
RBF,Same class,0.4251351966536572
RBF,Different class,0.0008548704367588515
RBF,Same class,0.023210878382944854
RBF,Different class,0.04004768096347085
RBF,Same class,0.01744524338059788
RBF,Different class,0.20198059671253935
RBF,Different class,0.005288242608667319
RBF,Same class,0.12306828427834084
RBF,Same class,0.08083464727875704
RBF,Different class,0.09908663002948521
RBF,Different class,6.730963629649406e-12
RBF,Same class,0.37476750524802416
RBF,Same class,0.00012791386980835512
RBF,Different class,0.7216323739719213
RBF,Same class,0.059494276140804145
RBF,Different class,0.25044610150088187
RBF,Different class,0.013023602262120034
RBF,Different class,0.08232706178359034
RBF,Different class,0.018694161538960537
RBF,Same class,0.035259097395251834
RBF,Different class,0.5184488833116528
RBF,Different class,0.7447996595403351
RBF,Same class,0.13777808671284794
RBF,Same class,0.12448795164328888
RBF,Different class,4.4899878408758585e-12
RBF,Different class,0.7950897626968686
RBF,Different class,0.6101838268643701
RBF,Different class,0.3668458361496821
RBF,Same class,0.22717592155930963
RBF,Different class,0.35477598911674085
RBF,Different class,0.43586385542170236
RBF,Same class,0.05615784878685961
RBF,Same class,0.4604282505343526
RBF,Different class,2.4144963533370285e-12
RBF,Same class,0.3965287380670022
RBF,Different class,2.586209107998789e-06
RBF,Same class,0.013875931760986716
RBF,Different class,0.24871009550162113
RBF,Different class,0.008237311354274817
RBF,Different class,0.022126286788114014
RBF,Different class,0.014106731136759304
RBF,Different class,0.2102175435781452
RBF,Same class,0.14703674226514796
RBF,Different class,0.03605835812999253
RBF,Different class,0.18502966313224284
RBF,Different class,0.028339195709891178
RBF,Different class,0.0025721352782348255
RBF,Same class,0.04222247030542549
RBF,Different class,0.046816147755316964
RBF,Same class,0.0005120895364542122
RBF,Different class,0.0037105392200960483
RBF,Different class,0.6610188970844483
RBF,Same class,0.0029280643833127775
RBF,Same class,0.41551201185926173
RBF,Different class,0.19084720507299613
RBF,Different class,0.08309939337183836
RBF,Different class,0.016093146045405144
RBF,Different class,0.5321262270463488
RBF,Different class,0.16123670459128325
RBF,Different class,0.6835465258655187
RBF,Same class,0.3968726082823967
RBF,Same class,0.46075781802916765
RBF,Same class,0.008031128159878647
RBF,Same class,0.1362179644554839
RBF,Same class,0.5524685000413196
RBF,Different class,0.21255615088286453
RBF,Same class,0.47510005168211933
RBF,Same class,0.010394032734367155
RBF,Same class,0.028013532465695323
RBF,Same class,0.02524567732036134
RBF,Same class,0.0021771811548387853
RBF,Same class,0.00018736012630715394
RBF,Same class,0.013333965320209609
RBF,Same class,0.3359571897198177
RBF,Same class,0.11368555358346372
RBF,Same class,0.009827221612927045
RBF,Different class,0.23689678251189086
RBF,Different class,0.002456318680892901
RBF,Different class,0.00043852396640076764
RBF,Different class,0.152432585877705
RBF,Different class,0.06279180721123703
RBF,Same class,0.20781947273626727
RBF,Different class,0.01280855455731772
RBF,Different class,0.8194895341615029
RBF,Different class,0.22736254539468836
RBF,Same class,0.06623364493561261
RBF,Same class,0.3635077379199095
RBF,Different class,0.12064097353568892
RBF,Same class,0.41203278204248833
RBF,Different class,0.26211655451213484
RBF,Same class,0.07292344205082196
RBF,Different class,0.17853317396471968
RBF,Different class,0.22450306504258116
RBF,Different class,0.26029036116625504
RBF,Same class,1.5379246168448483e-05
RBF,Different class,0.06745514277246832
RBF,Same class,0.3955821705673045
RBF,Same class,0.000907907800934972
RBF,Same class,0.08055379668312182
RBF,Different class,0.25292629447258336
RBF,Different class,0.07581626112697835
RBF,Different class,0.00975982453009624
RBF,Different class,0.006327338582304321
RBF,Same class,0.006721355132216568
RBF,Different class,2.3355491189920412e-11
RBF,Same class,0.14026200235692077
RBF,Same class,0.2873183083805845
RBF,Same class,0.13231877924372804
RBF,Different class,0.5275068271021277
RBF,Different class,0.4022676155009142
RBF,Same class,0.5887228440943684
RBF,Same class,0.15832917932896057
RBF,Same class,0.08170407196882841
RBF,Same class,0.010016798195093829
RBF,Different class,0.03912102618768208
RBF,Same class,0.08005253367277126
RBF,Different class,0.5051448960028783
RBF,Same class,0.018664461922003925
RBF,Different class,0.02366653453169326
RBF,Same class,0.017932635535825317
RBF,Same class,0.2738046382541067
RBF,Different class,0.22770757830067012
RBF,Same class,0.2599120881898561
RBF,Same class,0.004449316211394128
RBF,Different class,0.0469427821507808
RBF,Same class,0.5925646721753461
RBF,Same class,0.641356244208028
RBF,Different class,0.33569795549903
RBF,Different class,0.02727020790258678
RBF,Different class,0.0019927155200921494
RBF,Different class,0.25192736338025074
RBF,Different class,0.14976249793309926
RBF,Different class,0.8146958088814622
RBF,Different class,0.011127176793694866
RBF,Different class,0.2100123187973053
RBF,Same class,0.7392290262439972
RBF,Same class,0.21768973364286884
RBF,Same class,0.11318367420475525
RBF,Different class,1.410375877377763e-13
RBF,Different class,0.30693574780457067
RBF,Different class,0.2926258758279299
RBF,Different class,0.11897091178463554
RBF,Same class,0.004018663625325252
RBF,Same class,0.5086305494915813
RBF,Different class,0.1264050687329038
RBF,Same class,0.18516400678452896
RBF,Different class,0.005978507628916327
RBF,Same class,0.021225480104555203
RBF,Same class,0.2529371611660485
RBF,Different class,0.04370009337632809
RBF,Same class,0.3444565474648476
RBF,Different class,0.45328881006048033
RBF,Same class,0.3617163055774242
RBF,Same class,0.025428369808746062
RBF,Same class,0.38678450999353364
RBF,Different class,0.209142749300037
RBF,Different class,0.7188164881472832
RBF,Different class,0.015207900739059397
RBF,Same class,6.284940229710858e-12
RBF,Same class,0.31316700122698315
RBF,Same class,0.5950570065370052
RBF,Different class,0.6859479481136836
RBF,Different class,0.22751861827120265
RBF,Different class,0.12332851234098156
RBF,Different class,0.01216540260492859
RBF,Different class,0.3075690279627186
RBF,Same class,0.060976796115350174
RBF,Same class,0.49976108151717885
RBF,Different class,0.1741941046172592
RBF,Different class,0.062166934255456545
RBF,Different class,0.021289575070349297
RBF,Same class,0.020121630139733036
RBF,Different class,0.5416886812675324
RBF,Same class,0.6998504828872825
RBF,Different class,0.0027337973462709846
RBF,Same class,0.12486792009120469
RBF,Same class,3.0714011981339424e-26
RBF,Same class,0.09566438824358152
RBF,Same class,0.670630230754165
RBF,Different class,0.5090515501687474
RBF,Same class,0.21801750557732655
RBF,Same class,0.13919631589375492
RBF,Different class,0.8527297641743744
RBF,Different class,0.47831575697491807
RBF,Same class,0.08373011308670159
RBF,Same class,0.005769880239076866
RBF,Same class,0.5091525757286264
RBF,Different class,0.07342660485036855
RBF,Same class,0.22866275353600768
RBF,Same class,0.1463079654139489
RBF,Different class,0.1603229809757253
RBF,Different class,0.013388865765668974
RBF,Same class,0.5546217191260376
RBF,Different class,0.01582482149151715
RBF,Different class,0.12990136512645564
RBF,Same class,0.16232244340911833
RBF,Same class,0.03205359800642547
RBF,Different class,0.5368641131233926
RBF,Different class,0.018090992802738178
RBF,Different class,0.11435469047736994
RBF,Same class,0.48621312313972526
RBF,Different class,0.3276415158879209
RBF,Different class,0.0091320303765123
RBF,Different class,0.037311981558441676
RBF,Different class,0.004374599178855641
RBF,Different class,0.0014220445949781422
RBF,Same class,0.18174748667145024
RBF,Same class,0.21613654972993718
RBF,Same class,0.436818863857892
RBF,Different class,0.0015275583730412897
RBF,Same class,0.0007989213021041141
RBF,Same class,0.306191856961719
RBF,Same class,0.7130188201219444
RBF,Same class,0.040248227093232385
RBF,Different class,0.008265292524032183
RBF,Same class,0.02655292508199406
RBF,Different class,0.5771239737461583
RBF,Different class,0.5534710457517364
RBF,Different class,0.05339855195617402
RBF,Same class,0.07102054583771167
RBF,Same class,0.1930961245132392
RBF,Same class,0.00749154010702384
RBF,Different class,0.32719169384176383
RBF,Different class,0.2838665032192255
RBF,Different class,0.06286221324636551
RBF,Same class,0.22971682341188113
RBF,Different class,0.0002119213013016373
RBF,Different class,0.010978244613673818
RBF,Same class,0.7875963505745098
RBF,Same class,0.4905681671826799
RBF,Different class,0.2297539857491758
RBF,Different class,0.16892504482843457
RBF,Same class,0.015960517560330737
RBF,Different class,0.053542247644092496
RBF,Different class,0.25199953906442696
RBF,Same class,0.014585304241923041
RBF,Same class,1.4554934007688438e-05
RBF,Same class,0.06404615521068624
RBF,Same class,0.8316820094547942
RBF,Different class,0.030450695854553997
RBF,Same class,0.46152222770575724
RBF,Same class,0.06151991561609142
RBF,Different class,0.02258718873455489
RBF,Same class,0.9004248359707259
RBF,Same class,0.005977280432196331
RBF,Same class,0.14152778331447607
RBF,Same class,0.006203468978111163
RBF,Different class,0.030744206696740297
RBF,Different class,0.05902996786463915
RBF,Different class,0.014792141489996252
RBF,Different class,0.00016760575622865696
RBF,Same class,2.850513290001107e-25
RBF,Different class,0.3994854255515533
RBF,Same class,0.6972764037772956
RBF,Different class,0.6669766511829965
RBF,Different class,0.0022811085823207563
RBF,Same class,0.01093030492784587
RBF,Same class,0.19108722971270642
RBF,Different class,0.6514478974531847
RBF,Different class,1.0016914179677229e-05
RBF,Same class,0.004307661108003656
RBF,Different class,8.207215692902796e-07
RBF,Different class,0.18817817655212546
RBF,Same class,0.004200542152984799
RBF,Different class,0.00018135705324156986
RBF,Different class,0.13169041486201946
RBF,Different class,0.12234827684895758
RBF,Different class,0.22937279383825657
RBF,Different class,0.0843906188142181
RBF,Same class,0.4484186812931757
RBF,Different class,0.8453694268891679
RBF,Same class,0.7482966339084318
RBF,Same class,0.005419236286432048
RBF,Different class,0.02083103090663381
RBF,Different class,0.14826041928832656
RBF,Different class,0.3029628074956699
RBF,Different class,0.0005819647767087299
RBF,Same class,0.008006417416350456
RBF,Different class,0.30191803192535244
RBF,Same class,0.015482347329606893
RBF,Different class,0.0556497154290796
RBF,Different class,0.12018921135961344
RBF,Same class,0.11342109723529221
RBF,Same class,0.0973602589931387
RBF,Same class,0.007624365688091614
RBF,Same class,0.017472397468765975
RBF,Different class,0.10260044330396556
RBF,Different class,0.007792235256431575
RBF,Different class,0.3774372747032113
RBF,Different class,0.3408066457441312
RBF,Same class,0.08933069790826072
RBF,Different class,0.20192823645395158
RBF,Different class,0.3369890925363862
RBF,Same class,0.46274249577048593
RBF,Different class,0.00034080791318835565
RBF,Same class,0.019253931552143815
RBF,Different class,0.24856156160853304
RBF,Different class,0.0010840148046953033
RBF,Same class,0.0381594808870375
RBF,Different class,0.35895998724407624
RBF,Same class,0.009504267428671938
RBF,Same class,2.83451709915953e-25
RBF,Same class,0.48532276940812435
RBF,Same class,0.07915177412284403
RBF,Same class,0.4107038615384416
RBF,Different class,0.26084340700488406
RBF,Different class,0.05794057184619733
RBF,Same class,0.002139236480044628
RBF,Different class,0.25263520030411896
RBF,Same class,0.05586068188771378
RBF,Different class,0.10748630944202059
RBF,Different class,0.035052519619432274
RBF,Different class,0.2864618199651067
RBF,Same class,0.34759585544832805
RBF,Different class,0.36405765142510416
RBF,Different class,0.44983496741188445
RBF,Same class,0.5603869979372127
RBF,Same class,0.02372634417695537
RBF,Different class,0.027947496165831753
RBF,Same class,0.20737910278867908
RBF,Same class,0.3470391501710247
RBF,Same class,0.00014875038778824906
RBF,Same class,0.0816978270158805
RBF,Different class,0.006680544287563391
RBF,Same class,0.0033153433303243092
RBF,Different class,0.5698326559033438
RBF,Different class,0.007079849988973307
RBF,Same class,0.22046001228262577
RBF,Same class,0.003982946094868468
RBF,Different class,0.0012163034118424388
RBF,Same class,0.036455566327134044
RBF,Different class,0.014761473711667219
RBF,Different class,0.12654659442025362
RBF,Same class,0.007615019545628442
RBF,Different class,0.03727003080569642
RBF,Same class,0.9104390840261151
RBF,Same class,0.0507234109495875
RBF,Same class,0.24562833982860344
RBF,Same class,0.2092954253429632
RBF,Different class,0.1966124060547278
RBF,Different class,0.3556354775156989
RBF,Different class,0.16235182178185736
RBF,Different class,0.2782537289156492
RBF,Different class,0.13592312609697002
RBF,Same class,0.22986229372089065
RBF,Different class,0.24220584540995546
RBF,Same class,0.38964241011232986
RBF,Different class,0.03407118723376088
RBF,Different class,0.17211350418994034
RBF,Same class,2.109917408139883e-11
RBF,Same class,0.03823473777747614
RBF,Different class,0.031757014329198814
RBF,Different class,0.0004094027552413294
RBF,Different class,0.0013407128791959842
RBF,Different class,0.09430271090218638
RBF,Different class,0.9126989980446548
RBF,Different class,0.6428844987256077
RBF,Different class,0.0004195050633324695
RBF,Same class,0.2262832339745484
RBF,Different class,0.2879283873485653
RBF,Different class,0.0025041562628116605
RBF,Different class,0.2548558198697631
RBF,Same class,0.29085409842634447
RBF,Same class,0.35321932934977257
RBF,Same class,0.16680412004208212
RBF,Different class,0.08327672153686416
RBF,Different class,0.2560952146998252
RBF,Different class,0.0005869052343801107
RBF,Different class,0.03533076084580484
RBF,Same class,3.307568844510715e-05
RBF,Different class,0.08094234990970381
RBF,Same class,0.12110474921209832
RBF,Different class,0.4217848031611764
RBF,Different class,1.0826172020976208e-05
RBF,Different class,0.0664993680753718
RBF,Same class,0.06850485583727907
RBF,Different class,0.012888588081928621
RBF,Different class,0.8139097481842705
RBF,Different class,0.11145363429798899
RBF,Different class,0.0026369843234925485
RBF,Different class,0.5206119327320433
RBF,Different class,0.02984255855306272
RBF,Different class,0.02587357725835335
RBF,Different class,0.5561518166776996
RBF,Same class,0.33338072532609203
RBF,Different class,0.46332345154533644
RBF,Same class,0.139818867927547
RBF,Same class,0.049157873346378146
RBF,Same class,4.4197398186902535e-05
RBF,Different class,0.39933958969388095
RBF,Same class,0.262971811516223
RBF,Different class,0.0029985133085161475
RBF,Different class,0.4591174538745965
RBF,Different class,0.7302440416653062
RBF,Same class,0.04987619253888067
RBF,Different class,0.008346382393553935
RBF,Same class,0.07375278460962228
RBF,Same class,0.4759569524054451
RBF,Different class,0.6398673180916151
RBF,Same class,0.6141094449711949
RBF,Different class,0.5459123706758632
RBF,Same class,0.17653542243990678
RBF,Same class,0.7297335607164047
RBF,Same class,0.005330916152095179
RBF,Different class,8.341952972305342e-26
RBF,Different class,0.10489338805550635
RBF,Different class,0.5401135027137276
RBF,Different class,0.49586798129827275
RBF,Same class,0.014809400260232721
RBF,Different class,0.45499385047561586
RBF,Different class,0.03793503586514472
RBF,Same class,0.036822974269754824
RBF,Different class,0.009122020536713224
RBF,Different class,0.7049420823123003
RBF,Same class,0.0775148042998094
RBF,Different class,0.011806887532787014
RBF,Different class,0.011605423232768522
RBF,Same class,0.017702605761443797
RBF,Different class,0.3753918381601682
RBF,Different class,0.01568385752713128
RBF,Same class,0.40116467546768425
RBF,Different class,0.4331141556870813
RBF,Different class,0.06107042049090273
RBF,Same class,0.11800716738487586
RBF,Same class,0.03194447461789729
RBF,Same class,0.0680080424709855
RBF,Different class,0.3327109012420854
RBF,Same class,0.6718397765681839
RBF,Same class,8.501771040007498e-06
RBF,Same class,0.06634467209573297
RBF,Same class,0.1782524252976199
RBF,Different class,0.13642042494195394
RBF,Same class,0.13667300154275455
RBF,Same class,0.021060000676640045
RBF,Same class,0.3132576300067409
RBF,Same class,0.45270109084576277
RBF,Same class,0.4168293937587268
RBF,Different class,0.13909503433724205
RBF,Same class,0.44730045194403256
RBF,Different class,0.4290343854550947
RBF,Different class,0.5665880603416691
RBF,Different class,0.20818551552234021
RBF,Different class,0.10908297010096935
RBF,Different class,0.5585720841857547
RBF,Different class,0.7542066043405267
RBF,Same class,0.14907103586161927
RBF,Different class,0.21921680933447305
RBF,Same class,0.4578920299904078
RBF,Same class,0.36146182265012894
RBF,Same class,0.8555715094463989
RBF,Same class,0.004989793773976798
RBF,Same class,0.0884201655743651
RBF,Different class,0.11862857360804506
RBF,Same class,0.003759987561026112
RBF,Different class,0.08741887334349667
RBF,Different class,0.10867180567886878
RBF,Same class,0.23929693811275507
RBF,Different class,0.2620304761475346
RBF,Same class,0.06624527454237449
RBF,Same class,0.21729797700483314
RBF,Different class,0.0008945808675724509
RBF,Different class,0.015040384609743706
RBF,Different class,0.02731666678874466
RBF,Different class,0.01215327864048822
RBF,Different class,0.07359774624114444
RBF,Same class,0.3578480587127788
RBF,Same class,0.8697286630537315
RBF,Different class,0.0327059551505495
RBF,Different class,0.12477010849148754
RBF,Different class,0.21224549442301682
RBF,Different class,0.19880604106565095
RBF,Different class,0.12759541953887588
RBF,Different class,0.07517462241954945
RBF,Different class,0.7593166835529594
RBF,Different class,0.020918908873487137
RBF,Same class,9.403754518969815e-05
RBF,Same class,0.6587101049809921
RBF,Same class,0.005412918965943872
RBF,Same class,0.4985467383978135
RBF,Same class,0.2195301908752045
RBF,Different class,0.006871809382535225
RBF,Different class,0.1771216415058147
RBF,Same class,0.1583679570506941
RBF,Same class,0.007407611282982362
RBF,Same class,0.22456417086499822
RBF,Different class,0.152381153046697
RBF,Same class,0.012039938842331947
RBF,Same class,0.5261720853926357
RBF,Same class,0.011704778518979836
RBF,Different class,0.0068423364623057415
RBF,Same class,0.05076574783742506
RBF,Same class,0.049766284684260205
RBF,Same class,0.09006312327515423
RBF,Different class,0.39585624255560187
RBF,Same class,0.28413778684791613
RBF,Different class,7.54636807363434e-05
RBF,Same class,0.013929378276355594
RBF,Same class,0.1955082806171169
RBF,Different class,0.3838524565838973
RBF,Same class,0.33051343927617144
RBF,Same class,0.3369048537663146
RBF,Different class,0.27397285801851357
RBF,Different class,0.0392047556946904
RBF,Same class,0.5373680866245403
RBF,Different class,0.30746486975863796
RBF,Same class,0.4571931953462527
RBF,Same class,0.09320467880981545
RBF,Different class,0.824349680463719
RBF,Same class,0.5377968350168151
RBF,Different class,0.3670699870950787
RBF,Same class,0.29701392014189176
RBF,Same class,0.1404200941429131
RBF,Same class,0.003725161949280105
RBF,Different class,0.033432857252750484
RBF,Different class,0.005501399661670741
RBF,Different class,0.005551030030506788
RBF,Different class,0.28480021506285325
RBF,Same class,0.18312327167204448
RBF,Same class,0.0981370271766644
RBF,Different class,0.014503643265630856
RBF,Different class,0.10796532111429208
RBF,Same class,0.0588759370483224
RBF,Same class,0.161376425319667
RBF,Same class,0.1547977067064638
RBF,Different class,0.1776412262511695
RBF,Different class,0.0026640720786404036
RBF,Different class,0.25297021935943587
RBF,Same class,0.12899427228731375
RBF,Same class,0.010787800228638617
RBF,Same class,0.20938531210541675
RBF,Different class,0.20488711433471268
RBF,Same class,0.00030701104158421827
RBF,Different class,0.0023400681880891105
RBF,Same class,0.8709599794034942
RBF,Same class,0.22447845168953923
RBF,Different class,0.20108420766176377
RBF,Same class,0.05948234062736741
RBF,Different class,0.025046452337984138
RBF,Same class,0.04682924538347679
RBF,Different class,0.9271123370345018
RBF,Same class,0.2252738468191629
RBF,Different class,0.019829488653441484
RBF,Different class,0.020513504586267193
RBF,Same class,0.46275999244172805
RBF,Same class,0.9015538103665002
RBF,Different class,0.2160335033317757
RBF,Different class,0.312043271786742
RBF,Same class,0.2325210470936717
RBF,Different class,0.12390107589840588
RBF,Same class,0.16719845134117164
RBF,Different class,0.0024932538678280707
RBF,Same class,0.1605359636936192
RBF,Different class,0.28546998428551734
RBF,Same class,0.8386272047615194
RBF,Different class,0.010095402797816878
RBF,Same class,0.6448359442977808
RBF,Different class,0.06401175264435366
RBF,Same class,0.038264645699879044
RBF,Different class,0.007980093848575264
RBF,Different class,0.22614322686416277
RBF,Different class,0.05774102712067069
RBF,Different class,0.3256395070840785
RBF,Different class,0.17789464414250458
RBF,Different class,0.3240656211083963
RBF,Same class,0.41118419017473506
RBF,Different class,0.00825644402453117
RBF,Same class,0.27594540484763735
RBF,Different class,0.045339335626918616
RBF,Different class,0.10230994018771555
RBF,Same class,0.381797689278242
RBF,Different class,5.6431646918858945e-05
RBF,Same class,0.3171182299166456
RBF,Same class,0.6220603728548497
RBF,Different class,7.823490955017752e-06
RBF,Different class,0.3645492681934409
RBF,Same class,0.13231047781978558
RBF,Different class,0.35456611137098687
RBF,Different class,0.013337527600841172
RBF,Different class,0.018011875195619656
RBF,Same class,0.14281717611684636
RBF,Different class,0.012044563125501282
RBF,Same class,0.48914347078231435
RBF,Same class,0.011429395246854039
RBF,Different class,0.047355620702864136
RBF,Same class,0.501275382892297
RBF,Same class,0.030306127745406235
RBF,Different class,0.057372471073084956
RBF,Different class,0.3496383766218468
RBF,Same class,3.834087611759907e-06
RBF,Different class,0.17431116383334347
RBF,Same class,0.2510172878799848
RBF,Same class,0.08851710012841374
RBF,Same class,0.03690909597520452
RBF,Different class,0.024442812658235905
RBF,Different class,0.5318824449745142
RBF,Same class,0.013692073052110693
RBF,Different class,0.04484323898727926
RBF,Different class,4.176529336641234e-05
RBF,Same class,0.0062247465977120645
RBF,Same class,0.3950349280664073
RBF,Different class,0.20385109653497582
RBF,Same class,0.3514063911126644
RBF,Different class,0.002167618197070326
RBF,Different class,0.008226096610556117
RBF,Same class,0.27046305724736847
RBF,Different class,0.8728889685944149
RBF,Different class,0.0020744191216014235
RBF,Different class,0.10165071587943596
RBF,Same class,0.15687484099286678
RBF,Different class,0.2535884176623315
RBF,Same class,0.8440857645946415
RBF,Different class,0.08565600079057786
RBF,Same class,0.01798187314533041
RBF,Same class,0.04337643787859974
RBF,Different class,0.1824817298073659
RBF,Same class,0.7867766134637849
RBF,Same class,0.22785565718305398
RBF,Same class,0.8583005136344228
RBF,Same class,0.6923334697526738
RBF,Same class,0.18411704767731774
RBF,Different class,0.010698383166584067
RBF,Different class,0.35194787792574506
RBF,Different class,0.07313169231287314
RBF,Same class,0.5021429533045172
RBF,Same class,0.3222033450162124
RBF,Different class,0.034720270790689435
RBF,Same class,0.2818966318618419
RBF,Different class,0.5533838917558609
RBF,Same class,2.487659172783638e-05
RBF,Same class,0.37889005707269974
RBF,Same class,0.8133240577580554
RBF,Different class,0.14768836800432825
RBF,Same class,0.2732684933493339
RBF,Same class,0.42285755313641515
RBF,Same class,0.4935794748233521
RBF,Same class,0.18307516909732108
RBF,Different class,0.2789504977843672
RBF,Same class,0.7285361548157894
RBF,Different class,0.4110731952156582
RBF,Different class,0.0767180247364601
RBF,Same class,0.005492826576268384
RBF,Same class,0.010292514762060681
RBF,Different class,0.00032279069050829534
RBF,Same class,0.0006722978193783299
RBF,Same class,0.18416519501290848
RBF,Different class,0.09028412924703205
RBF,Different class,0.17807726669917553
RBF,Same class,0.3251727831095206
RBF,Different class,0.4216233133061275
RBF,Same class,0.11378511631746105
RBF,Same class,0.10534485832924395
RBF,Different class,0.10242859070673317
RBF,Different class,0.010499864746318942
RBF,Same class,0.34421070927657277
RBF,Different class,0.0748425395734017
RBF,Same class,0.23748361456477532
RBF,Different class,0.09441381975536559
RBF,Different class,0.3644462533526548
RBF,Different class,0.008928532988169284
RBF,Same class,0.13129135166041536
RBF,Same class,0.08172932838281127
RBF,Different class,1.3850261654371985e-05
RBF,Same class,0.0962405564472775
RBF,Different class,0.1455334944100876
RBF,Same class,0.6533805548567965
RBF,Different class,0.3772565912120461
RBF,Different class,0.19816411355987976
RBF,Same class,0.0827343973172847
RBF,Different class,0.06484276240310224
RBF,Same class,0.20171275999264557
RBF,Different class,0.5732957767722321
RBF,Different class,0.24655998066421916
RBF,Different class,0.18634329449472295
RBF,Different class,0.13263953861301883
RBF,Same class,0.08247701677385992
RBF,Same class,0.4930664235070904
RBF,Different class,0.2629516389426576
RBF,Same class,0.07343388211130847
RBF,Different class,0.01614498822498088
RBF,Same class,0.8146890403013697
RBF,Same class,0.12860286356389575
RBF,Same class,0.017451558314924336
RBF,Same class,0.05504388805990996
RBF,Different class,0.2473399479246533
RBF,Different class,0.16205669804998554
RBF,Same class,0.07844876370087867
RBF,Same class,0.6216496329467678
RBF,Same class,0.6760096402330985
RBF,Same class,0.47336086675745653
RBF,Same class,0.014807979801370974
RBF,Same class,0.28578205502465687
RBF,Same class,0.04378723631831473
RBF,Same class,0.39610520313050396
RBF,Same class,0.3788800190374811
RBF,Different class,0.08123846622940621
RBF,Same class,0.22499016111014683
RBF,Different class,0.2577139197772829
RBF,Same class,1.0971730802432711e-05
RBF,Different class,0.0017257307082398305
RBF,Different class,0.12732799347323046
RBF,Same class,0.0014065525990071032
RBF,Same class,0.18465271187736249
RBF,Different class,0.25900155202310227
RBF,Same class,0.0019342715371925326
RBF,Different class,0.33972214755100844
RBF,Different class,0.13843181288720469
RBF,Same class,0.06786599021961902
RBF,Same class,0.7870297849381707
RBF,Same class,0.05000013297697787
RBF,Same class,0.18823330907254765
RBF,Same class,0.23855540719648657
RBF,Different class,0.11409223524170023
RBF,Different class,0.22207841343435472
RBF,Same class,0.06269511752429005
RBF,Different class,0.5425909051114086
RBF,Different class,0.049930255191413545
RBF,Same class,0.0867397027995041
RBF,Different class,0.032362628412726
RBF,Same class,0.008099896529648282
RBF,Same class,0.02265840589017419
RBF,Different class,0.08188076865680632
RBF,Different class,0.024593360541728813
RBF,Same class,0.18905936148699085
RBF,Same class,0.5962809458165588
RBF,Same class,0.15372137648553924
RBF,Different class,0.0005510246652692807
RBF,Different class,0.2627303312190698
RBF,Same class,0.07678253764685491
RBF,Different class,0.19897419135114985
RBF,Different class,0.6891315954746186
RBF,Same class,0.3650520736763257
RBF,Different class,0.00036331557109205945
RBF,Same class,0.5405602809708147
RBF,Same class,0.0017221795256193767
RBF,Different class,0.017509833771099343
RBF,Different class,0.5873901598265298
RBF,Different class,0.39236334128898614
RBF,Same class,0.2222067042376372
RBF,Same class,0.19385201474665145
RBF,Different class,0.27536393523383923
RBF,Same class,0.38389171151031615
RBF,Different class,0.0001761189203227604
RBF,Different class,0.7194756801778793
RBF,Different class,0.024556901136437242
RBF,Different class,0.015364269778018795
RBF,Different class,0.000899722661749129
RBF,Same class,0.3840365166929805
RBF,Different class,0.1000620528005129
RBF,Different class,0.09647377516339464
RBF,Different class,0.503099846999397
RBF,Same class,0.1117686054220924
RBF,Different class,0.007861615448091126
RBF,Same class,0.08473835474732634
RBF,Same class,0.341418302552099
RBF,Same class,0.009523416691439211
RBF,Different class,0.5161673571825761
RBF,Same class,0.28701388434053027
RBF,Same class,0.8146451035925946
RBF,Different class,0.010054405647592852
RBF,Different class,0.029072235036132373
RBF,Same class,0.13052081779570912
RBF,Same class,0.6499624853023697
RBF,Same class,0.023923115296553825
RBF,Same class,0.08492164546271506
RBF,Different class,0.07128582318632923
RBF,Different class,0.026013298075731914
RBF,Same class,0.2728042362937048
RBF,Different class,0.8648866294291512
RBF,Different class,0.05165046567154882
RBF,Different class,0.00560388406914632
RBF,Different class,0.14252254865608327
RBF,Different class,2.0010674787827182e-13
RBF,Different class,0.002362876263882448
RBF,Same class,0.36928451610859725
RBF,Same class,0.4990346136992003
RBF,Same class,0.02327003874743142
RBF,Same class,0.014052068319180041
RBF,Same class,0.301017674631165
RBF,Different class,0.2165099123521823
RBF,Same class,0.2747864808189835
RBF,Same class,0.18868093303249994
RBF,Same class,0.005034327002947317
RBF,Same class,0.4153868561483082
RBF,Same class,0.1944155323776424
RBF,Different class,1.6218850797735475e-16
RBF,Same class,0.5214518983156571
RBF,Different class,0.05446813922493758
RBF,Different class,0.5386878757216649
RBF,Same class,0.00404586575855487
RBF,Same class,0.1304767151645274
RBF,Same class,0.1840604143794996
RBF,Different class,0.2696642848215098
RBF,Different class,0.193756243137453
RBF,Different class,0.3839341726533632
RBF,Same class,0.08000676755772747
RBF,Same class,0.02726191628958468
RBF,Same class,0.20195237060828897
RBF,Same class,0.106649395617583
RBF,Different class,0.1542558169126242
RBF,Same class,0.023938040074667107
RBF,Different class,0.4888675548388995
RBF,Different class,0.1608786029271675
RBF,Different class,0.728184294813221
RBF,Different class,0.03772107823934957
RBF,Same class,0.30077729493360245
RBF,Different class,0.08342065400735603
RBF,Different class,0.39265397915388156
RBF,Same class,0.09634981464346172
RBF,Different class,0.06986230105046842
RBF,Same class,0.032601847898859976
RBF,Same class,0.018461037162341043
RBF,Different class,0.11843670696995061
RBF,Same class,0.13256635639828876
RBF,Same class,0.34170304170178295
RBF,Different class,0.0015236217724119247
RBF,Same class,0.8692887445869597
RBF,Same class,0.12218968701873056
RBF,Different class,0.2905441377028443
RBF,Same class,0.13482112401992308
RBF,Same class,0.003945789695225876
RBF,Different class,0.024370919816738234
RBF,Same class,0.19915779711996046
RBF,Different class,0.6140939658769203
RBF,Same class,0.03632540251469056
RBF,Different class,0.06263726644484457
RBF,Different class,0.02635606430688181
RBF,Different class,0.1025981376984221
RBF,Different class,0.20935186895708155
RBF,Different class,0.3190511080281122
RBF,Same class,0.02635358308910812
RBF,Same class,0.2154372690763311
RBF,Different class,0.10654363786779779
RBF,Different class,0.016367545698277728
RBF,Same class,0.00015141059022875052
RBF,Same class,0.17995559122627897
RBF,Different class,4.316200671764975e-12
RBF,Different class,0.26365468780995194
RBF,Different class,0.18945052486764186
RBF,Different class,0.006688908088592405
RBF,Different class,1.4705064341599025e-07
RBF,Same class,0.09610117461658603
RBF,Same class,2.4900883852922727e-25
RBF,Same class,0.6287009599155343
RBF,Same class,0.07656971907063018
RBF,Different class,0.4114029532924787
RBF,Different class,0.012038605284762015
RBF,Same class,0.23989331602014854
RBF,Different class,0.35004435027924624
RBF,Different class,0.05471023376416619
RBF,Different class,0.021459591333122252
RBF,Same class,0.05209317794394684
RBF,Different class,0.21588613706490403
RBF,Different class,0.1893127858466424
RBF,Same class,0.5039219834531101
RBF,Different class,0.31382409635121716
RBF,Different class,0.16181115137465094
RBF,Same class,0.06822538797286118
RBF,Same class,0.02985689330837686
RBF,Different class,0.09312657950081445
RBF,Different class,0.013044818157589308
RBF,Same class,0.12601565751072819
RBF,Same class,0.11783030878036957
RBF,Same class,0.0068597206543870165
RBF,Different class,1.1777154878645984e-06
RBF,Different class,0.6741546199940393
RBF,Same class,0.06492528840822921
RBF,Same class,0.10238499740012359
RBF,Same class,6.570259973221141e-08
RBF,Same class,0.039549493464091326
RBF,Same class,0.007298198667322622
RBF,Different class,0.5607966397720953
RBF,Same class,0.49649149793073083
RBF,Different class,9.84124452458737e-06
RBF,Same class,0.0917982758947073
RBF,Same class,0.001932213534158567
RBF,Different class,0.5597962074427669
RBF,Different class,0.10485245232566706
RBF,Same class,0.20540733670566377
RBF,Same class,0.431654673247767
RBF,Same class,0.35572639337711554
RBF,Different class,0.0007846416833670177
RBF,Same class,0.6506806377459543
RBF,Different class,0.19629848144870854
RBF,Same class,0.017196003469333122
RBF,Different class,0.3880824555623743
RBF,Different class,0.0053971072943838905
RBF,Different class,0.009660458207933225
RBF,Different class,0.0008428649825168905
RBF,Different class,0.17960191437540882
RBF,Different class,0.010544342858947266
RBF,Same class,0.7117552076385084
RBF,Different class,0.0326535502284313
RBF,Same class,0.5032468196410826
RBF,Different class,0.3656441516594562
RBF,Same class,0.596854893142251
RBF,Different class,0.0009247859613671327
RBF,Same class,0.012349103027969209
RBF,Same class,0.09332300574976617
RBF,Different class,0.6744759608908524
RBF,Same class,0.003939700946148741
RBF,Different class,0.17716962750543344
RBF,Different class,0.13159994975662567
RBF,Same class,0.6840183288499702
RBF,Different class,0.011932705708164727
RBF,Different class,0.05284368349116188
RBF,Same class,0.6678469337263834
RBF,Different class,0.09670022971792305
RBF,Different class,0.0015871896313237816
RBF,Different class,0.4796216589582348
RBF,Different class,0.009078753621295396
RBF,Different class,0.03457479800184002
RBF,Same class,0.6777229097976395
RBF,Different class,1.0249470717283735e-25
RBF,Same class,3.209694643397381e-05
RBF,Different class,0.2628082745546183
RBF,Same class,0.02115620679194305
RBF,Different class,0.006205699583716807
RBF,Different class,0.007728418513675573
RBF,Same class,0.8204451683365059
RBF,Different class,0.3443791030716601
RBF,Different class,0.0035431820279772683
RBF,Same class,4.2957122532143214e-05
RBF,Same class,0.9656156514177646
RBF,Different class,0.2164826579509818
RBF,Same class,0.06599319887349296
RBF,Different class,0.8539184317274735
RBF,Same class,0.10791975283783059
RBF,Same class,0.30976172961101206
RBF,Same class,0.05074439243199436
RBF,Same class,0.0001792536409596956
RBF,Different class,2.787457206547396e-07
RBF,Different class,0.02111768604019989
RBF,Same class,0.07057204075732905
RBF,Different class,0.011184272962475258
RBF,Different class,0.312089659344524
RBF,Different class,3.0204129149303378e-05
RBF,Different class,0.17018246733204312
RBF,Different class,0.041808580558749815
RBF,Same class,1.851255549124372e-05
RBF,Different class,0.04101390208833502
RBF,Different class,0.1687302580471683
RBF,Same class,0.035865244189039365
RBF,Different class,0.2704640920440683
RBF,Same class,0.30676862632332874
RBF,Different class,0.510242945334174
RBF,Different class,0.3125836567294069
RBF,Different class,0.5659386888408657
RBF,Same class,0.0025053912390396935
RBF,Different class,0.006904869915159134
RBF,Different class,9.452275160636982e-06
RBF,Different class,6.789970917181984e-09
RBF,Different class,0.0186150920864745
RBF,Same class,0.005592124131007354
RBF,Same class,0.0017778061408071514
RBF,Same class,0.01308109495317602
RBF,Different class,0.847123042864391
RBF,Different class,0.1264052946727976
RBF,Same class,0.33690113115660314
RBF,Same class,0.25631195446660554
RBF,Different class,0.0050037069372675935
RBF,Same class,0.031017727870079715
RBF,Different class,0.17376923536026276
RBF,Same class,0.2896497772715553
RBF,Same class,0.2279270299077643
RBF,Different class,0.006839809985726694
RBF,Different class,2.58711580180531e-06
RBF,Different class,0.802362157032158
RBF,Same class,0.01102236924256857
RBF,Same class,0.0076969128843245894
RBF,Different class,0.015502984679334975
RBF,Different class,0.08886205823086388
RBF,Same class,0.02222869019210077
RBF,Different class,0.05287768021800661
RBF,Same class,0.20366191900345224
RBF,Same class,0.28687565885616517
RBF,Different class,0.06608083170769131
RBF,Same class,0.10135020834959924
RBF,Different class,0.1739719720208024
RBF,Same class,0.039949381798357275
RBF,Different class,0.21111493008766952
RBF,Different class,0.09662303114659007
RBF,Different class,0.20194468669589638
RBF,Same class,0.10308750016854228
RBF,Same class,0.12664706150886132
RBF,Different class,0.7456155980327925
RBF,Different class,1.7787537886961228e-25
RBF,Same class,0.1658541683920435
RBF,Different class,0.022186966390832355
RBF,Different class,0.5367735859868892
RBF,Same class,0.0002817691232460577
RBF,Same class,0.6720098856177043
RBF,Different class,0.5829385704097454
RBF,Same class,0.1784302092946989
RBF,Different class,0.3073610127094576
RBF,Same class,0.0007123947796177539
RBF,Same class,0.2175247668133141
RBF,Different class,0.19320241344897066
RBF,Different class,0.058295237875785624
RBF,Same class,0.7932826722415165
RBF,Different class,0.6181587213145392
RBF,Same class,0.08649134249538806
RBF,Same class,0.046575173952605166
RBF,Same class,0.022286658259695145
RBF,Different class,4.74633855088676e-11
RBF,Different class,7.724990475389068e-05
RBF,Same class,0.17501863721285293
RBF,Same class,0.26402316660696734
RBF,Same class,0.3437871462822329
RBF,Same class,0.004983566985899471
RBF,Different class,0.1295012929391566
RBF,Same class,0.3602662680619084
RBF,Same class,0.4985624517419437
RBF,Same class,0.11744696108993506
RBF,Different class,0.15144108659181632
RBF,Different class,0.113171809124787
RBF,Different class,0.11901434694256822
RBF,Different class,0.04079147946442155
RBF,Different class,0.08121334228966894
RBF,Same class,0.42429110095424116
RBF,Same class,0.7014957948030028
RBF,Same class,0.12324131935525418
RBF,Different class,0.07433719462031559
RBF,Different class,0.10454585236079847
RBF,Different class,0.01631908297694043
RBF,Different class,0.10958879356223639
RBF,Same class,1.0392027018189562e-11
RBF,Different class,0.4276181387325826
RBF,Same class,0.22989785404473403
RBF,Same class,0.3343242143792698
RBF,Same class,0.16811054278651952
RBF,Different class,0.0010586224597123593
RBF,Same class,0.2695443380730635
RBF,Different class,0.018288246867027427
RBF,Different class,0.3528713831503724
RBF,Different class,0.49396156256799373
RBF,Different class,0.44934584494123603
RBF,Different class,0.8612756385832046
RBF,Same class,0.00117044934364042
RBF,Different class,0.3490239521153804
RBF,Same class,0.10831260434195912
RBF,Different class,0.0028260055908150834
RBF,Same class,0.1062739254559849
RBF,Different class,0.37670531722293094
RBF,Different class,0.006936256204287339
RBF,Same class,0.3877437358158045
RBF,Different class,0.45191660173030695
RBF,Different class,0.0720158837732368
RBF,Same class,0.15211524391774073
RBF,Same class,0.003242561980814909
RBF,Different class,0.11628439183746554
RBF,Same class,0.3167532028030985
RBF,Same class,0.07839016908637955
RBF,Different class,0.01495933997473963
RBF,Same class,0.026589506458808674
RBF,Same class,0.10706742597010195
RBF,Same class,0.044400532315713975
RBF,Different class,0.09083063844904748
RBF,Different class,0.00013449175113650137
RBF,Same class,0.05450262324315049
RBF,Same class,0.03713651316067645
RBF,Same class,0.03135246765676111
RBF,Same class,0.17673052996319605
RBF,Different class,0.43910912629700616
RBF,Different class,0.007106912980356865
RBF,Different class,0.07178205401624747
RBF,Same class,0.02438888495775181
RBF,Same class,0.0015391524563289286
RBF,Different class,0.6951559514581439
RBF,Different class,0.010106108591672642
RBF,Different class,0.003839761294618368
RBF,Same class,3.1128645843650167e-06
RBF,Same class,0.006321817332906573
RBF,Different class,0.007972980043865709
RBF,Different class,0.004711912651214524
RBF,Same class,0.6917952324575813
RBF,Same class,0.20592289812555137
RBF,Different class,0.6090400407270181
RBF,Same class,0.2675858117884681
RBF,Same class,0.0008245180588222729
RBF,Different class,0.09585789722217224
RBF,Same class,0.21856487942455083
RBF,Same class,1.7294185409108893e-07
RBF,Same class,0.001930386972894946
RBF,Different class,0.044376443879308725
RBF,Same class,0.1519905170156399
RBF,Same class,0.033695304641642186
RBF,Different class,0.09535400840452476
RBF,Different class,0.016081877443862976
RBF,Different class,0.5876030748619102
RBF,Different class,0.034140457563803565
RBF,Same class,0.42035333192011737
RBF,Different class,0.11209582256422326
RBF,Different class,0.05301388641577932
RBF,Same class,0.11215269514965259
RBF,Same class,0.015987332182548816
RBF,Different class,0.11539070960928934
RBF,Different class,0.7074380784334756
RBF,Same class,0.054848589486795205
RBF,Same class,0.03423485879266084
RBF,Same class,0.10857153576458631
RBF,Same class,0.686852276753382
RBF,Different class,0.018886490498673594
RBF,Different class,0.02423036728364602
RBF,Same class,5.0674249448967236e-05
RBF,Same class,0.16054830046218405
RBF,Same class,1.823330754659089e-11
RBF,Different class,0.07452590291352927
RBF,Same class,0.001959017339418954
RBF,Different class,0.25831447390294227
RBF,Different class,0.32227833822839186
RBF,Different class,0.2103643198304144
RBF,Different class,0.11357176075812013
RBF,Different class,0.031099898012314324
RBF,Same class,0.01007089601755633
RBF,Different class,0.5230174180670644
RBF,Different class,0.013135926631766
RBF,Same class,0.3037906293445633
RBF,Different class,0.02281690770333968
RBF,Same class,0.13172184185198504
RBF,Same class,0.4990133896615376
RBF,Different class,0.567667936102913
RBF,Same class,0.5053406237453542
RBF,Same class,0.7026732555264302
RBF,Different class,0.04249652240008862
RBF,Different class,0.015958464014202107
RBF,Same class,0.7522597175696752
RBF,Different class,0.13941565810796525
RBF,Same class,0.006077845828488904
RBF,Different class,0.1663086002284433
RBF,Different class,0.03616585597273796
RBF,Different class,3.633658824525626e-07
RBF,Different class,1.8611584620537163e-05
RBF,Same class,0.3675689931803275
RBF,Different class,0.10081486581002375
RBF,Same class,0.16229772469781284
RBF,Different class,0.6723450881954597
RBF,Different class,0.7399365960635785
RBF,Same class,0.021052525887219172
RBF,Same class,0.08410719211997994
RBF,Same class,0.3677099769206008
RBF,Same class,0.03427721914053856
RBF,Same class,0.0351538307481427
RBF,Same class,0.31790619797573155
RBF,Different class,0.8756708109916949
RBF,Different class,0.24238219903952243
RBF,Different class,0.4664311299334318
RBF,Same class,0.0015170423839248356
RBF,Different class,0.13697680916398128
RBF,Different class,0.04769159813353673
RBF,Same class,0.0044707177773279224
RBF,Different class,0.07121034427990174
RBF,Different class,0.47215779133623975
RBF,Same class,8.514082984245993e-05
RBF,Same class,0.28984520612244097
RBF,Same class,0.2314567888339501
RBF,Same class,9.945409978919576e-05
RBF,Different class,0.027607352476408983
RBF,Same class,0.06797223900465435
RBF,Different class,0.5548651537464523
RBF,Same class,0.019831781426514657
RBF,Different class,0.19974674737485543
RBF,Same class,0.3251127050359524
RBF,Different class,0.1888287760294549
RBF,Different class,0.002824689160318907
RBF,Same class,0.024033954925991845
RBF,Different class,0.7343593812823195
RBF,Same class,0.3633415217229313
RBF,Different class,0.15354713984662097
RBF,Different class,0.0068279037187359325
RBF,Different class,0.010377319487478873
RBF,Different class,0.07584093092224077
RBF,Same class,0.21216877174637655
RBF,Same class,0.29853767140490206
RBF,Same class,0.4601871056344319
RBF,Same class,0.00047818189252556685
RBF,Different class,0.23500411152097875
RBF,Different class,1.4950967064081885e-25
RBF,Same class,0.12954223776384008
RBF,Different class,0.063555682954223
RBF,Different class,0.02239020659157241
RBF,Different class,0.03501012010864754
RBF,Same class,0.2271265423694944
RBF,Same class,0.4122530972879849
RBF,Different class,0.40856396498283315
RBF,Same class,0.13329863220293053
RBF,Same class,0.49252076268368994
RBF,Different class,0.015542221642880596
RBF,Same class,0.3481039643967999
RBF,Different class,0.07217901053851952
RBF,Different class,0.5269191925644172
RBF,Different class,0.04376396511874808
RBF,Same class,0.030433983952718346
RBF,Same class,2.1313761811069078e-25
RBF,Different class,0.05266376718160487
RBF,Same class,0.003314781813085319
RBF,Different class,0.011632629593160136
RBF,Same class,0.3272132848723528
RBF,Different class,0.1416005731032595
RBF,Different class,0.43961400206727796
RBF,Same class,0.17742597620714157
RBF,Same class,0.31191600388552637
RBF,Different class,0.1358032479505294
RBF,Same class,0.6856008925881436
RBF,Same class,0.011441960486609904
RBF,Same class,0.19476145752243312
RBF,Same class,0.08515528056890945
RBF,Same class,0.7076668127217087
RBF,Same class,0.04995398604943856
RBF,Different class,0.19480690203706194
RBF,Same class,0.05705383851159284
RBF,Different class,0.0926503155722997
RBF,Different class,0.001421101493136126
RBF,Different class,0.22761769475462304
RBF,Different class,0.11061806967224885
RBF,Same class,0.7674743376172655
RBF,Different class,0.12189608285921337
RBF,Different class,0.23188656401408084
RBF,Same class,0.1881768479563762
RBF,Same class,0.0792627276216492
RBF,Same class,0.06666013654019003
RBF,Different class,0.09297500508764867
RBF,Same class,0.19788248262578748
RBF,Different class,0.27033753788033305
RBF,Different class,0.28105609622571887
RBF,Same class,0.1432188850086386
RBF,Same class,0.5800817051215971
RBF,Different class,0.13053037515786253
RBF,Same class,0.09200803365227095
RBF,Different class,0.15666734729005793
RBF,Different class,0.2411858641316596
RBF,Same class,0.007243509301593481
RBF,Different class,0.04289095541129305
RBF,Same class,0.006248367234991408
RBF,Different class,0.4064259267126598
RBF,Same class,0.009213429829762556
RBF,Different class,0.0013243089936479957
RBF,Different class,0.05303543404042938
RBF,Same class,0.00027836932613831415
RBF,Same class,0.11473628257936784
RBF,Different class,0.02466394717084871
RBF,Different class,0.002941019590224767
RBF,Same class,0.0010426058730652107
RBF,Same class,0.002110001694944919
RBF,Same class,0.06188511979232163
RBF,Same class,0.27639392560494697
RBF,Different class,0.8742077551905761
RBF,Same class,0.023508904144984865
RBF,Different class,0.0412799457121931
RBF,Same class,2.8722338829113773e-08
RBF,Different class,0.05306385699410539
RBF,Different class,0.011724476055766675
RBF,Different class,0.22554962154449856
RBF,Different class,0.6251751893411639
RBF,Different class,0.027733860600833063
RBF,Different class,0.5036249020065028
RBF,Same class,0.33591969518096404
RBF,Same class,0.04158462396566507
RBF,Same class,0.5138608558103217
RBF,Same class,0.026256094817024123
RBF,Different class,0.1633624223394926
RBF,Same class,0.12171345309434879
RBF,Same class,0.8575942564882775
RBF,Same class,0.37296853009818076
RBF,Different class,0.41770328937817003
RBF,Same class,0.5062328329463797
RBF,Different class,0.004394864475165081
RBF,Different class,0.06165336675449994
RBF,Different class,0.007364275636850176
RBF,Same class,0.0612648501625381
RBF,Different class,0.0647582982505479
RBF,Different class,0.07378562784039729
RBF,Same class,0.5639106316615295
RBF,Same class,0.007061421452525743
RBF,Same class,0.024976454222753762
RBF,Same class,0.04968921093275716
RBF,Same class,0.0037908474995861753
RBF,Different class,0.001385390112936314
RBF,Different class,0.3823327364604025
RBF,Different class,0.41550693467344735
RBF,Same class,4.29165996346232e-12
RBF,Same class,0.0011249769637770616
RBF,Different class,0.1783351896536155
RBF,Same class,0.0003347784088751081
RBF,Different class,0.1677690514917913
RBF,Different class,0.12308717935338569
RBF,Same class,0.12825545021880874
RBF,Different class,0.07515471990847704
RBF,Different class,0.11130782055730375
RBF,Different class,0.0013898055793550841
RBF,Different class,3.939463987904761e-08
RBF,Different class,0.3276366238373184
RBF,Same class,0.025845980573009898
RBF,Different class,0.07918988003923666
RBF,Different class,0.2862939258211321
RBF,Same class,0.12016125431745649
RBF,Different class,0.6116286099605247
RBF,Different class,0.32921834234078806
RBF,Different class,0.12985520323969635
RBF,Different class,0.19265255893401323
RBF,Same class,0.4960635027526369
RBF,Different class,0.03377149790942726
RBF,Different class,0.4535609855751909
RBF,Same class,0.10670252953676569
RBF,Different class,0.03653225639774842
RBF,Different class,0.02076215607573205
RBF,Same class,0.4842907367685785
RBF,Same class,0.009823109140408392
RBF,Same class,0.4966610315217992
RBF,Different class,0.047152193433633964
RBF,Same class,0.25452828251093884
RBF,Different class,0.5428047533821599
RBF,Different class,0.0603024089466945
RBF,Different class,0.893627098825471
RBF,Different class,0.1377228659740511
RBF,Same class,0.15003974530518518
RBF,Same class,1.2930963443365034e-06
RBF,Same class,0.28474832264400646
RBF,Same class,0.010142306113439635
RBF,Same class,0.7882941650951548
RBF,Same class,0.02505724093210641
RBF,Same class,0.015038641217134692
RBF,Same class,0.20508105935298818
RBF,Different class,0.541815240607849
RBF,Same class,0.44233271345931613
RBF,Different class,0.06735546180461036
RBF,Different class,0.6898476737971114
RBF,Same class,0.007117289505494848
RBF,Different class,0.2955316503738857
RBF,Different class,0.08286263845002573
RBF,Different class,0.17012003741001902
RBF,Same class,0.13555912169518505
RBF,Same class,0.026448318986776524
RBF,Same class,0.8596943897784337
RBF,Different class,0.018106272278598713
RBF,Different class,0.8433708116638299
RBF,Different class,0.03327283536783871
RBF,Different class,0.007344652447639376
RBF,Different class,0.08751242759720967
RBF,Different class,0.7313832409008705
RBF,Different class,0.07304525973546078
RBF,Different class,0.10276788537844407
RBF,Same class,0.010648846554101926
RBF,Same class,0.1978192377449099
RBF,Same class,0.5419551783477897
RBF,Different class,0.043043805695094285
RBF,Different class,0.1970353220219815
RBF,Different class,8.293677789004481e-11
RBF,Same class,0.12791284513188925
RBF,Different class,0.29342757368096556
RBF,Different class,0.820844678585085
RBF,Same class,0.000564872343630537
RBF,Different class,0.43725101897210905
RBF,Different class,0.09624902749342301
RBF,Different class,0.0020031819699896777
RBF,Different class,0.4158851924905652
RBF,Different class,0.49794097283265076
RBF,Different class,0.29231274150400494
RBF,Different class,0.5839850560875461
RBF,Same class,0.00041143682174839193
RBF,Different class,0.0029196330847671807
RBF,Different class,0.3702606021747031
RBF,Different class,0.1172945274899839
RBF,Same class,0.10810487463892682
RBF,Same class,0.2926631264496703
RBF,Different class,0.2928314051518778
RBF,Different class,0.17453999707455428
RBF,Different class,0.17349211842872075
RBF,Different class,0.0045207239104065825
RBF,Different class,0.003441550762482778
RBF,Same class,0.2009670523733255
RBF,Same class,0.020864001974333694
RBF,Different class,0.10208829683075485
RBF,Same class,5.832837767061692e-26
RBF,Same class,0.0867461221739916
RBF,Same class,0.0727627701212119
RBF,Same class,0.07922265528331449
RBF,Same class,0.0438017268273214
RBF,Different class,0.025563631483273258
RBF,Different class,0.0021164406838104152
RBF,Same class,0.5323385617268627
RBF,Same class,0.08251014379621922
RBF,Different class,0.0804494042747968
RBF,Same class,0.009991290728618318
RBF,Same class,0.3248864831361614
RBF,Different class,0.17840577047687628
RBF,Different class,0.12918110052854062
RBF,Different class,0.5227014108785042
RBF,Different class,0.1400525283718673
RBF,Different class,0.5750830493805629
RBF,Different class,0.8476192024329736
RBF,Same class,0.6414656568942397
RBF,Different class,0.4812521613260457
RBF,Same class,0.5939566168861322
RBF,Same class,0.07078495856623444
RBF,Same class,0.08809046688804188
RBF,Same class,0.0005686384530797864
RBF,Same class,0.09075801232713411
RBF,Different class,0.04589665535712344
RBF,Different class,0.526891562568923
RBF,Same class,0.006991177081160292
RBF,Same class,0.11052861747029796
RBF,Same class,0.20149083944694962
RBF,Different class,0.18036735520603953
RBF,Same class,0.08729185462165157
RBF,Different class,0.044363368488713174
RBF,Different class,0.007601303390317113
RBF,Same class,0.17248936841305315
RBF,Different class,5.24805164492826e-09
RBF,Different class,0.07806875654775777
RBF,Different class,0.07940158461927715
RBF,Same class,0.003416421412753173
RBF,Different class,0.005603336096830643
RBF,Different class,0.01569288295316718
RBF,Different class,0.003680044677327486
RBF,Same class,0.020363488199100704
RBF,Different class,0.20241308015784143
RBF,Same class,0.1559517306152394
RBF,Same class,0.6223343683458609
RBF,Same class,0.5252858923733598
RBF,Same class,0.5165668181471494
RBF,Different class,0.10537579570012691
RBF,Different class,0.16813274122183933
RBF,Different class,0.30981242053394387
RBF,Different class,0.06241893106524367
RBF,Different class,0.0708324706858082
RBF,Different class,0.15259762064990925
RBF,Different class,0.03622496031574422
RBF,Same class,0.0006562126949112164
RBF,Different class,0.6179477007153955
RBF,Different class,0.20767213124920325
RBF,Same class,0.10239014311980944
RBF,Same class,0.004697851767135884
RBF,Different class,0.395369365504827
RBF,Different class,0.40462641223013257
RBF,Same class,0.12375804173856943
RBF,Different class,0.4429394010185781
RBF,Same class,0.7070773998247443
RBF,Same class,0.5859564883700182
RBF,Different class,0.14310449426028848
RBF,Different class,0.4599514495597715
RBF,Different class,0.23490567882836227
RBF,Different class,0.5189442176422224
RBF,Different class,0.06006141217759333
RBF,Different class,0.0007102157511267068
RBF,Same class,0.2886574245323078
RBF,Same class,0.1410672907922184
RBF,Different class,0.027685303276044314
RBF,Different class,0.8399845741805049
RBF,Different class,1.0267244981677775e-06
RBF,Different class,0.24652530584239746
RBF,Same class,0.1680780867767349
RBF,Different class,0.4447498593090831
RBF,Different class,0.05594631473010142
RBF,Same class,0.02606484265825342
RBF,Same class,0.1576334085890663
RBF,Different class,0.015485569031141953
RBF,Same class,0.6972677108453038
RBF,Same class,0.028596004349344464
RBF,Same class,0.01879266926592915
RBF,Different class,0.38064559534518916
RBF,Different class,0.9123723030442561
RBF,Same class,0.04003436772402729
RBF,Same class,0.03386141457375456
RBF,Same class,0.008536949241443208
RBF,Same class,0.09814871925959374
RBF,Different class,0.0588764275770707
RBF,Same class,0.3203174354518115
RBF,Different class,0.09478957237268876
RBF,Different class,0.7679137754351865
RBF,Different class,0.5834238296039672
RBF,Same class,0.1108461388422911
RBF,Same class,0.2094292881828435
RBF,Different class,0.41122467654089134
RBF,Same class,0.09047420277766399
RBF,Different class,0.7169859460283838
RBF,Different class,0.21918926982901685
RBF,Different class,0.13544463119252756
RBF,Different class,0.012414094227972503
RBF,Different class,0.006143844201200286
RBF,Same class,0.0007069846517714657
RBF,Same class,0.6336311466346547
RBF,Different class,0.0004917819860005377
RBF,Different class,0.1587011174647309
RBF,Different class,0.2696700057080189
RBF,Different class,0.3924498395992425
RBF,Same class,0.33050008390364655
RBF,Different class,0.27391039310855037
RBF,Different class,0.21451629545936285
RBF,Same class,0.15233692171726385
RBF,Same class,0.25863570487590015
RBF,Same class,0.18430910632451433
RBF,Different class,1.1612053364862382e-11
RBF,Same class,0.0870329332713105
RBF,Different class,0.0007846768054141876
RBF,Different class,0.43582695489499995
RBF,Same class,0.19615972884362018
RBF,Same class,0.011265318391352676
RBF,Same class,0.6047124325698148
RBF,Same class,4.811823615314314e-05
RBF,Different class,0.012914179997698127
RBF,Same class,0.009338047427041217
RBF,Different class,0.00013018250836490622
RBF,Different class,0.31703372789459544
RBF,Same class,0.8329471067658397
RBF,Different class,0.3425325234703318
RBF,Same class,0.015287865296690083
RBF,Different class,0.3077340142269265
RBF,Same class,0.037548712565501165
RBF,Same class,0.015229355179080672
RBF,Same class,0.0007313965751655819
RBF,Different class,0.0035030289455032547
RBF,Different class,0.7573064698751203
RBF,Same class,0.02711207000669099
RBF,Different class,0.36384436636814016
RBF,Same class,0.14837767577060446
RBF,Same class,0.08792395832249847
RBF,Different class,0.29531567937979064
RBF,Same class,0.10038319428565656
RBF,Different class,0.035080822653741496
RBF,Same class,0.5408511388872109
RBF,Different class,0.08417042278201124
RBF,Different class,0.10147763627883837
RBF,Different class,0.03618942233185937
RBF,Different class,9.336260845723814e-26
RBF,Different class,0.8659572076153901
RBF,Different class,0.351270553715504
RBF,Different class,0.010863821087980313
RBF,Different class,0.06254763797050963
RBF,Same class,0.0024950841419556636
RBF,Same class,0.00743423239369461
RBF,Same class,0.13184099491518203
RBF,Same class,0.00689310554036582
RBF,Different class,0.43298174437220555
RBF,Same class,1.2727738754258862e-07
RBF,Different class,0.015037652329129243
RBF,Same class,0.32477679443783797
RBF,Different class,1.9265705658594396e-25
RBF,Different class,0.04264190900353006
RBF,Same class,0.0014053139742189035
RBF,Same class,0.10086664058406479
RBF,Different class,0.0002762474477914032
RBF,Different class,0.06141110365017378
RBF,Different class,0.08801572300736418
RBF,Different class,0.11818192424783493
RBF,Same class,0.0982553351665989
RBF,Different class,0.6245494936403969
RBF,Same class,0.07875149746780635
RBF,Different class,0.54929080722779
RBF,Same class,0.05184767198990844
RBF,Same class,0.0606369619201171
RBF,Different class,0.10767014881504146
RBF,Same class,0.20964837247717283
RBF,Same class,0.01202127548610165
RBF,Different class,0.04313524059045443
RBF,Different class,0.2540649057658079
RBF,Same class,0.14069106443974672
RBF,Same class,0.059747476992969784
RBF,Different class,0.05127942181295743
RBF,Same class,0.5355594152980183
RBF,Same class,0.775166062836077
RBF,Different class,0.4079854289414111
RBF,Same class,0.5405318660846977
RBF,Same class,0.14488016569055862
RBF,Same class,0.0005829231358431086
RBF,Different class,0.40128826750517893
RBF,Different class,0.001519092434697958
RBF,Same class,0.042581591317473313
RBF,Same class,0.00014385294728624354
RBF,Same class,0.0930360537689824
RBF,Different class,0.1247759860556088
RBF,Same class,0.04202540141969399
RBF,Different class,4.523699477372684e-08
RBF,Same class,0.021803179251532714
RBF,Same class,0.15752547643536405
RBF,Different class,0.01615054462293322
RBF,Different class,0.11130850720543076
RBF,Different class,0.7276725108434859
RBF,Same class,0.2109277845426374
RBF,Same class,0.025858789352392532
RBF,Same class,0.10413089938109416
RBF,Same class,0.04750857525760498
RBF,Same class,0.34427735103341595
RBF,Same class,0.006767940261668467
RBF,Different class,0.15732225765945412
RBF,Same class,0.4958801500835132
RBF,Different class,0.3187623663587094
RBF,Same class,0.2976037280700064
RBF,Same class,0.08932434541950555
RBF,Same class,0.022683186929863545
RBF,Different class,4.60925108261578e-05
RBF,Same class,0.14458338586146616
RBF,Same class,0.03574139349985053
RBF,Same class,0.5742317241922638
RBF,Same class,0.0004237220182078224
RBF,Same class,1.3522445986720318e-05
RBF,Same class,0.040360677499711804
RBF,Same class,0.23870634613739436
RBF,Same class,0.16478434687117144
RBF,Different class,0.6217600077576537
RBF,Different class,0.005133785894840795
RBF,Same class,0.005756682439400684
RBF,Same class,0.0009316462936393787
RBF,Different class,0.247416653117882
RBF,Different class,0.3061519009007948
RBF,Different class,0.10343682763816038
RBF,Different class,0.09541876653083389
RBF,Different class,0.15044056169209874
RBF,Same class,0.30211668742622416
RBF,Same class,0.02938219478278686
RBF,Different class,0.00303176261694939
RBF,Different class,0.06551100301838522
RBF,Same class,0.1241835501639898
RBF,Same class,0.009541411269251369
RBF,Different class,0.5236416529482969
RBF,Different class,0.2139849773546549
RBF,Same class,0.13699243534063857
RBF,Different class,0.006299171152750906
RBF,Same class,0.0850644745584371
RBF,Different class,0.4676085282703968
RBF,Different class,0.14622960389831952
RBF,Different class,0.044751618296795304
RBF,Different class,0.17240064548645187
RBF,Different class,0.24078726957779892
RBF,Same class,0.126882446986789
RBF,Different class,0.034769902993977794
RBF,Same class,0.000909636106437351
RBF,Same class,0.45461606147115696
RBF,Same class,0.03129532420501603
RBF,Same class,0.0994241921568923
RBF,Different class,0.01591751745498514
RBF,Same class,0.027397698686939545
RBF,Same class,0.08626368973195989
RBF,Same class,0.3463936135468096
RBF,Same class,0.0868541616636195
RBF,Same class,0.06995939593988489
RBF,Same class,0.441720601672517
RBF,Different class,0.06990929855806328
RBF,Same class,1.2333835001793648e-05
RBF,Different class,0.001058728995682833
RBF,Different class,0.8762294607170059
RBF,Same class,0.5958015662063515
RBF,Different class,0.18237711777480875
RBF,Different class,2.069114757502348e-09
RBF,Different class,0.01598774755109588
RBF,Same class,0.6869098418342124
RBF,Different class,0.19947293080654732
RBF,Different class,0.1412235852426613
RBF,Same class,0.017119659418311856
RBF,Same class,0.8624296924099438
RBF,Same class,0.06499454200513931
RBF,Different class,0.0047075898598047524
RBF,Different class,0.41353910373100766
RBF,Different class,0.41816506612871185
RBF,Different class,0.7280247394465998
RBF,Different class,2.5241856583699382e-05
RBF,Same class,0.28808066283434425
RBF,Different class,0.009319845347413156
RBF,Same class,0.006288461474568584
RBF,Same class,0.43035390834925086
RBF,Same class,0.037384206788695445
RBF,Same class,0.6654011610372385
RBF,Same class,0.0031850764915570037
RBF,Different class,0.04919427443550762
RBF,Same class,0.30420631691523775
RBF,Different class,0.2819851883557205
RBF,Same class,1.115503802177726e-06
RBF,Different class,0.07052013773662624
RBF,Different class,0.0894168824921926
RBF,Same class,0.039050835357968175
RBF,Same class,0.005858955251796309
RBF,Same class,0.04138494752506088
RBF,Same class,0.0037531495113195742
RBF,Same class,0.10341493123950239
RBF,Same class,0.00028382672755736287
RBF,Same class,0.7263453405012624
RBF,Same class,0.10274468738128952
RBF,Different class,0.6369629378240428
RBF,Same class,8.116287147499148e-06
RBF,Same class,0.011857037977370722
RBF,Different class,0.027726261238500857
RBF,Same class,0.0027030239734165433
RBF,Different class,1.5558090386574486e-05
RBF,Different class,0.2903813718340435
RBF,Different class,0.06695232391877386
RBF,Different class,0.12596012648906638
RBF,Same class,0.32422090528979686
RBF,Same class,0.04044843810352809
RBF,Same class,0.10350512531534267
RBF,Same class,0.09647070462133747
RBF,Same class,0.0507217175326474
RBF,Different class,0.587987779769334
RBF,Same class,0.05710626990505318
RBF,Different class,0.005094256747338106
RBF,Different class,0.01092904717380649
RBF,Different class,0.31756827269338816
RBF,Same class,0.22104004315231207
RBF,Different class,0.015138837167582716
RBF,Different class,1.213497987646134e-07
RBF,Different class,0.48475228694576966
RBF,Different class,0.07790535187789642
RBF,Different class,0.45133486658232097
RBF,Different class,0.035458013214743546
RBF,Same class,0.24170341214663643
RBF,Different class,0.09968209085323859
RBF,Same class,0.02236545052667504
RBF,Same class,0.7266628328970368
RBF,Different class,0.19677795583074134
RBF,Different class,0.0019895516515429095
RBF,Same class,0.40202480241226796
RBF,Same class,0.06158128667033082
RBF,Same class,0.6942694357714055
RBF,Different class,0.3937067703887696
RBF,Different class,0.10306295212877163
RBF,Different class,0.10520211190019453
RBF,Same class,0.04495513596090966
RBF,Different class,0.007063355502791426
RBF,Different class,0.043505179438858975
RBF,Different class,0.6035434223460375
RBF,Same class,0.011685935856430118
RBF,Same class,0.09144468944102598
RBF,Different class,0.1580783692573945
RBF,Same class,0.013758764213678361
RBF,Different class,0.425103946012659
RBF,Same class,3.419243999761909e-05
RBF,Different class,0.5363628047050577
RBF,Same class,0.6477540563335822
RBF,Different class,0.018627065470524236
RBF,Different class,0.040534039399431634
RBF,Different class,0.1724608531741513
RBF,Different class,0.1919332977004983
RBF,Same class,0.09142006972042656
RBF,Same class,0.0017040677784715829
RBF,Different class,0.2945471460000916
RBF,Same class,0.36379872103585686
RBF,Same class,0.00011636644750333578
RBF,Different class,0.03229165685040277
RBF,Same class,0.13231819076883183
RBF,Different class,0.0018489669089205988
RBF,Different class,0.03560434814929722
RBF,Same class,0.46094571708907545
RBF,Different class,0.3350425548801025
RBF,Same class,0.0703085116481195
RBF,Different class,8.684492935135099e-08
RBF,Different class,0.4221792416919351
RBF,Different class,0.05557195491999736
RBF,Same class,0.10908872824424687
RBF,Different class,0.08377451204968075
RBF,Different class,0.6753731217724959
RBF,Different class,0.03591403640941398
RBF,Same class,0.08739851892341566
RBF,Different class,0.17164162032700034
RBF,Same class,1.3133579325207928e-24
RBF,Different class,0.03675002691152533
RBF,Same class,0.060200821573002196
RBF,Different class,0.8534686722520894
RBF,Same class,0.25912028333019016
RBF,Different class,0.05501403169068392
RBF,Same class,0.0456529153450732
RBF,Different class,0.03827083737772556
RBF,Same class,0.08662778953046658
RBF,Different class,0.008601179954163513
RBF,Different class,0.20878124584193178
RBF,Different class,0.1508989458022302
RBF,Same class,0.00013638811249723693
RBF,Different class,0.03511269274390928
RBF,Same class,0.002175145120129257
RBF,Different class,0.022703974894263484
RBF,Same class,0.04664407783512481
RBF,Same class,0.19343775938690472
RBF,Same class,0.11007211720487595
RBF,Different class,0.38664634861000535
RBF,Same class,0.6220293854159031
RBF,Same class,0.3804599921594281
RBF,Different class,0.06774539663629915
RBF,Different class,0.3437642507811611
RBF,Same class,0.26567360466460266
RBF,Different class,0.020915367837949273
RBF,Different class,0.2195587233869282
RBF,Same class,0.20147792295780384
RBF,Different class,0.0034451814809660164
RBF,Different class,0.22736406200798898
RBF,Same class,0.43456952597423404
RBF,Different class,0.06572859464687573
RBF,Same class,0.22177699818971952
RBF,Different class,0.004400419967875384
RBF,Same class,0.10285820906897528
RBF,Different class,0.12007475175886136
RBF,Same class,0.00012875035752692125
RBF,Different class,0.14327332715115834
RBF,Different class,0.06530718704214385
RBF,Different class,0.04043242572458509
RBF,Same class,0.08812050658604322
RBF,Different class,0.4722976807995341
RBF,Different class,0.1906523908323697
RBF,Different class,0.012064517084669282
RBF,Same class,0.07965360964714517
RBF,Different class,0.7144059659846912
RBF,Same class,0.17230856833790656
RBF,Different class,0.2625380359280735
RBF,Same class,0.09953046988832082
RBF,Different class,0.1769655926210701
RBF,Same class,0.04957605488818581
RBF,Different class,0.02846579851678287
RBF,Different class,0.1801584958111469
RBF,Same class,0.39283325630887805
RBF,Same class,0.4101741676865573
RBF,Different class,0.037213653033473376
RBF,Different class,0.32731897752163064
RBF,Same class,0.14157219698156534
RBF,Same class,0.122421116859956
RBF,Different class,0.2495943133401768
RBF,Different class,0.09491602071095412
RBF,Different class,2.5550471675063053e-11
RBF,Same class,0.1924847572679193
RBF,Different class,0.05705462947783138
RBF,Same class,0.4470131533844909
RBF,Same class,0.1998389977229287
RBF,Same class,0.006907622226201291
RBF,Different class,0.20717813556807918
RBF,Same class,0.0786282763705096
RBF,Different class,0.07620124586930259
RBF,Different class,4.866922824085069e-07
RBF,Different class,0.003390060991478567
RBF,Different class,0.03550463303285619
RBF,Same class,0.43344831421783075
RBF,Same class,0.11654210605038218
RBF,Different class,0.30171831328921045
RBF,Same class,0.18993084761197812
RBF,Different class,0.7161230877695092
RBF,Same class,0.5993357140086775
RBF,Different class,0.7042826771316499
RBF,Same class,0.4223245236028727
RBF,Different class,0.22001137438436985
RBF,Different class,0.007953014642358083
RBF,Different class,0.19660161901343778
RBF,Different class,0.36960427802276413
RBF,Same class,0.06818086191706653
RBF,Same class,0.23280787880389017
RBF,Different class,0.17659935816322525
RBF,Same class,0.443293451626633
RBF,Same class,0.7724341845526629
RBF,Different class,0.0662825212299586
RBF,Different class,0.03846786098310607
RBF,Same class,7.322133402824659e-05
RBF,Different class,0.04647941177354863
RBF,Same class,0.11002014794242436
RBF,Different class,0.03387771662696903
RBF,Same class,0.7554353460883776
RBF,Same class,0.5929869356605412
RBF,Same class,0.028870966544249976
RBF,Same class,0.003974140053195727
RBF,Same class,0.0436745735189424
RBF,Same class,0.17565138539296807
RBF,Different class,0.08369960242137935
RBF,Same class,0.4815994039598433
RBF,Different class,0.45303562785457163
RBF,Different class,0.7890868376708104
RBF,Different class,0.32520257517051876
RBF,Same class,0.02927896566263347
RBF,Different class,0.38463974873709994
RBF,Different class,0.15288718805708823
RBF,Different class,0.4048053092944759
RBF,Different class,0.2126959859917012
RBF,Different class,2.1148488560298942e-08
RBF,Different class,0.01030443727458714
RBF,Same class,0.34219036993437146
RBF,Different class,0.3835990303117787
RBF,Different class,0.4860894992380332
RBF,Different class,0.9633659136890546
RBF,Same class,0.5423049343303536
RBF,Same class,0.6821130307212606
RBF,Same class,0.5611306229785825
RBF,Same class,0.6526803111279603
RBF,Same class,0.13559009238385186
RBF,Different class,0.022705575460833387
RBF,Same class,0.04220265010611873
RBF,Same class,0.00024663831802183026
RBF,Same class,0.8564673126853757
RBF,Different class,0.2563778694771161
RBF,Different class,0.011809407258086662
RBF,Same class,0.39236970360127577
RBF,Same class,0.711144754621568
RBF,Different class,0.6393799242696647
RBF,Same class,0.24024104407334204
RBF,Same class,0.21149422088689676
RBF,Same class,0.07447148505095415
RBF,Different class,0.1448537014623159
RBF,Same class,0.07460235163856353
RBF,Same class,0.0026833658592477646
RBF,Different class,0.01555839660213453
RBF,Same class,0.006363429462746904
RBF,Same class,0.21682068567873256
RBF,Same class,0.025988649969606058
RBF,Different class,0.37298256215293885
RBF,Same class,0.03270039909616062
RBF,Same class,0.4647209562000501
RBF,Same class,0.24147753393903587
RBF,Different class,0.5202693015774718
RBF,Different class,0.0019363689698169355
RBF,Same class,0.3769333972149366
RBF,Different class,0.5129909368137201
RBF,Same class,0.3879735456584655
RBF,Different class,0.2005929362734496
RBF,Same class,0.0020957227405004686
RBF,Different class,0.15152996851671913
RBF,Same class,0.27449094390100953
RBF,Same class,0.027171436984181025
RBF,Different class,0.5297979767143639
RBF,Different class,0.00239554956119579
RBF,Same class,0.1302469125336231
RBF,Same class,0.06300870738329896
RBF,Same class,0.4431793967444421
RBF,Different class,0.45620516621383994
RBF,Different class,0.03945831821990411
RBF,Different class,0.02655466978904849
RBF,Different class,0.06076170709005847
RBF,Different class,0.27072574069002137
RBF,Same class,0.007483534824731341
RBF,Different class,0.4003482015814852
RBF,Same class,0.00019597838966424003
RBF,Different class,0.065929562249671
RBF,Different class,0.1322507404829986
RBF,Same class,0.2820117080957826
RBF,Different class,0.12272063152475148
RBF,Same class,0.4118450184557009
RBF,Same class,0.2303992471072423
RBF,Different class,0.10018581978826527
RBF,Same class,0.10195467776018079
RBF,Same class,0.0009225625546801
RBF,Different class,0.21945585056551872
RBF,Different class,0.6106468868641926
RBF,Different class,0.1717511411988095
RBF,Same class,0.032350749195608826
RBF,Different class,0.04695940333742474
RBF,Same class,0.7051906801065673
RBF,Same class,0.3308068205661245
RBF,Different class,0.45443770207146217
RBF,Different class,0.22312852965013044
RBF,Different class,0.016128902376226082
RBF,Different class,0.5597934635943893
RBF,Different class,0.3924587171782009
RBF,Different class,0.035526205818266696
RBF,Different class,0.012456922951051805
RBF,Different class,0.4350139514115258
RBF,Different class,0.03374765069277014
RBF,Same class,0.0013874746289463827
RBF,Same class,0.05293482746572975
RBF,Same class,0.03639308133916167
RBF,Same class,0.0456857659214126
RBF,Same class,0.1148001020122653
RBF,Different class,0.009991081216170468
RBF,Different class,0.07308674752260401
RBF,Different class,0.11199144743748886
RBF,Different class,0.0203894152936224
RBF,Different class,0.04478283530508272
RBF,Same class,0.1515882319324771
RBF,Same class,0.0005094137839054479
RBF,Different class,0.5423384078071951
RBF,Different class,0.07048714286816601
RBF,Same class,0.012541653889175837
RBF,Different class,0.21195601228812866
RBF,Same class,0.2700164916218457
RBF,Different class,0.132590445584277
RBF,Same class,0.6660575764889715
RBF,Different class,0.08863975934738667
RBF,Same class,0.04680434253013336
RBF,Same class,0.0726522455165598
RBF,Different class,0.12111236076644966
RBF,Same class,0.03411089823359912
RBF,Same class,0.08841347323131438
RBF,Same class,0.0031842960153096117
RBF,Same class,0.24829749979911273
RBF,Different class,0.11153894585833952
RBF,Same class,0.5815165720183322
RBF,Different class,0.015918698131375465
RBF,Different class,0.45713651929708154
RBF,Same class,0.6279032436545359
RBF,Same class,1.357219104436539e-11
RBF,Same class,0.8118292495595262
RBF,Different class,0.0013225384086593046
RBF,Different class,0.004019295201995269
RBF,Same class,0.06974770175445354
RBF,Different class,0.0027608903039071674
RBF,Different class,0.033028185319525866
RBF,Same class,0.004619508031093742
RBF,Same class,0.1952841021152916
RBF,Different class,0.29161596821798197
RBF,Same class,0.3012689710908793
RBF,Different class,0.007402771926501854
RBF,Different class,0.0018348615855328515
RBF,Same class,0.21851438126846118
RBF,Same class,0.33590283458749975
RBF,Different class,0.8855447807363723
RBF,Different class,0.05021175411458775
RBF,Different class,0.05445681085460861
RBF,Different class,0.14989983544528526
RBF,Same class,0.2738021550798054
RBF,Different class,0.0042029488118616384
RBF,Same class,0.019339237093082214
RBF,Different class,0.2060322436662576
RBF,Same class,0.2472662645461069
RBF,Same class,0.4581550803249718
RBF,Different class,0.10725381783730374
RBF,Different class,0.043148627961728525
RBF,Different class,0.1457878299297618
RBF,Different class,0.0005920700735329735
RBF,Same class,0.04907093258893862
RBF,Different class,0.17547061380775034
RBF,Same class,0.029845655773276657
RBF,Same class,1.2515929539685277e-06
RBF,Different class,0.8403299405491602
RBF,Different class,0.44267642401227875
RBF,Different class,0.5355905712792696
RBF,Same class,0.23686272761689348
RBF,Same class,3.211005627058895e-05
RBF,Different class,0.008166122327062545
RBF,Same class,0.005888554725167449
RBF,Same class,0.6731288700544505
RBF,Same class,0.10167342367207167
RBF,Same class,0.10741548401109445
RBF,Same class,0.5257958340482445
RBF,Different class,0.8706142027775333
RBF,Different class,0.169667383990463
RBF,Same class,0.024508166802246562
RBF,Different class,0.04100618598690254
RBF,Same class,0.07760459018815745
RBF,Different class,0.16428811716513622
RBF,Same class,0.6345981714764113
RBF,Same class,0.11358978035541346
RBF,Same class,0.4247840344650292
RBF,Same class,0.48565845971725097
RBF,Same class,0.2038591861366765
RBF,Different class,4.848529700510857e-06
RBF,Different class,0.740340819471609
RBF,Different class,0.14330807459879727
RBF,Different class,0.027546694025741943
RBF,Different class,0.009115860900128515
RBF,Different class,0.7028863224625225
RBF,Different class,0.056985262513456134
RBF,Different class,0.19066446571375872
RBF,Same class,0.21971460509489227
RBF,Same class,0.10838037562113255
RBF,Different class,0.15911223505654765
RBF,Same class,0.8000475725702838
RBF,Different class,0.010294791518239444
RBF,Same class,1.3353801306538728e-05
RBF,Same class,0.0001866638042656188
RBF,Different class,0.1286415018868425
RBF,Different class,0.48956430999269596
RBF,Same class,0.166620681510902
RBF,Same class,0.2749922370112358
RBF,Different class,0.024263164323978213
RBF,Same class,0.188969635060124
RBF,Same class,0.004023722834796979
RBF,Different class,0.6669951606249425
RBF,Same class,0.25377307651197095
RBF,Different class,0.17435951605360786
RBF,Same class,0.012719747326181705
RBF,Different class,0.49899922595266816
RBF,Same class,0.2239736610247439
RBF,Same class,1.0029628314405674e-07
RBF,Same class,0.4113448996803716
RBF,Same class,0.7622773588256722
RBF,Same class,0.028107814493683696
RBF,Different class,0.005149344069083521
RBF,Different class,0.5872802931172093
RBF,Same class,0.0078757847191848
RBF,Different class,0.22531809476595555
RBF,Different class,0.026092447860420837
RBF,Same class,0.5307221733642469
RBF,Different class,0.08027413853442075
RBF,Different class,0.09310107446797458
RBF,Same class,0.29134448463665763
RBF,Different class,0.026729330491877114
RBF,Same class,0.01503983940956407
RBF,Same class,0.0002948900508129955
RBF,Same class,0.6244892993377982
RBF,Different class,0.3462002318941688
RBF,Same class,0.45603397312909044
RBF,Same class,0.182918583234742
RBF,Same class,0.04097032556859946
RBF,Same class,0.0054927738686964605
RBF,Different class,0.3960869802718862
RBF,Same class,0.14660217058752298
RBF,Different class,0.3257698250486877
RBF,Different class,0.3020609558137045
RBF,Same class,0.12937599168317118
RBF,Different class,0.002629724880786776
RBF,Same class,0.09638447032569451
RBF,Different class,0.19120364485942246
RBF,Same class,0.7689211584772894
RBF,Different class,0.10044405989870824
RBF,Same class,0.19749506505938977
RBF,Same class,0.00036341255669949306
RBF,Same class,0.8040864954875863
RBF,Different class,0.07876468997105535
RBF,Different class,0.6430412853291221
RBF,Same class,0.2521926748702462
RBF,Different class,0.15396447505339397
RBF,Same class,0.0021853667901364578
RBF,Different class,0.21969521168604214
RBF,Same class,0.4702739282673062
RBF,Different class,0.058400887575508396
RBF,Same class,0.15237076399453198
RBF,Same class,0.19906009508650793
RBF,Different class,0.3616001962784842
RBF,Different class,0.8497803457915153
RBF,Same class,0.03811765187252034
RBF,Same class,0.26125954185728373
RBF,Different class,0.518874102697812
RBF,Same class,0.04758353881554417
RBF,Same class,0.5321594980757346
RBF,Different class,0.19517950761841912
RBF,Different class,0.1642817386948381
RBF,Different class,0.31224341211447204
RBF,Same class,0.059219018589075585
RBF,Same class,0.4997458833607427
RBF,Different class,0.003351126920394147
RBF,Same class,0.031290342830924245
RBF,Same class,0.7038454206278202
RBF,Same class,0.4986872964633315
RBF,Same class,0.2528221094279
RBF,Different class,0.27639970015067783
RBF,Different class,0.12467191169501592
RBF,Different class,0.13166203478802818
RBF,Same class,0.03980099370095609
RBF,Same class,0.11137891952277167
RBF,Same class,0.02835221071544867
RBF,Different class,0.13114768049685702
RBF,Different class,0.525221632176633
RBF,Same class,0.2617186091855378
RBF,Same class,0.7327185781597041
RBF,Same class,0.41083369325973584
RBF,Different class,0.4610914698358611
RBF,Same class,0.016942774095544007
RBF,Different class,0.07603951175642809
RBF,Same class,0.6649569617258495
RBF,Different class,0.38515912623099563
RBF,Same class,0.15335696067343257
RBF,Same class,1.2402814278904283e-05
RBF,Different class,0.37183651661832584
RBF,Different class,0.28719776257413016
RBF,Same class,0.76706480254934
RBF,Different class,0.32793088048409613
RBF,Different class,0.6538494500721099
RBF,Different class,0.009000978935353897
RBF,Different class,0.022338036958465934
RBF,Same class,0.4175530283699712
RBF,Same class,0.35889198083431534
RBF,Different class,2.831192627757414e-05
RBF,Same class,0.16609577271975384
RBF,Same class,0.051642657081402504
RBF,Same class,0.6236452890283163
RBF,Different class,0.30852819354756594
RBF,Different class,0.2343879740866635
RBF,Same class,0.25385170112087857
RBF,Same class,0.6694041308213545
RBF,Same class,0.22385285469829677
RBF,Different class,0.098432001809595
RBF,Different class,0.13133588362894424
RBF,Same class,0.11258041524941328
RBF,Different class,2.0569015129360897e-06
RBF,Different class,2.0103659008521267e-35
RBF,Different class,0.06466415833782688
RBF,Same class,0.4803486313667932
RBF,Same class,0.004968753893147474
RBF,Different class,0.018685610243374035
RBF,Same class,0.22547945968593686
RBF,Same class,0.020662583434511973
RBF,Different class,0.0881597215702759
RBF,Same class,0.17176409253636513
RBF,Different class,0.15425486709617622
RBF,Different class,0.011722893236498123
RBF,Same class,0.039646294805290284
RBF,Different class,0.16176927923388792
RBF,Different class,0.00871473283577694
RBF,Same class,0.0033652376869960695
RBF,Different class,0.22375866890549298
RBF,Different class,0.17860402346708537
RBF,Different class,0.19992580841086421
RBF,Same class,0.1089669965738956
RBF,Same class,0.665109997976763
RBF,Same class,0.033046894590558415
RBF,Same class,0.0562382503762236
RBF,Same class,0.023377872721098925
RBF,Different class,0.12389677089285386
RBF,Same class,0.8220197878710651
RBF,Same class,0.18683854723663143
RBF,Same class,0.034333619182437006
RBF,Different class,0.03241200249071634
RBF,Same class,0.032596820393562265
RBF,Same class,0.2782676785415251
RBF,Different class,0.020578491836948664
RBF,Different class,0.10603241898536711
RBF,Different class,0.11275719837933339
RBF,Same class,0.04426964367433689
RBF,Same class,0.09119072717030019
RBF,Different class,0.8846699639251323
RBF,Different class,0.26322691846560403
RBF,Same class,0.24800008074513177
RBF,Different class,0.20420939128560275
RBF,Different class,0.2017891904377805
RBF,Different class,0.13228805508330596
RBF,Same class,0.0024129457309352126
RBF,Same class,0.0786023114364221
RBF,Same class,0.11417415142156988
RBF,Same class,0.24914430995957038
RBF,Different class,0.02128348532944641
RBF,Same class,0.006063474667738222
RBF,Same class,0.2532714215708894
RBF,Same class,0.5492890521743833
RBF,Same class,0.025444626870076467
RBF,Same class,0.04146745336981729
RBF,Different class,0.32954829206501773
RBF,Same class,0.010842841221872044
RBF,Same class,0.008443876984237679
RBF,Different class,0.22221133787887068
RBF,Same class,0.0889526486233139
RBF,Same class,0.012839950927699408
RBF,Different class,0.08687792364039212
RBF,Different class,0.00021516463541055436
RBF,Different class,0.0015068293239910594
RBF,Same class,0.12199388500192371
RBF,Same class,0.03546669184634976
RBF,Different class,0.42984868760519823
RBF,Different class,0.014049057923249519
RBF,Same class,0.25456553465010084
RBF,Same class,0.31041259052382586
RBF,Same class,0.33923298267930374
RBF,Different class,0.17753823368203298
RBF,Different class,0.09821346909346944
RBF,Different class,0.4080182363722014
RBF,Different class,0.11346300274756585
RBF,Different class,0.6600600189288994
RBF,Different class,0.0062196307733684555
RBF,Different class,0.06571607553272416
RBF,Same class,0.1491072828305878
RBF,Different class,0.13575226339602806
RBF,Different class,0.6788584613065506
RBF,Different class,0.06127603449901526
RBF,Different class,1.2978472258700204e-25
RBF,Same class,0.4857663068583734
RBF,Different class,0.0003165876630614511
RBF,Different class,0.16655589227501322
RBF,Different class,0.0008398605093878519
RBF,Different class,0.0032222466511051657
RBF,Same class,0.007303483128928803
RBF,Different class,0.00026621669947977017
RBF,Different class,0.016691326810531038
RBF,Same class,0.04564090133394293
RBF,Same class,0.47341819086130504
RBF,Same class,0.13463449746400716
RBF,Different class,0.11112361395411718
RBF,Different class,0.021817269039170778
RBF,Same class,0.0633117685459611
RBF,Same class,0.15012403095880922
RBF,Same class,0.6279805856512374
RBF,Different class,0.0003475971722225798
RBF,Same class,0.16753883464292058
RBF,Same class,0.23101119564858202
RBF,Same class,0.48632296533309793
RBF,Same class,0.02418901004160621
RBF,Different class,0.15142892314977183
RBF,Same class,0.033848096290819675
RBF,Same class,0.0026922868964007756
RBF,Different class,0.0931278266775727
RBF,Same class,0.057013081576940856
RBF,Different class,0.1675243027878032
RBF,Same class,0.9275230149965543
RBF,Same class,0.2884082932374786
RBF,Same class,0.0004864387912056634
RBF,Different class,0.0007633523629578617
RBF,Same class,0.00447734413563638
RBF,Different class,0.1382140654673149
RBF,Same class,0.22696271673227977
RBF,Different class,0.15395440280865202
RBF,Same class,0.15437764990847228
RBF,Different class,0.2956347355223301
RBF,Same class,0.0007614195693521325
RBF,Same class,0.074295664654925
RBF,Different class,0.13674914828068088
RBF,Same class,0.12403602886737883
RBF,Different class,0.18228173079490043
RBF,Different class,0.043681607163021406
RBF,Same class,0.042383343562881176
RBF,Same class,0.07952160350196968
RBF,Same class,0.18129935913119444
RBF,Different class,0.0659455043746226
RBF,Different class,0.5385425907730453
RBF,Different class,0.13615070753576328
RBF,Same class,0.05112812382936121
RBF,Different class,0.03287359811292435
RBF,Same class,0.005091396063278041
RBF,Same class,0.02967772955585483
RBF,Different class,0.027488134798745924
RBF,Different class,0.04534452060706675
RBF,Same class,0.8811350152484175
RBF,Different class,0.41925342227609996
RBF,Same class,0.3771715633692309
RBF,Same class,0.4386908665177186
RBF,Same class,0.4250263178130113
RBF,Same class,0.6940477109052297
RBF,Different class,0.0007938737355014185
RBF,Different class,0.03563769772260018
RBF,Same class,0.043770509969008525
RBF,Different class,0.50468161125477
RBF,Same class,0.00015811196672827364
RBF,Same class,0.03975484810453591
RBF,Same class,0.4647516733647421
RBF,Same class,0.02637652584496582
RBF,Different class,0.9467894840270632
RBF,Same class,0.0001292602862318146
RBF,Same class,0.7516931416925453
RBF,Different class,0.141898628360777
RBF,Same class,0.26885478863451157
RBF,Same class,0.03938983729489367
RBF,Same class,0.13768597826822265
RBF,Same class,1.8122505921415693e-25
RBF,Different class,0.3547942083618109
RBF,Same class,0.1739850579096024
RBF,Different class,0.4377011376290872
RBF,Same class,0.44763253536576897
RBF,Same class,0.3045515909594865
RBF,Same class,0.09364129754543779
RBF,Different class,0.32796594745818247
RBF,Same class,9.444856149505912e-08
RBF,Different class,0.22699516230675568
RBF,Different class,0.3183268498398244
RBF,Different class,0.46815517920317057
RBF,Same class,0.4306728219455314
RBF,Different class,0.42569806806578464
RBF,Different class,0.003984318442550478
RBF,Different class,0.24754337859934625
RBF,Same class,0.2441017348848856
RBF,Different class,1.612464464385337e-25
RBF,Same class,0.00011721583034627731
RBF,Same class,0.17648394184727723
RBF,Same class,0.12707043956894962
RBF,Same class,0.036467953031855085
RBF,Different class,0.00434864644180212
RBF,Same class,0.17384227389357762
RBF,Different class,0.34283992354500453
RBF,Same class,0.11554337128380238
RBF,Different class,0.00683039750308426
RBF,Different class,0.24635313131519643
RBF,Different class,0.0018321093821298655
RBF,Same class,0.020403702199714775
RBF,Same class,0.059917627205961596
RBF,Same class,0.04320279586276841
RBF,Same class,0.26125464216625716
RBF,Same class,0.059461688232964334
RBF,Different class,0.15886748474091963
RBF,Different class,0.0004156512339455263
RBF,Same class,0.020427845994535787
RBF,Different class,0.31719711003956186
RBF,Different class,0.0028779105172854363
RBF,Same class,0.03432872884996315
RBF,Same class,0.2836814475715176
RBF,Same class,0.1728159346458999
RBF,Same class,0.046542153604837724
RBF,Different class,0.0005904810920881111
RBF,Different class,0.3704025480174203
RBF,Same class,0.07879579956447033
RBF,Same class,0.0014509562698343868
RBF,Different class,0.7231345954267897
RBF,Different class,0.0022269926740200513
RBF,Different class,0.7910302878723906
RBF,Same class,0.058201749561084155
RBF,Different class,0.09738795732262823
RBF,Different class,0.5557840165540553
RBF,Same class,0.3026192727488847
RBF,Same class,1.804282873295885e-05
RBF,Different class,0.34125248292050747
RBF,Same class,0.35039532565292036
RBF,Same class,0.07045291668459812
RBF,Different class,0.022273683642214798
RBF,Same class,0.06101605673722019
RBF,Same class,0.0007417516847237115
RBF,Same class,0.4081727155787622
RBF,Different class,0.1765223088138481
RBF,Different class,0.0036665109339741155
RBF,Same class,0.1152547746967143
RBF,Different class,0.003254815474132992
RBF,Same class,0.028496107264281458
RBF,Different class,0.3034727163788899
RBF,Same class,0.060093736367927884
RBF,Same class,0.493027349640803
RBF,Different class,0.07045926041666695
RBF,Same class,0.8116893466590118
RBF,Different class,0.43057185136004583
RBF,Different class,0.531940726578248
RBF,Different class,0.25527110651620943
RBF,Different class,0.010848484684162914
RBF,Different class,0.00552086851453185
RBF,Different class,0.2140205320484914
RBF,Different class,0.07412733217170145
RBF,Different class,2.2758565714111394e-05
RBF,Different class,0.048634610713547924
RBF,Different class,0.07406604845946411
RBF,Same class,0.0008597237056065059
RBF,Same class,0.8764154665344338
RBF,Same class,0.2539027329473577
RBF,Same class,0.6592867727612854
RBF,Same class,0.23290650615101557
RBF,Same class,0.2057477837381031
RBF,Different class,0.27156423123580026
RBF,Different class,0.06288731739572873
RBF,Different class,8.543303610064074e-06
RBF,Different class,0.07155261653228058
RBF,Different class,0.014378313484069026
RBF,Same class,0.10822192434831436
RBF,Same class,0.00955343476516616
RBF,Same class,0.23916952504983544
RBF,Same class,0.2202068112246263
RBF,Same class,0.037935140615125026
RBF,Different class,0.044609673964669694
RBF,Different class,0.6123695312397541
RBF,Different class,0.004510922570685623
RBF,Same class,0.012402777770610657
RBF,Same class,2.2511228127992842e-11
RBF,Different class,0.01605913357058648
RBF,Same class,0.0005848989652369154
RBF,Same class,0.15202992024991327
RBF,Different class,0.06232397687248002
RBF,Different class,0.009400494435885497
RBF,Different class,0.012134343935535107
RBF,Different class,0.32952772967092064
RBF,Same class,0.09671608207815344
RBF,Different class,0.7261231852015089
RBF,Different class,0.3465674795376204
RBF,Same class,0.7334301491090318
RBF,Same class,0.0028024002102503376
RBF,Same class,0.0756627705278548
RBF,Same class,0.020698843614249295
RBF,Different class,0.0009082649447616353
RBF,Same class,0.1544621487413573
RBF,Different class,0.04596783400703733
RBF,Same class,0.20907771458794996
RBF,Same class,0.24111191869423976
RBF,Same class,0.7809465215383206
RBF,Same class,0.34666089649819387
RBF,Same class,0.16437046215065867
RBF,Same class,0.09795960926326451
RBF,Different class,0.34399069195253246
RBF,Same class,0.2536113562928058
RBF,Same class,0.4528424480842079
RBF,Different class,7.635734759498374e-07
RBF,Same class,0.01848068731618332
RBF,Same class,0.05938378894851745
RBF,Same class,0.013432866020732043
RBF,Same class,0.4319987504044554
RBF,Same class,0.19558285477598714
RBF,Different class,0.07059224581141926
RBF,Different class,0.5809222663812008
RBF,Different class,0.4837988120518945
RBF,Different class,0.024529119576879657
RBF,Different class,0.010443920612988824
RBF,Same class,0.3845860266801809
RBF,Same class,0.46506427959640745
RBF,Different class,0.05302992489737228
RBF,Same class,0.11024709930991328
RBF,Same class,0.0591973600021029
RBF,Same class,0.006277726162561626
RBF,Same class,7.119002502860206e-05
RBF,Different class,0.2565550708915232
RBF,Different class,0.580685332970704
RBF,Different class,0.16277650929117518
RBF,Different class,0.06871411884506821
RBF,Same class,0.6044028418147952
RBF,Same class,0.6850565512424869
RBF,Different class,0.39573905924947556
RBF,Different class,0.20112902461585605
RBF,Same class,0.0003110441675760607
RBF,Different class,1.4571676714105655e-05
RBF,Same class,0.04331058271596077
RBF,Different class,0.4990410151974678
RBF,Different class,0.02248220135017331
RBF,Same class,0.5126489263622455
RBF,Different class,0.024288642728955503
RBF,Same class,0.22046648922457468
RBF,Different class,0.3670176206692399
RBF,Same class,0.439057157037694
RBF,Same class,0.3770915036318108
RBF,Different class,0.03211724440485333
RBF,Same class,0.36053370537382134
RBF,Same class,0.05908072305075321
RBF,Different class,0.8702769122747954
RBF,Different class,0.0964582152188661
RBF,Different class,0.08437981525756243
RBF,Different class,0.41072964948903323
RBF,Same class,0.7099387097319745
RBF,Same class,0.00040348937310743117
RBF,Different class,0.004152696890289898
RBF,Same class,0.2305082037343194
RBF,Same class,0.1888401409945972
RBF,Same class,0.6455480124036892
RBF,Same class,0.0559136745456076
RBF,Same class,0.04653980790917463
RBF,Same class,0.07783153875887741
RBF,Different class,0.3638372633197182
RBF,Different class,0.09901148031407098
RBF,Different class,0.5346844378810416
RBF,Same class,0.003953972446694437
RBF,Same class,0.6540641279315729
RBF,Different class,0.20706630004083554
RBF,Same class,0.058101109524500004
RBF,Different class,0.06832819626479504
RBF,Same class,0.17708409394400657
RBF,Different class,0.23751757361579967
RBF,Same class,5.648689880038014e-12
RBF,Same class,2.3842788143691116e-25
RBF,Different class,0.0053601096549941276
RBF,Different class,0.017809095514346035
RBF,Same class,0.09851173303729274
RBF,Same class,5.9903939865323495e-06
RBF,Same class,0.01094992455354935
RBF,Different class,0.16892684825631743
RBF,Different class,0.05222519351896948
RBF,Different class,0.0016478762652829915
RBF,Different class,0.9414005985905902
RBF,Different class,0.22466353033149986
RBF,Same class,0.009675900425483514
RBF,Same class,0.025813736840373122
RBF,Different class,0.1973508372853095
RBF,Different class,0.7384791976339041
RBF,Different class,0.30834049059195623
RBF,Same class,0.06496941485430345
RBF,Same class,0.09217879415616412
RBF,Different class,0.014571587907416254
RBF,Same class,4.028137857483545e-05
RBF,Same class,0.2398537619296831
RBF,Different class,0.06710938615947562
RBF,Different class,0.12676983077635712
RBF,Same class,0.3640107016910338
RBF,Different class,0.042448302819451555
RBF,Same class,0.04845016505333487
RBF,Different class,0.08832687753123744
RBF,Same class,0.8864718974022939
RBF,Different class,0.003961913169899967
RBF,Same class,0.015408940310230318
RBF,Same class,4.429380220941965e-06
RBF,Different class,0.019656917868399404
RBF,Different class,0.02108008783154531
RBF,Same class,0.28119392021347556
RBF,Different class,0.0732538327255361
RBF,Different class,0.10852214411421153
RBF,Different class,0.8583322128757732
RBF,Same class,0.2984211190813837
RBF,Different class,0.12084959761920055
RBF,Same class,0.16981789666460403
RBF,Same class,0.32452237800508643
RBF,Different class,0.013018436725451272
RBF,Different class,0.052320755860040986
RBF,Same class,0.21840872691545096
RBF,Different class,0.13919722654283823
RBF,Different class,0.008569955070199082
RBF,Same class,9.188273932485126e-05
RBF,Same class,0.12267965735344205
RBF,Same class,5.170235963631759e-06
RBF,Same class,0.097969042109552
RBF,Same class,0.017025486200921768
RBF,Same class,0.3641802413275095
RBF,Different class,0.6555097647666217
RBF,Same class,0.12671087943446507
RBF,Different class,0.039322269963198486
RBF,Same class,0.07806267323326205
RBF,Same class,0.7352040909582873
RBF,Different class,0.021740640253775347
RBF,Different class,0.4414460395106554
RBF,Different class,0.17625694269122558
RBF,Same class,0.06014226661410186
RBF,Same class,0.438706490340025
RBF,Same class,0.032750624166125605
RBF,Same class,0.01004128979359534
RBF,Different class,0.9414557439546863
RBF,Same class,0.03788349408990548
RBF,Same class,0.2948676058551754
RBF,Same class,0.558571589851618
RBF,Same class,0.46474960873028837
RBF,Different class,0.5445854272835958
RBF,Different class,0.8466815240828099
RBF,Different class,0.0018744865147460653
RBF,Different class,0.05812347679173322
RBF,Different class,0.13744132044022955
RBF,Different class,0.11019717123724786
RBF,Same class,0.254682627532545
RBF,Different class,0.10388912061034086
RBF,Same class,0.24607916727738377
RBF,Different class,0.014592818807967322
RBF,Different class,0.24330605404693043
RBF,Different class,0.22570625051754106
RBF,Same class,0.5106711536340731
RBF,Different class,0.3254205061826533
RBF,Different class,1.0846236958190991e-07
RBF,Same class,0.2535795622946106
RBF,Same class,0.05528135616018014
RBF,Different class,0.5459022504868262
RBF,Same class,0.15230862525807673
RBF,Same class,1.979288141681447e-05
RBF,Different class,0.10881839849096868
RBF,Same class,2.051610518389994e-05
RBF,Same class,0.15299743836599733
RBF,Same class,0.19579762432377215
RBF,Same class,0.0012710855508069549
RBF,Different class,0.024182910349926767
RBF,Same class,0.1581278880811177
RBF,Different class,0.4666664369797516
RBF,Different class,0.02220528482954488
RBF,Same class,0.10092194530050301
RBF,Same class,0.33994658827532037
RBF,Different class,0.29747710413510325
RBF,Different class,2.8643338170895204e-05
RBF,Same class,0.20780084652247538
RBF,Same class,0.19977973226624132
RBF,Same class,0.20896709765100155
RBF,Same class,0.3491248424160471
RBF,Different class,0.5577252052197886
RBF,Different class,0.126458914066724
RBF,Same class,0.3079082206781167
RBF,Different class,0.048801202899272866
RBF,Same class,0.0018758171202378287
RBF,Different class,0.024643275534535276
RBF,Same class,0.0003112618392741756
RBF,Same class,0.41147424706195523
RBF,Different class,0.6046166204873843
RBF,Different class,0.022979416341565435
RBF,Different class,0.015230525131895123
RBF,Different class,0.014039765227618144
RBF,Different class,0.08406742607926493
RBF,Same class,0.04374918944215464
RBF,Different class,0.053630774619971906
RBF,Different class,0.01456085832869012
RBF,Same class,0.04094047509319569
RBF,Same class,0.0676176099868909
RBF,Same class,0.002402050567217758
RBF,Different class,0.09996951877459283
RBF,Different class,0.2933254973718973
RBF,Different class,0.3291320814020378
RBF,Different class,1.9027628797304982e-05
RBF,Same class,0.23912170620534642
RBF,Different class,0.7680649176368207
RBF,Same class,0.5608616090601725
RBF,Same class,0.21459441687935094
RBF,Different class,0.5570071552050905
RBF,Same class,0.7067173556101
RBF,Same class,0.023399096022920732
RBF,Same class,0.38867057431602864
RBF,Same class,0.1549933089228264
RBF,Different class,7.531661234073609e-25
RBF,Same class,0.12469497448698524
RBF,Different class,0.014407989007131803
RBF,Same class,0.2073863216157968
RBF,Same class,0.18784240531205548
RBF,Different class,0.026940182659806685
RBF,Different class,0.1836065384355538
RBF,Same class,0.0757676376407524
RBF,Different class,0.03928929864832339
RBF,Different class,0.2790831464832573
RBF,Different class,0.2390583086139975
RBF,Different class,0.24632699755124698
RBF,Same class,0.04925263909846909
RBF,Same class,0.5218436985693793
RBF,Different class,0.23086733632401635
RBF,Same class,0.22081916652035385
RBF,Same class,0.851742728429673
RBF,Same class,0.6915853747910596
RBF,Same class,0.1754069553073889
RBF,Different class,0.24424230601042998
RBF,Same class,0.1596454473629473
RBF,Different class,0.07231993499747809
RBF,Same class,0.81367894576621
RBF,Different class,0.48029975482324694
RBF,Different class,0.15863188611977438
RBF,Different class,0.014957155978159716
RBF,Different class,0.8371270036747728
RBF,Same class,0.3639410110304229
RBF,Different class,0.9056669219601597
RBF,Different class,0.009987220946085439
RBF,Different class,0.2538257990633496
RBF,Different class,0.3171902570403924
RBF,Different class,0.42078998632494397
RBF,Same class,0.25201376670347975
RBF,Same class,0.0007605005858197546
RBF,Different class,0.32483853261495427
RBF,Different class,0.1951504241938866
RBF,Different class,0.03558262506366049
RBF,Different class,0.17103049970573128
RBF,Same class,4.526926170403308e-21
RBF,Different class,0.046278880464412704
RBF,Same class,0.005639648387755688
RBF,Different class,0.029220742293103907
RBF,Same class,0.05674186911971347
RBF,Same class,0.8076311239660937
RBF,Different class,0.01461190312616765
RBF,Same class,0.8232263917143829
RBF,Same class,0.10119366911891373
RBF,Same class,0.21118893146402842
RBF,Same class,0.1071789067220371
RBF,Same class,0.7664427157323995
RBF,Same class,0.5454743713857164
RBF,Same class,0.2649665062499578
RBF,Different class,0.40741880871085934
RBF,Different class,0.06435544652036955
RBF,Different class,0.5922153538666808
RBF,Same class,0.04656171423601268
RBF,Different class,0.8482865531616484
RBF,Different class,0.19921223100206795
RBF,Same class,0.6161977019141466
RBF,Same class,0.260843659548793
RBF,Same class,0.37120043142910303
RBF,Different class,0.20405269648812496
RBF,Different class,0.011665625807817485
RBF,Same class,0.26201753536123107
RBF,Different class,0.1018900012820729
RBF,Same class,0.14071219240807162
RBF,Same class,0.001231645807900344
RBF,Same class,0.4887447044942105
RBF,Same class,0.0891102171254577
RBF,Different class,0.030421787533640166
RBF,Different class,0.13799404764821366
RBF,Same class,0.12424582972957954
RBF,Same class,0.018183834811920367
RBF,Same class,0.04569798289467794
RBF,Different class,0.015205418537314996
RBF,Different class,0.08775331837639874
RBF,Different class,0.2174322345755217
RBF,Different class,0.007846776043979969
RBF,Same class,0.022724503651664483
RBF,Same class,0.019890219714922757
RBF,Same class,0.006468644535149558
RBF,Different class,0.00044693755765828544
RBF,Same class,0.010255068806114464
RBF,Different class,0.020367025215195053
RBF,Different class,0.3298964425968615
RBF,Different class,0.00025211687355973305
RBF,Same class,0.30736961573021737
RBF,Same class,0.001944550798553336
RBF,Different class,0.0013236926123410136
RBF,Different class,0.1502030607226514
RBF,Same class,0.334285689268377
RBF,Same class,0.269972115436364
RBF,Same class,0.19741791876911424
RBF,Same class,0.2948182601949595
RBF,Same class,0.0004110146039921217
RBF,Different class,0.26964801490271445
RBF,Different class,0.11285503387394054
RBF,Different class,0.07356858392159635
RBF,Different class,0.0014879961985339223
RBF,Different class,0.5895681977329615
RBF,Different class,0.025613012414325807
RBF,Different class,0.22769439219272633
RBF,Same class,0.13010049774683455
RBF,Different class,0.12302010933031284
RBF,Same class,0.6902050876482647
RBF,Different class,0.013826255565792716
RBF,Same class,0.038864948797353395
RBF,Same class,0.015098717465260043
RBF,Same class,6.891598033106413e-07
RBF,Same class,0.07828553763531802
RBF,Different class,0.06482171492168134
RBF,Same class,0.20294509008672884
RBF,Same class,0.2832202082985634
RBF,Same class,0.019670515342818946
RBF,Same class,0.07493238663688713
RBF,Different class,0.007118087583721161
RBF,Different class,0.0135663358798259
RBF,Different class,0.0008676291769024435
RBF,Same class,0.0402062942152863
RBF,Same class,0.1464183439743848
RBF,Different class,0.7351342676614021
RBF,Same class,0.13651825424664324
RBF,Different class,0.19227025389291305
RBF,Different class,0.009643532580849745
RBF,Different class,0.06431791648445193
RBF,Different class,0.051462490465967695
RBF,Different class,0.01893731863280097
RBF,Different class,0.6366905661929482
RBF,Different class,0.060924276713918146
RBF,Same class,0.10832813574890857
RBF,Same class,0.29826787279576994
RBF,Same class,0.7766288193551839
RBF,Same class,0.056967461456815124
RBF,Same class,0.0015738003936901948
RBF,Same class,0.19205630543304988
RBF,Different class,0.15362186335442787
RBF,Same class,0.018088263013288197
RBF,Different class,0.06966414739050528
RBF,Same class,0.1672092288628517
RBF,Same class,0.1167955312784604
RBF,Different class,0.15388358650145442
RBF,Different class,0.0031608829164074138
RBF,Different class,0.12693512752132263
RBF,Same class,0.5133518009400381
RBF,Same class,0.1857203131897712
RBF,Same class,0.18350244215116246
RBF,Same class,0.7532911501295954
RBF,Different class,0.4726151905526751
RBF,Different class,0.01563389724772398
RBF,Same class,0.8774577773307831
RBF,Different class,0.003602221600321156
RBF,Different class,0.04393571587678249
RBF,Same class,0.000491037718861687
RBF,Different class,1.254216977574055e-09
RBF,Same class,0.3212543648133846
RBF,Same class,0.13910982722978052
RBF,Same class,0.7691240348498586
RBF,Same class,0.003791487835258147
RBF,Same class,0.017973996222721472
RBF,Different class,0.1408238106354231
RBF,Same class,0.0001915644546229482
RBF,Different class,0.20545249067175975
RBF,Different class,0.00018410369969454497
RBF,Same class,0.006991177081160292
RBF,Different class,0.20406476694105888
RBF,Same class,0.3204202343792197
RBF,Different class,0.07161629214087964
RBF,Same class,0.01462765536369013
RBF,Same class,0.030177336368175205
RBF,Same class,0.004586182560542541
RBF,Different class,0.052227021352097155
RBF,Same class,0.004894732350439003
RBF,Same class,0.35326915101911993
RBF,Same class,0.185062765315887
RBF,Different class,0.13605502824744178
RBF,Different class,0.02616677158563835
RBF,Same class,1.1152835724813237e-25
RBF,Same class,0.15047360621859648
RBF,Same class,0.22108196933735608
RBF,Same class,0.08853644480514145
RBF,Different class,0.1251996594731173
RBF,Same class,0.5456738351217743
RBF,Different class,0.5113844154494697
RBF,Different class,0.08516405093212426
RBF,Same class,0.0945425460271071
RBF,Same class,0.40317418058918614
RBF,Different class,0.1038035788063317
RBF,Different class,0.5102193363683069
RBF,Same class,0.47730831408246777
RBF,Same class,0.11581552949126916
RBF,Different class,0.18643569352913436
RBF,Different class,0.00014557714632955018
RBF,Same class,0.2980723387499877
RBF,Same class,7.040142638870402e-08
RBF,Same class,0.13131192974236677
RBF,Different class,0.003123914168381098
RBF,Same class,0.1799341736565945
RBF,Different class,0.030685365945056095
RBF,Same class,0.3200018482806172
RBF,Different class,0.347225830922829
RBF,Different class,0.0018124033836239746
RBF,Different class,0.006870902280777235
RBF,Different class,0.07121176607003046
RBF,Same class,0.006937390723761609
RBF,Same class,0.05501336618545738
RBF,Different class,0.0017477084223510224
RBF,Same class,0.6794367221343116
RBF,Same class,0.019098189328447507
RBF,Same class,0.010996556732030687
RBF,Same class,0.32956645334238616
RBF,Different class,0.06373974298475059
RBF,Same class,0.25328566463920726
RBF,Different class,0.049757051469312315
RBF,Different class,0.44739786215343846
RBF,Different class,0.7291234356396713
RBF,Same class,0.0868906216481851
RBF,Same class,0.12246805166999575
RBF,Different class,0.3525076909418839
RBF,Same class,0.12234371266140523
RBF,Different class,0.2531261624689254
RBF,Different class,0.12640523540016216
RBF,Same class,0.1041730705921874
RBF,Different class,0.09735885846172133
RBF,Same class,0.22888378593122485
RBF,Different class,0.3092641812284091
RBF,Same class,0.027630694184005395
RBF,Different class,0.13353228802427208
RBF,Same class,0.35998711507062253
RBF,Different class,0.4827405952819043
RBF,Different class,0.28119967766054993
RBF,Different class,0.5845454457543431
RBF,Same class,0.6647501447990395
RBF,Different class,0.018268808549900827
RBF,Different class,0.5107265743848898
RBF,Different class,0.07953095729840365
RBF,Different class,0.11521377769261643
RBF,Same class,0.07679920992311916
RBF,Different class,0.05189776862278314
RBF,Different class,0.07865343901532841
RBF,Different class,0.06177466397572923
RBF,Different class,0.34782334409745547
RBF,Different class,0.08560941859479182
RBF,Same class,0.40340473667165927
RBF,Different class,0.3471967731852353
RBF,Different class,0.15899722503260103
RBF,Different class,0.026915500100192183
RBF,Same class,0.05531596138136734
RBF,Same class,0.03799697035976469
RBF,Different class,0.02902842339070869
RBF,Different class,0.5472777573880431
RBF,Same class,0.01994392413213853
RBF,Different class,0.006579639009830562
RBF,Different class,0.32360271429882254
RBF,Same class,0.2060889686872998
RBF,Same class,0.03246649032108009
RBF,Different class,0.10327697521990616
RBF,Same class,0.029161623643578872
RBF,Different class,1.0005072313319938e-08
RBF,Different class,0.9329198163809547
RBF,Different class,0.1938511187318984
RBF,Same class,1.95134999552855e-11
RBF,Different class,0.01208419219812017
RBF,Different class,7.737115918212263e-06
RBF,Different class,0.0060274150598098345
RBF,Different class,0.018572103700062056
RBF,Same class,0.41895224570570583
RBF,Same class,0.06704716376019
RBF,Different class,0.10145007195898961
RBF,Different class,0.05684496146442
RBF,Same class,0.01873637685339026
RBF,Same class,0.044860792464515825
RBF,Same class,0.8403017152488532
RBF,Same class,0.042296101234559104
RBF,Different class,0.015867753098516603
RBF,Same class,0.012997858368455555
RBF,Same class,0.07513725651420457
RBF,Same class,0.8009476907764166
RBF,Different class,0.022806878741324105
RBF,Same class,0.21077632998302528
RBF,Different class,0.0002523090884405553
RBF,Same class,0.9566899020039774
RBF,Same class,0.17804481881862322
RBF,Same class,0.009526624467166893
RBF,Different class,2.8192602390090882e-11
RBF,Same class,0.13127984597059503
RBF,Same class,0.04701921363289822
RBF,Different class,0.005087895745889916
RBF,Different class,0.015982639252420862
RBF,Different class,0.13870723246999708
RBF,Same class,0.3942255585793434
RBF,Different class,0.021499981968699233
RBF,Same class,0.3728731161603866
RBF,Different class,0.5456928538027849
RBF,Different class,0.42749958927480863
RBF,Same class,0.05390820431539892
RBF,Same class,0.2355134719683013
RBF,Different class,0.0011323996473475684
RBF,Same class,0.055127073859986324
RBF,Same class,0.1109655497279378
RBF,Different class,0.02158432037577173
RBF,Same class,0.6713152429723162
RBF,Different class,0.2692255088840109
RBF,Same class,0.2378379876263881
RBF,Same class,0.015183808797093733
RBF,Same class,0.4832141827966022
RBF,Different class,0.05855694828720422
RBF,Same class,0.1306150320637138
RBF,Same class,0.43986612301891537
RBF,Same class,0.10212794332752032
RBF,Same class,0.11161579416947184
RBF,Same class,0.06418532567994849
RBF,Different class,0.03420709101971097
RBF,Different class,0.004173360089286382
RBF,Same class,0.21114141454517218
RBF,Same class,0.43411111446159234
RBF,Same class,0.190615889075232
RBF,Same class,0.5107192619766898
RBF,Same class,0.7510197449796623
RBF,Different class,0.0837230761494904
RBF,Same class,1.2000873045079165e-05
RBF,Same class,0.346773690189371
RBF,Different class,0.2333325602316912
RBF,Different class,0.028472732061907757
RBF,Different class,0.6131171120728621
RBF,Same class,0.2846936317232145
RBF,Different class,0.08165465023579146
RBF,Different class,0.09299199335225403
RBF,Same class,0.008476113035068384
RBF,Different class,0.0056203102066337525
RBF,Same class,0.09782561408223857
RBF,Different class,0.523678231245576
RBF,Different class,0.14193921795927475
RBF,Different class,0.17185457998297554
RBF,Different class,0.08374940913701868
RBF,Different class,0.3164104627423483
RBF,Different class,0.06626626042518897
RBF,Same class,2.5836196949366656e-12
RBF,Same class,0.1987612957739379
RBF,Same class,0.3531373672552209
RBF,Same class,0.02677085383236822
RBF,Same class,0.04360296028541659
RBF,Different class,0.5076108714007825
RBF,Different class,0.03819873332138652
RBF,Different class,0.0364569197753405
RBF,Different class,0.08561660686869861
RBF,Different class,0.030015716097211032
RBF,Different class,0.43985847273218287
RBF,Same class,0.6928334730518336
RBF,Same class,0.13915594167287682
RBF,Different class,0.6407452635328004
RBF,Same class,0.2992532677644574
RBF,Same class,0.49071875372141777
RBF,Different class,0.004647357293123219
RBF,Different class,0.011033039793182422
RBF,Same class,6.533774195331404e-05
RBF,Different class,0.6245935465941888
RBF,Different class,0.06540622761035647
RBF,Same class,0.5829626483221094
RBF,Same class,0.19403779942559854
RBF,Same class,0.6292467908624443
RBF,Different class,0.019827737957284406
RBF,Same class,0.40528850098474123
RBF,Same class,0.5821783441838329
RBF,Same class,0.8814116722781009
RBF,Same class,0.02431399466041148
RBF,Different class,0.29265271378079794
RBF,Same class,0.15531559586156077
RBF,Different class,0.5556219384903732
RBF,Same class,0.0867047992331929
RBF,Same class,5.959522232037757e-05
RBF,Different class,0.0931647481435366
RBF,Same class,0.07186827082218779
RBF,Same class,0.16370877245387924
RBF,Same class,0.2898753443508008
RBF,Different class,0.3766262938580492
RBF,Different class,0.060556114414979184
RBF,Different class,0.5556461405249029
RBF,Different class,0.5022647579675644
RBF,Same class,8.277475495533848e-12
RBF,Different class,0.0019480501057557228
RBF,Same class,0.5632764342060815
RBF,Different class,0.1376166201000811
RBF,Same class,0.1568771399153185
RBF,Different class,0.16854304978828746
RBF,Different class,0.588089848766433
RBF,Different class,0.0018774716253159862
RBF,Same class,0.006425507970860067
RBF,Different class,0.4314853383681322
RBF,Different class,0.5904261040723531
RBF,Different class,0.4732341390118334
RBF,Different class,0.03357211113550179
RBF,Different class,0.225300472264851
RBF,Same class,0.056632734989480835
RBF,Different class,0.5098506081031218
RBF,Different class,0.13773635371508142
RBF,Different class,0.5135827914351534
RBF,Same class,0.0429024983486967
RBF,Same class,0.10080305304921597
RBF,Different class,0.06966357439628527
RBF,Different class,0.17009187589610875
RBF,Same class,0.027590120093132837
RBF,Same class,0.3468099307839578
RBF,Same class,0.4046572170050588
RBF,Same class,0.1592347503593291
RBF,Different class,0.40868409537723227
RBF,Same class,0.012258524335756004
RBF,Different class,0.09178488163832446
RBF,Different class,0.042141871368267504
RBF,Different class,0.2872736862973254
RBF,Same class,0.038065228240712255
RBF,Same class,0.42217024321053137
RBF,Same class,0.1565343987228868
RBF,Same class,0.011197353890001335
RBF,Different class,0.20341910227391122
RBF,Different class,0.4585977150969206
RBF,Same class,0.018922435657686976
RBF,Same class,0.12515445264787006
RBF,Same class,0.7651992581517277
RBF,Different class,0.5487030791626369
RBF,Different class,0.0431596271810816
RBF,Different class,0.01239504070531335
RBF,Same class,0.7914612152758845
RBF,Different class,0.3362257890567521
RBF,Different class,0.06354677615039908
RBF,Different class,0.06527766581025758
RBF,Different class,0.06468049230964659
RBF,Same class,0.5838478911688532
RBF,Different class,0.0005303455829123973
RBF,Same class,0.23737549656107357
RBF,Same class,0.1151511759664657
RBF,Same class,0.8621421772521599
RBF,Different class,0.029145109144273307
RBF,Same class,0.00561442955682463
RBF,Same class,0.10321549063303537
RBF,Same class,0.10275616798047803
RBF,Same class,0.43818665512627947
RBF,Same class,0.5073552351565161
RBF,Same class,0.45540879270331525
RBF,Different class,0.12921614809007317
RBF,Same class,0.0071173903411711655
RBF,Same class,0.14989104846684528
RBF,Different class,0.37225376945740823
RBF,Different class,0.09582775387393232
RBF,Different class,0.04888364391199012
RBF,Different class,0.038229145430066856
RBF,Same class,0.1980173046035233
RBF,Same class,0.44929560821876097
RBF,Different class,0.7656714872519093
RBF,Different class,0.40781117660668514
RBF,Different class,0.2080372948672041
RBF,Same class,0.0012698582482855532
RBF,Different class,0.7516354382445093
RBF,Different class,0.440072937293676
RBF,Different class,0.021399403893924134
RBF,Same class,2.8911294679949785e-05
RBF,Same class,0.42429096729153853
RBF,Different class,0.2867083125201367
RBF,Different class,0.04428211655915284
RBF,Different class,0.672520910807732
RBF,Same class,0.04228364534652565
RBF,Different class,0.050388725672800026
RBF,Same class,0.20494399984691486
RBF,Same class,0.15245332795318134
RBF,Different class,0.09734348340422067
RBF,Same class,2.921365766885537e-26
RBF,Different class,0.016595360639441763
RBF,Different class,0.29285518938443905
RBF,Different class,6.177380843775164e-12
RBF,Same class,0.055368532793647604
RBF,Same class,0.047451605592380514
RBF,Different class,0.1350122680687779
RBF,Same class,0.2186831408718363
RBF,Different class,0.8368075244168609
RBF,Same class,0.5240313647014848
RBF,Different class,0.2171350689648634
RBF,Different class,0.16773509844855788
RBF,Different class,0.18181599500492285
RBF,Different class,0.13101704083154503
RBF,Different class,0.003930415581541118
RBF,Different class,0.2038112297519102
RBF,Same class,0.0018136376985868413
RBF,Same class,0.47224539285406364
RBF,Same class,0.008418868877116636
RBF,Same class,0.25723123225161415
RBF,Different class,0.07257703265711345
RBF,Same class,0.009267392996374031
RBF,Same class,0.01908662360594559
RBF,Different class,0.8911451295918409
RBF,Different class,4.832438312937343e-09
RBF,Same class,0.0033066574570975752
RBF,Same class,0.5410019980199989
RBF,Same class,0.010190968329626862
RBF,Same class,0.1151710562854253
RBF,Same class,0.3636379234929274
RBF,Same class,0.789930507733998
RBF,Different class,0.434671319303737
RBF,Different class,0.009293467927453523
RBF,Same class,2.6222294111350596e-07
RBF,Different class,0.34257589669723837
RBF,Different class,0.00445296472157068
RBF,Same class,0.04787286010171731
RBF,Different class,0.2172959057503133
RBF,Different class,0.006315958762466213
RBF,Same class,0.582123382826922
RBF,Same class,0.4434484099372264
RBF,Same class,0.5522124532608216
RBF,Same class,0.22273247290870532
RBF,Different class,0.2430176779898762
RBF,Same class,0.003603965574840308
RBF,Same class,0.00012960071650424917
RBF,Same class,0.14392827593981322
RBF,Different class,0.033464677333990375
RBF,Different class,0.017660448925902676
RBF,Same class,0.10288269734111866
RBF,Same class,0.01581206919872423
RBF,Different class,0.008021956852497738
RBF,Same class,0.03427383494931799
RBF,Same class,0.4527848931817241
RBF,Different class,0.11901365071649078
RBF,Different class,0.04847522806423632
RBF,Different class,0.13935246874317125
RBF,Different class,0.13731685176793856
RBF,Same class,0.10118617079560753
RBF,Different class,0.0013182300237219611
RBF,Different class,0.00048032153892504063
RBF,Different class,0.002350306015661159
RBF,Same class,0.6742968954093977
RBF,Different class,0.6398835601400017
RBF,Different class,1.5959251228145685e-25
RBF,Different class,0.15130748043882974
RBF,Same class,0.36850169549074346
RBF,Different class,0.8006082032529774
RBF,Same class,0.07612262142256607
RBF,Different class,0.12090706619061166
RBF,Different class,0.00716251668762232
RBF,Different class,0.055254196794138816
RBF,Same class,0.05793542752570915
RBF,Same class,0.5888296221613037
RBF,Same class,0.04743433762683436
RBF,Same class,0.15994129116144234
RBF,Different class,5.21803830945776e-09
RBF,Different class,0.043849732886566406
RBF,Same class,7.866111343310442e-06
RBF,Different class,0.28948810320575574
RBF,Different class,0.09345504706680687
RBF,Different class,0.09440853684923557
RBF,Different class,0.15502564317400253
RBF,Different class,0.025613012414325807
RBF,Different class,0.3459125165546943
RBF,Same class,0.020912993326404276
RBF,Different class,0.3374637156215922
RBF,Same class,0.20825434453186992
RBF,Same class,0.031632912634302866
RBF,Same class,0.07741556363184211
RBF,Different class,0.05871485344409533
RBF,Same class,0.15853068095524844
RBF,Different class,0.7339852883221173
RBF,Different class,0.18003341656439398
RBF,Same class,0.03246912607248453
RBF,Same class,0.30308054147407676
RBF,Different class,0.058514529887195285
RBF,Different class,0.04112039173829785
RBF,Different class,0.07456963013149545
RBF,Same class,0.04649577684270886
RBF,Same class,0.35088689417794344
RBF,Different class,0.13996977712237615
RBF,Same class,0.03751689067771481
RBF,Same class,0.12897547983118995
RBF,Different class,0.36227971765668404
RBF,Same class,0.8547315339804895
RBF,Different class,0.11767592471968545
RBF,Same class,1.2349169408527584e-11
RBF,Same class,0.08067179322052803
RBF,Different class,0.038451055367863425
RBF,Same class,0.010633217078879886
RBF,Different class,0.0813188514434863
RBF,Different class,0.38878588002777464
RBF,Same class,0.011675649315807722
RBF,Same class,0.4178207913614196
RBF,Same class,0.09537157007675666
RBF,Different class,0.12159305723581959
RBF,Same class,0.20571538438344872
RBF,Same class,0.16237386428417563
RBF,Different class,0.056380875608234494
RBF,Same class,0.37437098235871846
RBF,Same class,0.06444343075804117
RBF,Same class,0.16400747588239384
RBF,Same class,0.12662748463360363
RBF,Different class,0.11398698630349276
RBF,Same class,0.07506229405982297
RBF,Same class,0.057950990543007605
RBF,Different class,0.016803789395018823
RBF,Same class,1.5355484310368205e-05
RBF,Same class,0.30561463193987976
RBF,Different class,0.2745862797916907
RBF,Same class,0.6895213840504382
RBF,Same class,0.0017358956627158391
RBF,Same class,0.08785136877269395
RBF,Different class,0.6003933787200614
RBF,Different class,0.9047038816328368
RBF,Same class,0.0005190842148265707
RBF,Different class,0.2798582529789872
RBF,Same class,0.036470781831314726
RBF,Same class,0.14062890474806797
RBF,Same class,0.12200694845130744
RBF,Different class,0.0035020339185757978
RBF,Different class,2.788014366030365e-08
RBF,Same class,0.5852341434712299
RBF,Same class,0.0001224511943460714
RBF,Same class,0.2808375692458737
RBF,Same class,0.055262174933053805
RBF,Different class,0.844122197354255
RBF,Different class,0.0460448559068226
RBF,Different class,0.0015789082585865829
RBF,Same class,0.11585817314712388
RBF,Same class,0.12576856351671353
RBF,Different class,0.5440818266088112
RBF,Same class,0.011103730853227906
RBF,Different class,0.5546242480664473
RBF,Same class,0.4290081530176541
RBF,Different class,0.017342593892029603
RBF,Different class,0.012757345198064254
RBF,Different class,0.10834545409577137
RBF,Different class,0.07946943850154421
RBF,Same class,0.8285729750735644
RBF,Same class,0.004950771389867231
RBF,Same class,0.0064214306077235
RBF,Same class,0.0006623254177819805
RBF,Different class,1.5289504126580598e-05
RBF,Different class,0.09168364903381315
RBF,Different class,2.7397182550642047e-06
RBF,Same class,0.13205684857848657
RBF,Different class,5.188861669490741e-06
RBF,Different class,0.14813027142434296
RBF,Same class,0.12427157370545476
RBF,Same class,0.8509640384317841
RBF,Different class,0.004614330614870331
RBF,Same class,0.010039645718984
RBF,Same class,4.5400074817040506e-11
RBF,Different class,0.4026848619385841
RBF,Same class,0.047793575123031375
RBF,Same class,0.0037235610136316056
RBF,Different class,0.5532813852237761
RBF,Different class,0.659129328454368
RBF,Same class,0.3014298366629262
RBF,Different class,0.009440397849199431
RBF,Different class,2.2014185147058698e-05
RBF,Different class,0.10007639844465785
RBF,Different class,0.0006739016986236659
RBF,Different class,0.039482554621665035
RBF,Same class,0.20912384383083613
RBF,Different class,0.01719083447028202
RBF,Different class,0.07637586686756272
RBF,Different class,0.0758928583657353
RBF,Same class,8.965514640517295e-06
RBF,Same class,0.00268532072359795
RBF,Same class,0.42472765433055454
RBF,Different class,0.47883439166422354
RBF,Different class,0.06158931581083908
RBF,Same class,0.00021906311978533088
RBF,Different class,0.07724277411592471
RBF,Different class,0.8769118382275277
RBF,Different class,0.07695689575856232
RBF,Different class,0.025323436125861225
RBF,Same class,0.04119516291230275
RBF,Same class,0.22360467200067397
RBF,Different class,0.4298380148378225
RBF,Same class,0.09862540991648704
RBF,Different class,0.8815492820976049
RBF,Different class,0.527292474300198
RBF,Different class,0.00010043887225921123
RBF,Different class,0.3161775749446465
RBF,Different class,0.2675781853770901
RBF,Same class,0.02090271474324245
RBF,Same class,0.15643492606921808
RBF,Same class,0.0357709209987788
RBF,Same class,0.3079235480850035
RBF,Same class,0.12272544460038212
RBF,Same class,0.0366735548663127
RBF,Same class,0.9313371339242235
RBF,Same class,0.8668719152065345
RBF,Different class,0.04069156330100591
RBF,Same class,0.3000940764081766
RBF,Same class,0.4231857382066875
RBF,Different class,0.09804481832582077
RBF,Different class,0.1755174811524641
RBF,Different class,0.16693853330451217
RBF,Different class,0.0008606065147384141
RBF,Same class,0.10085627511355476
RBF,Different class,2.4105013359492586e-11
RBF,Different class,0.00015143867254200513
RBF,Different class,0.1097726920627419
RBF,Same class,0.04508522877743768
RBF,Different class,0.2705688419355115
RBF,Different class,0.0300316397636083
RBF,Same class,0.00028634098245860557
RBF,Same class,0.14569001242719307
RBF,Same class,0.6232301663456639
RBF,Same class,0.1600289745163222
RBF,Same class,0.10353372667352836
RBF,Different class,0.13689560848326357
RBF,Different class,7.01358104254256e-08
RBF,Same class,0.3577711036428306
RBF,Same class,0.5373023380170028
RBF,Same class,0.1436487323442247
RBF,Different class,0.24578653020371982
RBF,Same class,0.12222601569434863
RBF,Different class,0.01114416097572667
RBF,Different class,0.30996342849929354
RBF,Different class,0.461725618223923
RBF,Different class,0.05378800886068594
RBF,Different class,0.2604511374547686
RBF,Same class,0.007765318565306658
RBF,Different class,0.0076811973181108535
RBF,Different class,0.05623407068372463
RBF,Different class,0.5346901114001736
RBF,Same class,0.18298738604124815
RBF,Different class,0.4476428487656096
RBF,Different class,0.28588182919318933
RBF,Different class,0.006030801264158158
RBF,Different class,0.25116853704463893
RBF,Different class,0.13631896155182094
RBF,Different class,0.35547363860531705
RBF,Different class,0.1875530227878872
RBF,Different class,0.14528958045810655
RBF,Different class,0.31564869817370483
RBF,Same class,0.6610484739683469
RBF,Same class,0.01205585614294712
RBF,Same class,0.025828094972449325
RBF,Different class,0.0700577533341648
RBF,Different class,0.15875827203084059
RBF,Same class,0.13211379789001468
RBF,Same class,0.26330195261843403
RBF,Different class,0.11466568688963727
RBF,Different class,0.30042260442960333
RBF,Different class,0.7167780629186531
RBF,Same class,0.5473624055927742
RBF,Same class,0.23221584954769775
RBF,Different class,0.5008844216235598
RBF,Same class,0.2296373873582991
RBF,Different class,0.2167562882857945
RBF,Different class,0.2666081236046248
RBF,Same class,0.007114366525985757
RBF,Different class,0.5424102458608634
RBF,Same class,0.7058652156900035
RBF,Same class,0.6287361268602967
RBF,Same class,0.3974548245233501
RBF,Same class,0.0330983064469331
RBF,Same class,0.03822680105640415
RBF,Different class,0.8093638464512555
RBF,Same class,0.5082154485549912
RBF,Different class,0.028057483105920822
RBF,Different class,0.1848968448961758
RBF,Different class,0.11604867125102625
RBF,Different class,0.0015536355152543134
RBF,Same class,0.48161217983452137
RBF,Same class,0.2264893908553939
RBF,Same class,0.0016398622202269918
RBF,Different class,0.0012566849976416341
RBF,Same class,0.0033424506548404226
RBF,Same class,0.09414701921834422
RBF,Different class,0.037497402737336205
RBF,Different class,0.7438712553015692
RBF,Different class,0.2808226590178247
RBF,Different class,0.15887373483856287
RBF,Same class,0.12800228980599687
RBF,Different class,0.01111554627577045
RBF,Different class,0.46294260194970593
RBF,Different class,0.33742397855423445
RBF,Same class,0.09909559103967942
RBF,Same class,0.1422369958915252
RBF,Same class,0.22481247717345318
RBF,Same class,0.41322786670849554
RBF,Same class,0.0377162811634035
RBF,Different class,0.001246729274254757
RBF,Same class,0.17183601531418294
RBF,Same class,0.006119925179735207
RBF,Same class,0.035357902302511374
RBF,Different class,0.030848312876643916
RBF,Different class,0.27525993183554515
RBF,Same class,0.0509642659725243
RBF,Same class,0.7852058786041816
RBF,Different class,0.03943154120395658
RBF,Different class,0.34551427362896175
RBF,Same class,0.26961221160281623
RBF,Same class,0.07985838895066535
RBF,Same class,0.35414104347169006
RBF,Same class,0.2018076261847417
RBF,Same class,0.5043400356316151
RBF,Same class,0.6884761204478519
RBF,Same class,0.3045089307507235
RBF,Same class,0.5949247127278978
RBF,Different class,0.21019296672358787
RBF,Same class,0.10740487401969667
RBF,Different class,0.2200802112116962
RBF,Different class,0.02396771317053983
RBF,Different class,0.5659676433081964
RBF,Different class,0.006501921244316525
RBF,Different class,0.013037917422622733
RBF,Same class,0.5835952967853038
RBF,Same class,0.19684620354057739
RBF,Different class,0.016111663001196357
RBF,Different class,0.2803464574398277
RBF,Same class,0.6842294838961336
RBF,Same class,0.13988125282731834
RBF,Same class,0.09495336252327424
RBF,Different class,0.10548018407237673
RBF,Different class,0.014173234790523353
RBF,Different class,0.3287874107977524
RBF,Same class,0.011610899130835727
RBF,Different class,0.005343921830615252
RBF,Different class,0.3619940503637521
RBF,Different class,0.1754377099259401
RBF,Same class,0.10719139657203944
RBF,Different class,0.18717899221120649
RBF,Same class,0.19034340434523647
RBF,Same class,0.5397934457836348
RBF,Same class,0.006995024618397479
RBF,Different class,0.8335258232972073
RBF,Different class,0.36131682352718986
RBF,Same class,0.09883827307798256
RBF,Same class,0.17155862023356577
RBF,Different class,0.051666938887084485
RBF,Different class,0.005408211575492777
RBF,Different class,0.44581017209064655
RBF,Same class,0.7884730205354228
RBF,Different class,0.0009111153913516688
RBF,Same class,0.18914118923682466
RBF,Same class,0.0037082218138351692
RBF,Different class,0.09491474523895663
RBF,Different class,0.033184523588479536
RBF,Different class,0.6245858185902609
RBF,Same class,0.024190956411026147
RBF,Same class,0.13230897182507975
RBF,Same class,0.26195292963861
RBF,Same class,0.1509964213057092
RBF,Different class,0.004701191399571779
RBF,Same class,0.027222424257704925
RBF,Different class,0.05682132799325117
RBF,Same class,0.4354656544743972
RBF,Different class,0.07493524444751759
RBF,Same class,5.54406889083316e-05
RBF,Same class,0.06247632779286964
RBF,Different class,0.18834648806483648
RBF,Different class,0.5335058530053475
RBF,Different class,0.2428518661286213
RBF,Different class,0.7057814530409365
RBF,Different class,0.40779335132708433
RBF,Same class,0.2245307700539557
RBF,Different class,0.02301624237928711
RBF,Different class,0.04181019420446468
RBF,Different class,0.22555831684621394
RBF,Different class,3.8184567698980665e-05
RBF,Different class,0.19107045715300344
RBF,Same class,0.06982185349148466
RBF,Different class,0.03867550180755569
RBF,Different class,0.02307780539640853
RBF,Same class,0.032352100352477535
RBF,Different class,0.3253014440411322
RBF,Different class,0.28372920877501495
RBF,Different class,0.13884671673047552
RBF,Same class,0.12598640934651698
RBF,Different class,0.28794997557553353
RBF,Same class,0.0398470278089671
RBF,Same class,0.6510996286820872
RBF,Different class,0.31216788608917
RBF,Same class,0.23588725144282235
RBF,Different class,0.6112509971690192
RBF,Different class,0.1831241023730807
RBF,Different class,0.07397597573277806
RBF,Different class,0.010969458513273484
RBF,Same class,0.37516896511834885
RBF,Different class,0.6884586267838111
RBF,Same class,0.03358415748636085
RBF,Different class,0.11310453075360502
RBF,Same class,0.4021869666317815
RBF,Same class,0.026727130728134055
RBF,Same class,0.1496315729710587
RBF,Different class,0.1455428717389155
RBF,Different class,0.003163134904653666
RBF,Different class,0.1274565431636325
RBF,Different class,0.1965005031599358
RBF,Same class,0.24373486422825144
RBF,Same class,2.582290035214994e-05
RBF,Different class,0.4303997839837037
RBF,Same class,0.21948004025497825
RBF,Different class,0.14868792279874662
RBF,Different class,9.012693876209891e-05
RBF,Different class,0.1988593865933893
RBF,Same class,0.011937722523238076
RBF,Same class,0.16617690871067492
RBF,Same class,3.609543112148967e-25
RBF,Different class,0.7636796174813645
RBF,Same class,0.00539063556772857
RBF,Different class,0.11654762125236685
RBF,Different class,0.0010308511463074331
RBF,Same class,0.007981236274497271
RBF,Same class,0.17180945672040795
RBF,Different class,0.2547970262672775
RBF,Same class,5.053398295998309e-26
RBF,Different class,0.04235571144747028
RBF,Same class,0.08116912641380963
RBF,Different class,0.1094724941680331
RBF,Different class,0.9136514743174896
RBF,Different class,0.2609723054025697
RBF,Different class,0.35831403396448497
RBF,Same class,0.22760370559145737
RBF,Same class,0.0012525196206845254
RBF,Different class,0.01110946449885053
RBF,Same class,0.4818035810314656
RBF,Same class,0.33786396114125966
RBF,Same class,0.20508682109791695
RBF,Different class,9.56297797893484e-24
RBF,Same class,0.23639317904435006
RBF,Different class,0.0790685289129838
RBF,Same class,0.929073309829293
RBF,Different class,0.07006158059568932
RBF,Same class,0.12389644462175593
RBF,Same class,0.002087696909657711
RBF,Same class,0.14718785096874032
RBF,Different class,0.040745437693307573
RBF,Different class,0.9098518919717038
RBF,Different class,0.44556205785252223
RBF,Same class,0.29737480145080586
RBF,Different class,0.7867559283321033
RBF,Same class,0.059804532732274186
RBF,Different class,0.04211088063672471
RBF,Same class,0.3727647924611076
RBF,Different class,0.2987488236619288
RBF,Same class,0.3557944897420226
RBF,Different class,0.486337799827667
RBF,Same class,0.008180387940744932
RBF,Same class,0.09871673383592686
RBF,Different class,0.06561662350373074
RBF,Same class,0.021345041347222805
RBF,Same class,2.243096983163227e-05
RBF,Same class,0.6097125559753741
RBF,Different class,0.4318641893309125
RBF,Same class,0.04117381466451588
RBF,Same class,0.05175897834368848
RBF,Different class,0.16162557685960174
RBF,Different class,0.03544572599510299
RBF,Same class,0.003195263994226045
RBF,Different class,8.609630841941199e-26
RBF,Different class,0.052570004200370064
RBF,Different class,0.9198078016967686
RBF,Different class,0.07326358959847713
RBF,Same class,0.0012403880666385732
RBF,Different class,0.23225437278935215
RBF,Same class,0.05912778645601795
RBF,Different class,0.21006938270290218
RBF,Same class,0.6094204818718887
RBF,Different class,0.009231565177703025
RBF,Same class,0.04669722186091232
RBF,Different class,0.11559847322990657
RBF,Different class,0.10273768641470477
RBF,Different class,0.11504158526314248
RBF,Same class,0.4711540793717929
RBF,Different class,0.3336244565067128
RBF,Different class,0.1093421874154282
RBF,Same class,0.5174608986025436
RBF,Same class,0.04839034209884561
RBF,Same class,0.07399107734887589
RBF,Same class,1.3243652474819538e-05
RBF,Same class,0.3631858438877367
RBF,Different class,0.021368069569576223
RBF,Same class,0.014252274369016658
RBF,Same class,0.17143481742905578
RBF,Same class,0.19091413165309035
RBF,Different class,0.08646984675070615
RBF,Different class,0.10663378888613616
RBF,Same class,0.09729207937832554
RBF,Different class,0.5694380569927902
RBF,Same class,0.008721201176389016
RBF,Same class,0.3113051949997288
RBF,Same class,0.3046071985659422
RBF,Same class,0.19401299681419817
RBF,Different class,0.014019201480471602
RBF,Different class,0.11030255619244254
RBF,Different class,0.07330829076900813
RBF,Same class,0.0042917875139515445
RBF,Different class,0.0026565107730650082
RBF,Different class,0.8955128076364353
RBF,Same class,0.7071305864603651
RBF,Same class,0.010857502674851718
RBF,Same class,0.14941788034231532
RBF,Different class,0.11657872885020429
RBF,Different class,0.07106510195565083
RBF,Same class,0.09940989285298626
RBF,Different class,0.00935578695164801
RBF,Same class,0.0628541794292807
RBF,Different class,0.16861702287891187
RBF,Same class,0.8622287086315962
RBF,Same class,0.10750039789593986
RBF,Different class,0.0007124704726002819
RBF,Same class,0.021401745227213137
RBF,Same class,0.03361388908220388
RBF,Different class,0.6328346091249232
RBF,Different class,0.27755527721635986
RBF,Different class,0.012638799590248983
RBF,Different class,0.3111390436624871
RBF,Same class,0.007004248754144631
RBF,Same class,0.12808475603705954
RBF,Same class,0.01615909840168103
RBF,Same class,0.2104491749802221
RBF,Same class,0.3418818234187347
RBF,Different class,0.030293932977826777
RBF,Different class,0.006356934829312479
RBF,Same class,0.13570241649211043
RBF,Different class,0.043903166146450484
RBF,Same class,0.4924703189000311
RBF,Same class,0.17334723317465758
RBF,Different class,0.022811372702732258
RBF,Different class,0.01748286639359517
RBF,Different class,0.04845315951877438
RBF,Different class,0.4252515315547184
RBF,Different class,0.43824945597537435
RBF,Same class,0.4640504530299935
RBF,Different class,0.030675563247981742
RBF,Different class,0.013926864015623366
RBF,Different class,0.0145292830249329
RBF,Different class,0.03510232026375162
RBF,Different class,0.35778328435696344
RBF,Different class,0.7169901090082351
RBF,Same class,0.4924296936576971
RBF,Same class,0.004973098895376433
RBF,Same class,0.036712171622243606
RBF,Different class,0.7134457373242781
RBF,Same class,0.012565035861331663
RBF,Different class,0.027440805162802933
RBF,Same class,0.3586937799328185
RBF,Different class,0.14063643801667378
RBF,Different class,0.00118630154547001
RBF,Different class,0.5439487072272919
RBF,Different class,0.0001702801313166186
RBF,Different class,0.011937435016755002
RBF,Different class,0.16954627955685644
RBF,Different class,0.0008383016744427687
RBF,Different class,0.015523190553423534
RBF,Different class,0.18719665789307535
RBF,Different class,0.6550790671998342
RBF,Different class,0.077257555324339
RBF,Same class,9.440280757782572e-05
RBF,Different class,0.08602701376296373
RBF,Different class,0.07045476808938406
RBF,Same class,0.26773012914370914
RBF,Different class,1.6335666148709924e-11
RBF,Different class,0.02355914749154548
RBF,Same class,0.031241534656654017
RBF,Different class,0.2255293252789578
RBF,Same class,0.02324042090776277
RBF,Different class,0.16219834408209835
RBF,Different class,0.08498050488660862
RBF,Different class,0.01365472998597486
RBF,Different class,0.12387726897537812
RBF,Different class,0.13452716737397902
RBF,Different class,0.2651380947295812
RBF,Same class,0.6296838151339873
RBF,Same class,0.0013214049837582489
RBF,Same class,0.016477546198373966
RBF,Same class,0.02337501784378827
RBF,Same class,0.07830815146277868
RBF,Same class,0.0002744627548865011
RBF,Same class,0.21268281798461447
RBF,Different class,0.09802451654058708
RBF,Different class,0.7541591930498757
RBF,Different class,0.08319446538593102
RBF,Different class,0.04034470162179205
RBF,Different class,0.015368620776683722
RBF,Different class,0.7243884536938208
RBF,Same class,0.0483600342676408
RBF,Different class,0.010839362076238163
RBF,Same class,0.22699302589454462
RBF,Different class,0.00019460634059469757
RBF,Same class,0.0029034419755701985
RBF,Same class,0.07123859840818346
RBF,Same class,0.0723917635632244
RBF,Different class,0.12827883006722773
RBF,Different class,0.5981882437581865
RBF,Different class,0.01014252095324891
RBF,Same class,0.554129857315302
RBF,Different class,0.2096930381197234
RBF,Different class,0.11954453509305672
RBF,Same class,0.8534218974259172
RBF,Different class,4.502373602041878e-11
RBF,Different class,0.5815663625823622
RBF,Different class,0.823946556813465
RBF,Different class,0.15861254161904692
RBF,Different class,0.009258551430445695
RBF,Different class,0.09255041826202397
RBF,Same class,0.055615596028074005
RBF,Different class,0.6496398856748268
RBF,Same class,0.6120043123453706
RBF,Different class,0.1641817077760585
RBF,Same class,0.2548087328018993
RBF,Different class,0.27302209229913227
RBF,Same class,0.09659721897867551
RBF,Different class,0.515732673915589
RBF,Different class,0.00015187451739439187
RBF,Same class,0.00418383678720867
RBF,Different class,0.4982272140983186
RBF,Different class,0.0893116163378231
RBF,Same class,0.04666956414273158
RBF,Same class,0.013704413579563562
RBF,Same class,0.04544008259504873
RBF,Same class,9.464507728201207e-12
RBF,Different class,0.1543353961302435
RBF,Same class,0.20258575731537515
RBF,Same class,0.02983897085357709
RBF,Different class,0.000631451957169231
RBF,Same class,0.0007177548924042747
RBF,Different class,0.07797503570045089
RBF,Same class,0.0020099888189381745
RBF,Different class,0.2930720888018569
RBF,Same class,0.24708371295898066
RBF,Same class,0.17265824120015455
RBF,Same class,0.3054596756834846
RBF,Same class,0.11604395374678572
RBF,Same class,0.07512575854186453
RBF,Different class,0.12251197835031524
RBF,Different class,0.6758498824921876
RBF,Same class,0.12006979745888921
RBF,Same class,0.14987730210497868
RBF,Same class,0.2609663536677253
RBF,Different class,0.041755746006485024
RBF,Same class,0.24097327400072974
RBF,Different class,1.7126902525487435e-05
RBF,Different class,0.12071009465636856
RBF,Same class,0.1538127155475632
RBF,Same class,0.0007935266218643885
RBF,Same class,0.005234644932080534
RBF,Different class,3.6083975131916296e-07
RBF,Same class,0.41654647230293784
RBF,Different class,0.048677017828560334
RBF,Different class,0.758534981873011
RBF,Different class,0.6881179230439727
RBF,Different class,0.05192538719678475
RBF,Different class,0.001807208931495435
RBF,Same class,0.5888043242564105
RBF,Different class,0.08833099423825569
RBF,Same class,0.014337087268062888
RBF,Same class,0.04640313178484283
RBF,Same class,0.0020238199157368666
RBF,Same class,0.026734637823425642
RBF,Different class,0.004613408137239052
RBF,Same class,0.1527790187445137
RBF,Different class,0.13724164793494548
RBF,Different class,0.04217183251620543
RBF,Different class,0.12315435086807429
RBF,Same class,0.11916279566471932
RBF,Different class,0.0640445757370067
RBF,Different class,0.5582757809896698
RBF,Different class,0.0006654241743825647
RBF,Same class,0.07292016640160864
RBF,Different class,0.1784123283381907
RBF,Same class,0.36031667442355975
RBF,Different class,0.15107785716251512
RBF,Different class,0.006682318968368636
RBF,Same class,0.5798056279701518
RBF,Different class,0.16897320223706025
RBF,Different class,0.22169761187263942
RBF,Same class,0.0392787858687912
RBF,Different class,0.016689850658476613
RBF,Different class,0.07179480962412339
RBF,Different class,0.10749316517320659
RBF,Same class,0.04356131983921368
RBF,Same class,0.0322165227604415
RBF,Same class,0.1659385471111595
RBF,Same class,0.09890896811689073
RBF,Different class,0.038487964149287894
RBF,Different class,0.12547442250244004
RBF,Same class,0.005268550955102776
RBF,Same class,0.18710099987290243
RBF,Same class,0.002422087590660106
RBF,Same class,0.27670545154585763
RBF,Different class,0.3275346110426533
RBF,Different class,0.07862840007872049
RBF,Different class,0.18529229808757164
RBF,Same class,0.002797218822452935
RBF,Different class,0.03081561482440128
RBF,Same class,0.26631893562496467
RBF,Different class,0.017287058290870908
RBF,Same class,0.02371901975287192
RBF,Different class,0.36715778066808014
RBF,Different class,0.20144576072663525
RBF,Same class,0.007077806898865267
RBF,Different class,0.039326710542737855
RBF,Same class,0.13598577029842326
RBF,Same class,0.1388180488031198
RBF,Same class,0.5574300604670616
RBF,Same class,0.000681860109630115
RBF,Different class,0.033294518934714024
RBF,Same class,0.3659583948177242
RBF,Same class,0.5890742787272638
RBF,Same class,0.16121843977485634
RBF,Different class,1.2987690446831667e-09
RBF,Same class,0.1300374048425263
RBF,Same class,0.27467383020221664
RBF,Different class,0.05616025388381992
RBF,Same class,0.5661496377370882
RBF,Same class,0.1135215690777674
RBF,Same class,0.5128634318941386
RBF,Same class,0.1029454591753463
RBF,Different class,0.03746935823084738
RBF,Same class,0.3744820746710219
RBF,Different class,0.0012806753667025479
RBF,Different class,0.003487220156888165
RBF,Different class,0.6198511484227412
RBF,Different class,0.002237469360216421
RBF,Same class,0.04325135400547056
RBF,Same class,0.7442374271892038
RBF,Different class,0.3057767389244137
RBF,Same class,0.2985549346971818
RBF,Different class,0.09250117887873592
RBF,Same class,0.03646975883276663
RBF,Same class,0.04646173200253115
RBF,Same class,0.3451832142996727
RBF,Same class,0.29530466298992436
RBF,Different class,0.004639384737964122
RBF,Same class,0.1325878221782386
RBF,Different class,0.014357686400335834
RBF,Same class,0.03985072388205774
RBF,Same class,0.4170290813686526
RBF,Different class,0.1193861387804061
RBF,Different class,0.6322731730271535
RBF,Different class,7.172161644126809e-06
RBF,Different class,0.1546274317743713
RBF,Same class,0.07546202323166618
RBF,Same class,0.5142986626731334
RBF,Same class,0.034758340925141254
RBF,Different class,0.007104504546187436
RBF,Same class,0.3875621503359045
RBF,Same class,0.7341318330836054
RBF,Different class,0.14821365690012922
RBF,Same class,0.034846607782643355
RBF,Different class,0.5154486046117817
RBF,Same class,0.14806088804295203
RBF,Same class,0.008837828615140859
RBF,Same class,0.7004613056300364
RBF,Different class,0.010888506494713691
RBF,Same class,0.14339264390404563
RBF,Same class,0.04104129742241728
RBF,Different class,0.11932146358107258
RBF,Same class,1.4472954849915679e-25
RBF,Different class,0.17897007865815948
RBF,Same class,0.11403647754432097
RBF,Different class,0.14608940728017403
RBF,Same class,0.5448277876972288
RBF,Same class,0.22115795725855159
RBF,Same class,0.7439829725537793
RBF,Different class,0.07070100495914561
RBF,Different class,0.18271179026203094
RBF,Different class,0.12811819398998808
RBF,Same class,0.6084772507967243
RBF,Different class,0.23511957966629915
RBF,Different class,0.6448844007136101
RBF,Same class,0.022910328375183964
RBF,Different class,0.18187343538738662
RBF,Same class,0.04906358376683045
RBF,Same class,0.11881117139838526
RBF,Different class,0.8998475830257013
RBF,Same class,0.001184178200353543
RBF,Different class,0.35871868906834004
RBF,Different class,0.028977304003708876
RBF,Different class,0.07461202796707547
RBF,Same class,1.243077462081486e-25
RBF,Same class,0.007776035487895715
RBF,Different class,0.06538213107537057
RBF,Same class,0.17919241339404562
RBF,Same class,0.433843960753793
RBF,Same class,0.12130799499450634
RBF,Same class,0.4281997088088517
RBF,Same class,0.06801340653988057
RBF,Same class,0.19170384182595218
RBF,Same class,0.16997416677479693
RBF,Same class,0.0855599217547781
RBF,Same class,0.11267236641607128
RBF,Different class,4.3474790779992055e-06
RBF,Same class,0.6081746643327433
RBF,Same class,6.553731035530637e-05
RBF,Different class,0.03726924888778456
RBF,Same class,0.4750074074886875
RBF,Same class,0.8946323348414962
RBF,Same class,0.41845832367769714
RBF,Same class,0.41997349637758685
RBF,Same class,0.0294996271661809
RBF,Same class,0.509746196578984
RBF,Different class,0.03575305137226808
RBF,Same class,0.3122126992783185
RBF,Different class,0.12391199545243757
RBF,Different class,0.4157560527610543
RBF,Different class,0.45635180105009354
RBF,Same class,0.14287722109587406
RBF,Different class,0.0924504387685327
RBF,Same class,0.06648823190156157
RBF,Different class,0.40266615542170503
RBF,Same class,0.005320062817066195
RBF,Same class,0.6355759588848986
RBF,Different class,0.012528387815314361
RBF,Different class,0.05212190120553495
RBF,Same class,0.010970416150834652
RBF,Same class,0.30299591403225584
RBF,Different class,0.2428426444386594
RBF,Different class,0.6390856864265675
RBF,Same class,0.05047988156049933
RBF,Different class,0.007858481142498389
RBF,Different class,0.7338600344609818
RBF,Different class,0.004280802699001216
RBF,Same class,0.13648101092005382
RBF,Same class,0.013191571817709111
RBF,Different class,0.21472553755783863
RBF,Different class,0.016263544161516756
RBF,Different class,0.0005571045358470825
RBF,Same class,0.012936063609369698
RBF,Same class,0.2757983438366116
RBF,Same class,0.09867615832211833
RBF,Same class,0.05943583665622525
RBF,Different class,0.04483179660353758
RBF,Same class,0.014875535045129737
RBF,Same class,0.03661653930703232
RBF,Different class,0.559722736775644
RBF,Same class,0.0016372047238035672
RBF,Same class,0.006595527409484254
RBF,Different class,0.13229624324950362
RBF,Same class,0.13488068331764683
RBF,Different class,0.517353816493199
RBF,Different class,0.11705375105766753
RBF,Different class,0.18152422629385367
RBF,Same class,0.21850939798236074
RBF,Same class,0.2598744461230327
RBF,Different class,0.2924132546004495
RBF,Same class,1.2852653663080702e-07
RBF,Different class,0.0017666911570006134
RBF,Different class,0.009362881361443962
RBF,Same class,0.033574935614741876
RBF,Different class,0.017526967475813424
RBF,Same class,0.0035810911116218396
RBF,Same class,0.38700271399904496
RBF,Same class,0.2032701430936474
RBF,Different class,0.009954644051386916
RBF,Same class,0.039605436479965485
RBF,Same class,0.009956087263032171
RBF,Different class,0.06328920253371587
RBF,Different class,0.04889682419883397
RBF,Same class,0.009029906710543557
RBF,Same class,0.5821946802763119
RBF,Different class,0.07547036984308718
RBF,Same class,0.206847514117926
RBF,Different class,0.021590807906114482
RBF,Different class,0.3345332272219881
RBF,Different class,0.4980151708982076
RBF,Different class,0.15672635819261874
RBF,Different class,0.32545475536248497
RBF,Same class,0.16813637126598774
RBF,Different class,0.045447857194212266
RBF,Same class,0.001676496872959693
RBF,Same class,0.3377145430128269
RBF,Same class,0.2585880016457975
RBF,Same class,0.1920819094306861
RBF,Same class,0.06965231041469232
RBF,Same class,0.4967878789013406
RBF,Same class,0.16168992694644171
RBF,Different class,0.0228730303885852
RBF,Different class,0.3425082501968318
RBF,Different class,0.18195781787232773
RBF,Same class,0.0033473157837852715
RBF,Different class,0.10357329884885516
RBF,Different class,0.4617082544842358
RBF,Same class,0.07694638081823023
RBF,Same class,0.009098815848488206
RBF,Different class,0.27413142585663275
RBF,Different class,0.0014906451789992515
RBF,Different class,0.20521074112851653
RBF,Same class,6.086743806210446e-06
RBF,Same class,1.6932345394532662e-06
RBF,Same class,0.04992689505870438
RBF,Same class,0.09023897314223653
RBF,Same class,0.01607028027907725
RBF,Same class,0.03711022147285085
RBF,Same class,0.00044498425390424945
RBF,Same class,0.11856674079573376
RBF,Same class,0.016265056481388977
RBF,Same class,0.07787845234282918
RBF,Same class,7.667511029693952e-06
RBF,Different class,0.10631473626817163
RBF,Same class,0.26856671408707494
RBF,Different class,0.09660345006253736
RBF,Same class,0.005438552921516805
RBF,Same class,0.2764550035268992
RBF,Different class,0.7063123409975485
RBF,Different class,0.16218938265688557
RBF,Different class,0.07335818298688687
RBF,Different class,0.044765112562201885
RBF,Same class,0.002772857028358472
RBF,Different class,0.26095193586574844
RBF,Different class,0.21931579410205032
RBF,Same class,0.07179449016795092
RBF,Same class,0.00396837521044341
RBF,Different class,0.013395494594784528
RBF,Same class,0.12569557058929276
RBF,Same class,0.40175607468989843
RBF,Different class,0.06773623244448264
RBF,Same class,0.16425546581419395
RBF,Same class,0.43034973377125646
RBF,Different class,0.001195004963266062
RBF,Same class,0.25928968093784865
RBF,Same class,0.07249533164862168
RBF,Same class,0.3887949874456444
RBF,Different class,0.024258069201965157
RBF,Different class,0.16266225345087099
RBF,Different class,3.119038991936464e-06
RBF,Same class,0.05826902958290405
RBF,Same class,0.07935059951050337
RBF,Same class,0.20701514451587089
RBF,Same class,0.3465302249651774
RBF,Different class,0.00491501584587591
RBF,Different class,0.46561883399015075
RBF,Same class,0.2956865818780392
RBF,Same class,0.21197041108300768
RBF,Different class,0.5057548085832504
RBF,Different class,0.590037470451071
RBF,Different class,0.00029187063750881197
RBF,Same class,0.0228228722519622
RBF,Same class,0.021508921941180304
RBF,Different class,0.018066145635252235
RBF,Same class,0.3549594603295233
RBF,Same class,0.760293280673709
RBF,Different class,0.002003223550799607
RBF,Same class,0.41026022621571406
RBF,Different class,0.3797515003036745
RBF,Same class,0.0002388865979686624
RBF,Different class,1.651413316954302e-08
RBF,Same class,0.7857601919471338
RBF,Same class,0.006791069642346117
RBF,Same class,9.208729560865398e-05
RBF,Same class,0.39853818082779685
RBF,Same class,0.0587349864269129
RBF,Same class,0.29738993871109254
RBF,Same class,0.010678213469367436
RBF,Same class,0.00762861024866661
RBF,Different class,0.07948676635284327
RBF,Different class,0.060983332499014185
RBF,Same class,0.19655128019282195
RBF,Different class,0.21407622874514398
RBF,Different class,0.26736025507184685
RBF,Same class,0.33441371776467543
RBF,Same class,0.003968640645155039
RBF,Same class,0.25102596243557934
RBF,Same class,0.0779089389409268
RBF,Same class,0.42324939960121954
RBF,Different class,0.023369179570174706
RBF,Different class,0.18582599519555182
RBF,Different class,0.05625648527986827
RBF,Different class,0.2884160722818697
RBF,Different class,0.3440195244165251
RBF,Different class,0.13576516588895568
RBF,Same class,0.37588618728661843
RBF,Same class,0.009485392600660683
RBF,Same class,0.13759326497199387
RBF,Different class,0.1840486896725607
RBF,Different class,0.18707793549982749
RBF,Different class,0.3024053132541818
RBF,Same class,0.04613937766173797
RBF,Different class,0.41932566696879997
RBF,Same class,0.2550992766869063
RBF,Same class,0.9287957411588406
RBF,Same class,0.3529618408141541
RBF,Different class,0.5297921390527062
RBF,Same class,0.00014320715819409504
RBF,Same class,0.025310607536425524
RBF,Different class,0.22782046832704242
RBF,Different class,0.5958299636862194
RBF,Different class,0.11639811170525426
RBF,Same class,0.0035758558999263224
RBF,Different class,0.7278561993215891
RBF,Same class,0.09816679639539086
RBF,Same class,0.5452095497116768
RBF,Same class,0.08036736043488368
RBF,Different class,0.09184406661842968
RBF,Different class,0.37727600354047364
RBF,Different class,0.059508361515584376
RBF,Same class,0.22928278724486803
RBF,Same class,0.044564072530503346
RBF,Different class,0.23010714799319595
RBF,Different class,0.14653727530546187
RBF,Same class,0.00010022324148058963
RBF,Different class,0.0013987691153140149
RBF,Different class,0.00025022597574404185
RBF,Different class,0.1807224394649325
RBF,Same class,0.08843915898397904
RBF,Same class,0.006818132853332071
RBF,Same class,0.011471691661671335
RBF,Different class,3.995766693778705e-06
RBF,Different class,0.10110950584052246
RBF,Same class,0.0017610668007052032
RBF,Same class,0.18390999007516395
RBF,Different class,0.39518170474121717
RBF,Different class,0.61862669715903
RBF,Different class,0.007581082969261148
RBF,Different class,0.052785372597443765
RBF,Different class,0.1243115354631583
RBF,Different class,0.009062312886656248
RBF,Different class,0.0002625617905244309
RBF,Same class,0.25161977073907477
RBF,Same class,0.05578227346165212
RBF,Different class,0.10284915066493137
RBF,Different class,0.04551562322809109
RBF,Same class,0.014537714238822464
RBF,Same class,0.0169772362691425
RBF,Different class,0.023767581763520406
RBF,Different class,0.4297338073307293
RBF,Same class,0.542312279109627
RBF,Different class,0.06983656705584732
RBF,Different class,0.2357203057377125
RBF,Different class,0.04170228502283501
RBF,Different class,0.22754312411093217
RBF,Different class,0.082138365661696
RBF,Same class,0.6417273089682677
RBF,Different class,0.21765005688299396
RBF,Different class,0.0581230545143202
RBF,Same class,0.09480749528556764
RBF,Same class,0.0007831039645541996
RBF,Same class,0.00032020135771631636
RBF,Different class,0.005209174219719401
RBF,Different class,0.06857023007662147
RBF,Same class,0.004774517665700032
RBF,Same class,0.10031427180279087
RBF,Same class,0.458829411508837
RBF,Different class,0.12544905357515934
RBF,Different class,0.230557027469206
RBF,Same class,0.0011972364611140475
RBF,Different class,0.5568462175747152
RBF,Different class,0.4822538830867412
RBF,Same class,0.21424676461827194
RBF,Different class,0.02457389091904709
RBF,Different class,0.020325765321754483
RBF,Same class,0.431965515606537
RBF,Same class,0.05775170119403401
RBF,Different class,0.0011220149619333394
RBF,Same class,0.13728538025195722
RBF,Different class,0.0441386976395643
RBF,Different class,0.06258258638568148
RBF,Same class,0.04513389726715204
RBF,Different class,0.3659747910267799
RBF,Different class,0.8421101825540092
RBF,Same class,2.967359336949493e-07
RBF,Different class,0.006090670854790966
RBF,Same class,0.0699205799330256
RBF,Different class,0.3151090874462034
RBF,Different class,0.4301532827903564
RBF,Same class,0.04195086412261263
RBF,Same class,0.4289945892685113
RBF,Different class,0.045779618768232756
RBF,Different class,0.002667839399847313
RBF,Same class,0.09883835093439136
RBF,Same class,0.5544007676210173
RBF,Different class,0.018568030355169858
RBF,Same class,0.13834866640995944
RBF,Same class,0.22798649690312967
RBF,Different class,0.003720925232925892
RBF,Same class,0.09551504801156148
RBF,Same class,0.8569043670066842
RBF,Different class,0.7147991996946813
RBF,Different class,0.13913029591917764
RBF,Same class,0.12083840537667231
RBF,Same class,0.11978792583716089
RBF,Same class,0.3589885947298233
RBF,Same class,0.000720838904508265
RBF,Same class,0.3316491665828323
RBF,Same class,1.836166862269746e-07
RBF,Different class,0.1008704075183292
RBF,Same class,0.008918975133985376
RBF,Different class,0.0010952711610245516
RBF,Same class,0.08190588574145231
RBF,Different class,0.008192663163483285
RBF,Different class,0.0006044635371201932
RBF,Different class,0.051301680545540226
RBF,Same class,0.001818191886921137
RBF,Same class,0.13349742578668927
RBF,Different class,0.22439575557523478
RBF,Same class,4.093070200872686e-06
RBF,Different class,0.002501703391549463
RBF,Different class,0.43723596387517544
RBF,Different class,0.6131806116464295
RBF,Same class,0.02044890017507611
RBF,Different class,0.26805751175766035
RBF,Different class,0.013630197816382743
RBF,Different class,0.008733253778376747
RBF,Same class,0.3685818186435717
RBF,Same class,0.2494761624639078
RBF,Different class,0.11103748309316527
RBF,Different class,0.04009184497138008
RBF,Same class,0.062331303137964006
RBF,Same class,0.006192954335619279
RBF,Different class,0.021440434527513246
RBF,Same class,0.08940075771703873
RBF,Same class,0.014458669682969803
RBF,Different class,0.2875573468281473
RBF,Same class,0.5895445316057466
RBF,Different class,0.008638585875306271
RBF,Different class,0.46869348471464417
RBF,Different class,0.22830774024583872
RBF,Same class,0.48303902441640795
RBF,Different class,0.012522723575307815
RBF,Same class,0.1728858294430461
RBF,Different class,0.44871453629000857
RBF,Same class,0.13691439995017643
RBF,Different class,0.11901293027442596
RBF,Same class,0.0363338270996968
RBF,Different class,0.6957490024250379
RBF,Different class,0.055839025728668126
RBF,Different class,0.3808668274192166
RBF,Same class,0.25968479443876447
RBF,Same class,0.007788390300847222
RBF,Same class,0.10292914216479894
RBF,Different class,0.07653753372867493
RBF,Different class,0.32151839949195615
RBF,Same class,0.45250624427330466
RBF,Different class,0.10096974439074217
RBF,Same class,0.10203494838671512
RBF,Different class,0.0030654110924718844
RBF,Different class,0.5321160683214057
RBF,Different class,0.02530958615890348
RBF,Same class,0.02238483669917896
RBF,Different class,0.0027707286006792486
RBF,Different class,0.148028498534666
RBF,Same class,0.12937467384442183
RBF,Same class,0.07904392927241786
RBF,Same class,0.5002142208556508
RBF,Same class,0.5655896406890667
RBF,Different class,0.04191153909295937
RBF,Same class,0.06503027752107086
RBF,Different class,0.08912551521704046
RBF,Same class,0.04696348894870627
RBF,Same class,0.3909833892365766
RBF,Same class,0.6816042852175814
RBF,Different class,0.003213342406086877
RBF,Different class,0.3849494103554981
RBF,Different class,0.0015742127570246287
RBF,Same class,0.011789122587366523
RBF,Same class,0.5113634537440944
RBF,Same class,0.38575878391335583
RBF,Different class,0.13154320960234744
RBF,Same class,0.010017474088573047
RBF,Different class,0.09372404606717422
RBF,Different class,0.009581930655449619
RBF,Different class,0.8353428001305993
RBF,Same class,0.3971590961153991
RBF,Same class,0.13183358952473997
RBF,Same class,0.0021449660159442814
RBF,Same class,0.4366427167868156
RBF,Same class,0.3953827053378476
RBF,Same class,0.41553056588911363
RBF,Different class,0.1090578097186156
RBF,Different class,0.48296925061907525
RBF,Different class,0.012659589402154644
RBF,Same class,0.12859281312609863
RBF,Same class,0.07178160400242675
RBF,Different class,0.18010920561298874
RBF,Same class,0.4081365368649606
RBF,Different class,0.003107947082496288
RBF,Same class,0.03509073048201151
RBF,Different class,0.5840718080280615
RBF,Same class,0.038081265330492726
RBF,Different class,0.005387608647963238
RBF,Same class,0.07331636775251847
RBF,Different class,0.5932942360784585
RBF,Same class,0.4350831347458892
RBF,Same class,0.009368810349325936
RBF,Different class,0.042623176991372316
RBF,Different class,0.021121188343196543
RBF,Same class,0.4073414306071908
RBF,Different class,0.3682316397525624
RBF,Different class,0.2568132587915703
RBF,Different class,0.048240338325480366
RBF,Same class,0.021114511141815874
RBF,Different class,0.00113762043588779
RBF,Same class,0.23998399898315365
RBF,Different class,0.12408498642362602
RBF,Different class,0.01903318874337886
RBF,Same class,7.618813855170743e-06
RBF,Different class,0.005274987186725223
RBF,Same class,0.05742491834392189
RBF,Different class,0.12052279631450624
RBF,Different class,0.004252694415226967
RBF,Same class,0.21705256308231205
RBF,Same class,0.5497176564644666
RBF,Different class,0.4042177837418156
RBF,Different class,0.0023502582603107383
RBF,Different class,0.027286103960134516
RBF,Same class,0.028265653874563392
RBF,Different class,0.7091143631310354
RBF,Different class,0.05657052440129915
RBF,Different class,0.09247594483767463
RBF,Same class,0.7792673547617032
RBF,Same class,0.0003102015749187232
RBF,Same class,0.14558040455717702
RBF,Same class,0.21561470004519773
RBF,Different class,0.007095725855760205
RBF,Different class,0.3172406870801538
RBF,Same class,0.21520153958576257
RBF,Different class,0.0038993746372445416
RBF,Different class,0.7225422439550522
RBF,Different class,0.3252774238680254
RBF,Different class,0.05046629114207907
RBF,Different class,0.3106245550382576
RBF,Same class,0.28846185054201867
RBF,Same class,0.10549200158094021
RBF,Different class,0.031133733806051625
RBF,Same class,0.002546831945997461
RBF,Different class,0.05905621742420697
RBF,Different class,0.39603001975226004
RBF,Different class,0.19278683585767672
RBF,Same class,0.003341131638990691
RBF,Same class,0.16210775452635254
RBF,Same class,0.03923451047842654
RBF,Same class,0.11321169753155554
RBF,Different class,0.014248504720017664
RBF,Same class,0.7962974427542014
RBF,Same class,0.11325323533038685
RBF,Same class,0.020494299134159573
RBF,Same class,0.08098703222670378
RBF,Same class,0.08527766974167164
RBF,Different class,0.37015668160915643
RBF,Different class,0.006235202381466816
RBF,Same class,0.004757710093536161
RBF,Same class,0.009856596557380479
RBF,Same class,0.058089100382145105
RBF,Different class,0.015747151960297863
RBF,Same class,0.466466919567314
RBF,Same class,0.3131959527151064
RBF,Same class,0.06362033705768443
RBF,Same class,0.3037347074772053
RBF,Same class,0.08215871673393574
RBF,Different class,0.2367582405469728
RBF,Different class,0.09690037911057629
RBF,Different class,0.08510285693084346
RBF,Same class,0.5660256306530606
RBF,Same class,0.24910071840575335
RBF,Same class,0.048222173353237446
RBF,Different class,0.015966123532477398
RBF,Same class,0.023621213215199582
RBF,Same class,0.6674068649336558
RBF,Same class,0.008568478028913765
RBF,Same class,0.11326487831456458
RBF,Same class,0.05400379020132302
RBF,Different class,0.10411230029842602
RBF,Different class,0.10968500791262467
RBF,Different class,0.15484072370064972
RBF,Different class,0.20066089047270372
RBF,Same class,0.008144383010353827
RBF,Same class,0.12090939516829254
RBF,Same class,0.005230073728578869
RBF,Same class,0.6965411359883708
RBF,Same class,0.020910503218621323
RBF,Same class,0.08709196326905826
RBF,Different class,0.4772623507084295
RBF,Same class,0.12935251839223857
RBF,Same class,0.08521272426900726
RBF,Different class,0.20996507406202275
RBF,Same class,0.32967452304896494
RBF,Different class,0.2510002821148296
RBF,Different class,0.07831527281111623
RBF,Same class,0.363426141047432
RBF,Same class,0.0005144013304908001
RBF,Same class,0.11576915620396984
RBF,Same class,0.02222538877189497
RBF,Same class,0.05968975652751303
RBF,Same class,0.11757125195844557
RBF,Different class,0.3580190181967929
RBF,Same class,0.0027729534008860196
RBF,Same class,0.24539359184630077
RBF,Different class,1.4861341704398728e-09
RBF,Different class,0.23255003070031574
RBF,Different class,0.054681277220315884
RBF,Same class,0.34198703424193067
RBF,Different class,0.007124422659719304
RBF,Different class,0.19037900532921118
RBF,Different class,0.09476687894417372
RBF,Same class,0.6052095191976231
RBF,Different class,0.07115218794862997
RBF,Different class,0.035629143841179954
RBF,Same class,0.036440620542361475
RBF,Same class,0.02087203556991044
RBF,Different class,0.010733921016854501
RBF,Same class,0.38148366758641894
RBF,Different class,0.372629242357035
RBF,Different class,0.07581982516146768
RBF,Same class,0.017554084119508165
RBF,Different class,0.005018569984015949
RBF,Same class,0.07183811321979026
RBF,Same class,0.26559617507493627
RBF,Same class,0.30543735297282515
RBF,Different class,0.03469597242106852
RBF,Same class,0.637688670882407
RBF,Same class,0.05046730573412661
RBF,Same class,0.13428880878576982
RBF,Same class,0.04925474631280598
RBF,Same class,0.18301302976417763
RBF,Same class,0.308894462131892
RBF,Different class,0.06359366186008471
RBF,Different class,0.5637738183724997
RBF,Same class,0.32544718758224833
RBF,Same class,0.41813279651430807
RBF,Same class,0.22863047780703316
RBF,Same class,0.006064941281891572
RBF,Same class,0.055657502207444816
RBF,Same class,0.1016234104894891
RBF,Same class,0.5391695096803524
RBF,Different class,0.007443092151792836
RBF,Same class,0.09558293550437366
RBF,Different class,0.15713800784301948
RBF,Different class,0.11301659048951611
RBF,Same class,1.721528987945518e-05
RBF,Different class,0.15291277249908627
RBF,Same class,0.015185865846123959
RBF,Different class,1.0039537570438863e-07
RBF,Different class,0.06611754462814924
RBF,Same class,0.12807632781201697
RBF,Different class,0.23958395795028697
RBF,Different class,0.10067026386819607
RBF,Different class,0.1566149305547485
RBF,Different class,0.11360137998199481
RBF,Different class,0.14768528409934978
RBF,Different class,0.0005486120139212747
RBF,Same class,0.08918207759969465
RBF,Same class,0.22861575339266987
RBF,Different class,0.09791324664408882
RBF,Same class,0.024176288605684607
RBF,Different class,0.2984717445000199
RBF,Different class,0.03468875583867736
RBF,Same class,0.003411479770724147
RBF,Different class,0.01836350982546302
RBF,Same class,0.44483883390656703
RBF,Same class,0.5328698990875276
RBF,Same class,0.8278301317632069
RBF,Different class,0.07742162670037253
RBF,Same class,0.39743373831262424
RBF,Different class,0.1143034300345
RBF,Same class,0.04593533657753805
RBF,Different class,0.2263101268161482
RBF,Different class,0.3696380929571947
RBF,Same class,0.33936838778840733
RBF,Different class,0.04093171934997734
RBF,Different class,0.016572417491479086
RBF,Different class,5.123330032507896e-08
RBF,Different class,0.27762624570376965
RBF,Different class,0.14136273292689427
RBF,Same class,0.05079538325495159
RBF,Same class,0.01689632400414821
RBF,Different class,0.3036438536929997
RBF,Same class,0.08898306475855143
RBF,Different class,7.567858654699697e-06
RBF,Different class,0.11076591971873759
RBF,Different class,0.03095382253514388
RBF,Different class,0.004150755456335613
RBF,Different class,0.0409450497935565
RBF,Different class,0.22167061797309798
RBF,Different class,0.1483270648024615
RBF,Same class,0.01032075609219979
RBF,Different class,0.01648256190680714
RBF,Same class,0.7235532528333967
RBF,Same class,0.019900948928344896
RBF,Same class,0.4956967629675519
RBF,Same class,6.492994907093817e-05
RBF,Same class,0.051502061067017914
RBF,Different class,0.09910157134497098
RBF,Different class,0.2705040460006361
RBF,Different class,0.0012648711592951553
RBF,Different class,0.49450184636623307
RBF,Different class,0.00021028841236297462
RBF,Different class,0.0011213493639289532
RBF,Same class,0.10589698660826552
RBF,Different class,0.7497652300196787
RBF,Different class,0.6397884293811053
RBF,Different class,0.13436590720678027
RBF,Different class,0.00401366658227747
RBF,Same class,0.4718621550203796
RBF,Different class,2.0509875294393315e-25
RBF,Different class,0.042711735523035865
RBF,Different class,0.1484792191035754
RBF,Same class,0.38855433566772546
RBF,Different class,0.6338329734927801
RBF,Same class,0.11017891247596877
RBF,Different class,0.0599106496732255
RBF,Different class,0.04565200484830679
RBF,Same class,0.30760834406565934
RBF,Different class,0.7171249864447079
RBF,Same class,1.2129311934585635e-07
RBF,Same class,0.6247264557690381
RBF,Same class,0.1914643031868103
RBF,Same class,0.006020405813370629
RBF,Same class,0.5581464317919372
RBF,Different class,0.1011173851887866
RBF,Different class,0.14358917431180898
RBF,Different class,0.27893984630917507
RBF,Different class,0.5317437364122125
RBF,Different class,0.2766535739315886
RBF,Same class,0.039958663183602874
RBF,Same class,0.04107385436278365
RBF,Different class,0.23510751302806665
RBF,Same class,0.6117925305334363
RBF,Same class,5.789685958045666e-05
RBF,Different class,0.002721214577354582
RBF,Different class,0.37840626434790015
RBF,Same class,0.04185250559880999
RBF,Same class,0.7778703349236372
RBF,Same class,0.5745520420028779
RBF,Different class,0.4824796885292901
RBF,Same class,0.050540903085923454
RBF,Different class,0.3540679990607435
RBF,Same class,0.006676367186824441
RBF,Same class,0.0008075892406677405
RBF,Same class,0.02034738897899916
RBF,Different class,3.423400657687254e-05
RBF,Same class,0.3366323465977672
RBF,Same class,0.006718435240547719
RBF,Different class,0.0005826876568303263
RBF,Different class,0.059116480436338534
RBF,Same class,0.09267128824015149
RBF,Different class,0.006591847591792947
RBF,Different class,0.07782407567430968
RBF,Same class,8.703957026442614e-05
RBF,Different class,0.006237467100569172
RBF,Same class,0.640745531244708
RBF,Different class,1.9191673834527024e-08
RBF,Different class,0.1078176645528447
RBF,Different class,0.06870866572672629
RBF,Same class,0.44989686230675413
RBF,Different class,0.12489299693478698
RBF,Same class,0.050463466093012437
RBF,Same class,0.0942978423846626
RBF,Same class,0.028859378333981264
RBF,Same class,0.025226927124236867
RBF,Same class,0.5045201043699361
RBF,Different class,0.0198018094936326
RBF,Different class,0.22537712466442886
RBF,Different class,0.44209103694654167
RBF,Different class,0.0672384561028941
RBF,Different class,0.04447530304301403
RBF,Same class,0.002621085727839652
RBF,Same class,0.8984845879409618
RBF,Same class,0.5241118885135214
RBF,Same class,0.022002132344921665
RBF,Same class,0.1007621090711193
RBF,Different class,0.13681725312046958
RBF,Same class,0.7353440197025436
RBF,Same class,0.24190809130678254
RBF,Same class,0.4708337950313276
RBF,Different class,0.1597130169699656
RBF,Same class,0.7278771587038111
RBF,Same class,0.2011485549080333
RBF,Different class,0.1722388901618448
RBF,Same class,0.4239485243548955
RBF,Different class,0.011819356756914152
RBF,Same class,0.4659660530116432
RBF,Different class,0.04189753901757298
RBF,Same class,0.1069870819149
RBF,Same class,0.4913206208141049
RBF,Same class,0.036590979230291906
RBF,Different class,0.45589721768024305
RBF,Same class,0.03496965381948858
RBF,Different class,0.07995121416043163
RBF,Same class,0.07031301331702523
RBF,Different class,0.07946525506151415
RBF,Different class,0.029352562792363084
RBF,Same class,0.07583415356141321
RBF,Different class,0.035787582105145696
RBF,Same class,0.18552499567706157
RBF,Same class,0.15609675818257043
RBF,Different class,0.025093264899828892
RBF,Different class,0.09424189462565874
RBF,Same class,0.11763319455483157
RBF,Different class,4.1491694196830955e-26
RBF,Different class,0.1974601512355413
RBF,Different class,1.0811567420464915e-11
RBF,Different class,2.5307471281529507e-07
RBF,Different class,0.18464685672952716
RBF,Same class,0.033320813754306816
RBF,Different class,0.17200533727530667
RBF,Different class,0.033597640080548524
RBF,Different class,0.09301635188188703
RBF,Same class,0.5859670225393939
RBF,Different class,0.03610377580089471
RBF,Same class,0.21396157872284996
RBF,Same class,0.0019035165114483028
RBF,Different class,0.009761967158162336
RBF,Different class,0.06367892221673918
RBF,Same class,0.010569259719538064
RBF,Same class,0.6739613492939551
RBF,Same class,0.07731978224017756
RBF,Same class,7.561469798821546e-06
RBF,Different class,0.19467877457361768
RBF,Same class,9.001319764293543e-26
RBF,Same class,0.001185471565664861
RBF,Same class,0.2792103347071717
RBF,Different class,0.030749168531983954
RBF,Same class,0.7367602946317402
RBF,Different class,0.13525432145799496
RBF,Same class,0.07570111766200475
RBF,Same class,0.0013470416317804327
RBF,Same class,0.19123474194004367
RBF,Different class,0.0033804201597947402
RBF,Different class,0.06739259866096708
RBF,Same class,0.08555991709316166
RBF,Different class,0.003217102104263355
RBF,Same class,0.4206656875617035
RBF,Different class,0.33509184219026217
RBF,Same class,0.003120926420035908
RBF,Same class,0.038638946156231466
RBF,Same class,0.2784878038745898
RBF,Same class,0.025013348465483157
RBF,Different class,0.002577961377994901
RBF,Different class,0.12495606593260683
RBF,Same class,0.341436953168095
RBF,Different class,0.5819276678821343
RBF,Same class,0.09740986127676576
RBF,Different class,0.00014049390701032635
RBF,Different class,0.5508975533084151
RBF,Same class,0.4390529527754795
RBF,Different class,0.002970673877655738
RBF,Different class,0.017943559763039848
RBF,Different class,0.4034694518029636
RBF,Same class,0.3424631326581402
RBF,Same class,0.36382359644052964
RBF,Same class,0.0005874921665640453
RBF,Different class,0.08961285003820851
RBF,Different class,0.023166063506629232
RBF,Same class,0.18174233958027303
RBF,Same class,0.14636776955998268
RBF,Different class,0.24841445593195785
RBF,Same class,0.03131407024390796
RBF,Different class,0.020064703406234258
RBF,Same class,0.0001364515277866717
RBF,Different class,0.17850775410829733
RBF,Different class,0.030804514265130506
RBF,Same class,0.09928927977921492
RBF,Same class,0.25444716804680995
RBF,Different class,0.4301679237514287
RBF,Different class,0.3706404486307675
RBF,Different class,0.1258231671200758
RBF,Same class,0.14546472289420703
RBF,Different class,0.035624158390526496
RBF,Different class,0.0237755871573161
RBF,Same class,0.15066065700109454
RBF,Different class,0.030604871530633525
RBF,Different class,0.21128968518806895
RBF,Different class,0.1872139976564262
RBF,Same class,0.5685110531833262
RBF,Different class,0.9072313914616568
RBF,Same class,0.21257759618114191
RBF,Different class,0.11658052556205686
RBF,Different class,0.12931622447034974
RBF,Same class,0.259303729398402
RBF,Same class,0.07658710840182942
RBF,Same class,0.29050889522739476
RBF,Different class,0.022572864812292582
RBF,Different class,0.22276263674689978
RBF,Different class,0.42223790913206366
RBF,Different class,0.14029438340910927
RBF,Same class,0.05606991213706992
RBF,Same class,0.12169559413487334
RBF,Same class,0.016291575399995494
RBF,Different class,0.004401380686771331
RBF,Same class,0.7706353004910994
RBF,Different class,0.6873217275171536
RBF,Same class,0.4502694204579879
RBF,Different class,0.29573852118256855
RBF,Different class,0.5359238854270263
RBF,Same class,0.1789545015925471
RBF,Different class,0.10873655927266208
RBF,Same class,0.06279011793883792
RBF,Different class,0.06258157320826525
RBF,Same class,0.022391738553031254
RBF,Same class,0.058454105462070007
RBF,Different class,0.004936588859841436
RBF,Same class,0.3471081108910324
RBF,Different class,0.1441867564293107
RBF,Same class,0.2769610161251511
RBF,Different class,0.008635226662460447
RBF,Same class,0.6166956704351656
RBF,Same class,0.052010049586067114
RBF,Different class,0.24347776151607564
RBF,Different class,0.3092254169179888
RBF,Different class,0.3755737919422348
RBF,Same class,0.0443856133599689
RBF,Same class,0.18318583856445897
RBF,Different class,0.005609692417504828
RBF,Different class,0.028891634345483665
RBF,Different class,8.57886612676668e-06
RBF,Same class,0.26145405846199193
RBF,Different class,2.8646578949973594e-05
RBF,Different class,0.3335528942257411
RBF,Same class,0.4957195890752537
RBF,Different class,0.05361339110342193
RBF,Same class,0.3410113273247374
RBF,Same class,0.04719059016134525
RBF,Different class,0.5562273943407021
RBF,Same class,0.025955694736994578
RBF,Different class,0.5458109157656833
RBF,Same class,0.36368158769995346
RBF,Different class,0.2779993107106388
RBF,Different class,0.8670280386668625
RBF,Same class,0.7031151517899286
RBF,Same class,0.23810115018619968
RBF,Same class,0.07989124174120141
RBF,Different class,0.0620608951372279
RBF,Different class,0.017744512477822206
RBF,Same class,0.5893063395320505
RBF,Different class,0.6482228673410766
RBF,Different class,0.4633343585676844
RBF,Different class,0.28419534076644065
RBF,Different class,0.0872269746880922
RBF,Same class,0.001067347910636031
RBF,Different class,0.12074647915953753
RBF,Same class,0.23799937991720843
RBF,Different class,0.16619391685566814
RBF,Different class,0.008511402105582322
RBF,Different class,0.13548748696468474
RBF,Same class,0.003810939110786927
RBF,Same class,0.8282935453047229
RBF,Same class,0.004431291835888103
RBF,Same class,0.6925451684319766
RBF,Same class,0.20128757386146082
RBF,Same class,0.018804276454351246
RBF,Different class,0.15051051336604088
RBF,Different class,0.03855378115613828
RBF,Different class,0.1736835645684949
RBF,Same class,0.11140484549447816
RBF,Same class,0.003898976841621923
RBF,Different class,0.19322942407586616
RBF,Same class,0.10702743306224777
RBF,Same class,0.05840294963947859
RBF,Same class,0.37277078308489814
RBF,Same class,0.016823797623379634
RBF,Same class,0.08251661150730795
RBF,Different class,0.41827030029692663
RBF,Same class,0.16548420677072948
RBF,Different class,0.0003328630740609604
RBF,Different class,0.005513751238952314
RBF,Same class,0.020282968850091607
RBF,Same class,0.5024434690219566
RBF,Different class,0.001748810852764082
RBF,Different class,0.48924242752406
RBF,Different class,0.2096068743309933
RBF,Same class,0.09185666053641474
RBF,Different class,2.6753954475873402e-05
RBF,Different class,0.0057317585905080235
RBF,Same class,0.010817341916216482
RBF,Different class,0.036720109272218145
RBF,Different class,0.04503046261794454
RBF,Same class,0.00037485186933431346
RBF,Same class,0.3599301308373006
RBF,Different class,0.4118002817213037
RBF,Different class,8.429452652778872e-05
RBF,Same class,0.1518106454858804
RBF,Same class,0.11188268912433977
RBF,Different class,0.04220634242187114
RBF,Same class,0.06144742204101336
RBF,Same class,0.022389721408316784
RBF,Different class,0.02668250324764963
RBF,Different class,0.021871753937395464
RBF,Same class,0.003746317655423307
RBF,Same class,0.14486274748254757
RBF,Different class,0.002493522831571025
RBF,Different class,0.03439707513834224
RBF,Same class,0.1337786605376875
RBF,Same class,0.18744274739321412
RBF,Different class,0.0792336808837294
RBF,Same class,0.061571650238421656
RBF,Different class,0.7600577325136229
RBF,Same class,0.42874436479854894
RBF,Same class,0.0874852560629622
RBF,Same class,1.0588047948598421e-05
RBF,Same class,0.0005335375985289165
RBF,Same class,0.2260379428153017
RBF,Same class,0.7321718806511419
RBF,Different class,0.012397022550029689
RBF,Different class,0.06276945763894859
RBF,Same class,0.10525305966035381
RBF,Same class,0.08153934998664916
RBF,Different class,0.6947145703471235
RBF,Different class,0.16083933439167142
RBF,Same class,0.13787513986310404
RBF,Same class,0.4713167520811994
RBF,Different class,0.9170669668548593
RBF,Different class,0.13623715847131318
RBF,Same class,0.02533992940306765
RBF,Same class,0.41000624301404914
RBF,Same class,0.2049056671488976
RBF,Same class,0.3594300079466862
RBF,Same class,0.5189463494816464
RBF,Different class,2.0690583219100688e-12
RBF,Different class,0.2415032590679541
RBF,Same class,0.1638003172947602
RBF,Same class,0.5204784205029664
RBF,Same class,0.010615694923201255
RBF,Same class,0.005596460433944798
RBF,Same class,0.015096546374596042
RBF,Different class,0.5933704535317319
RBF,Different class,0.6162638771114833
RBF,Different class,0.7604494220660558
RBF,Same class,0.15730182485835686
RBF,Different class,0.00788266965040057
RBF,Different class,0.019335037356194736
RBF,Same class,0.005615153256638513
RBF,Different class,0.009029635374135047
RBF,Same class,0.01848580233925559
RBF,Same class,0.287675590790988
RBF,Different class,0.16856634417095143
RBF,Different class,0.3131973001531963
RBF,Different class,0.18342567929116219
RBF,Different class,0.31131318512296646
RBF,Same class,0.14023496957612316
RBF,Same class,0.009687666691945651
RBF,Different class,0.05477799078074777
RBF,Same class,0.18251214088977924
RBF,Same class,0.10604632090014797
RBF,Different class,0.7514635461365561
RBF,Same class,0.6576125301820139
RBF,Different class,0.09036107879108167
RBF,Different class,0.0008949281615325585
RBF,Different class,0.11849123860094166
RBF,Different class,0.12488958792780196
RBF,Different class,0.3378891915644532
RBF,Same class,0.030311218559315102
RBF,Same class,0.0005619073216535991
RBF,Same class,0.06419513785355689
RBF,Same class,0.03548353854797629
RBF,Different class,0.0003762827696974532
RBF,Different class,0.4787123587626025
RBF,Different class,0.014988889549630015
RBF,Different class,0.9029283465837781
RBF,Same class,0.04070786802760632
RBF,Different class,0.1917357186244534
RBF,Same class,0.40387213362010005
RBF,Different class,0.5827529482157526
RBF,Different class,0.4753039308459095
RBF,Same class,0.042960929698121215
RBF,Different class,3.836730854158499e-25
RBF,Different class,0.018529427442015276
RBF,Same class,0.655425942377075
RBF,Same class,0.02019126288950393
RBF,Different class,0.27609494395882067
RBF,Different class,0.02108556411631427
RBF,Same class,0.14969626309101927
RBF,Different class,0.02406831178908249
RBF,Different class,0.017390451641952763
RBF,Same class,0.00457463756737783
RBF,Different class,0.006598284285246848
RBF,Same class,0.2848968025274394
RBF,Same class,0.17797048794079434
RBF,Different class,0.12010742583897521
RBF,Different class,0.2677069141545049
RBF,Different class,0.10740250324569076
RBF,Same class,0.0012718730148496185
RBF,Same class,0.26882753075053134
RBF,Different class,0.3507258514706783
RBF,Different class,0.12657167913514966
RBF,Same class,6.633837812845027e-08
RBF,Different class,0.016457178015769573
RBF,Same class,0.029410709246727302
RBF,Same class,0.13270358214913203
RBF,Same class,0.37338234624221495
RBF,Same class,0.21306294401031367
RBF,Different class,0.009609217866332842
RBF,Same class,0.10715517810891037
RBF,Different class,0.20539759918490744
RBF,Different class,0.0014051485420691092
RBF,Different class,0.6023700359991349
RBF,Different class,0.4967197235221256
RBF,Different class,0.24745415440065296
RBF,Same class,0.774283906528549
RBF,Same class,0.10455390968773118
RBF,Different class,0.5265640411873814
RBF,Same class,0.1183375001238249
RBF,Different class,0.07070048812639473
RBF,Same class,0.050473155855674766
RBF,Same class,0.010985756134846621
RBF,Different class,0.12316399293953914
RBF,Same class,0.06901049349901811
RBF,Same class,0.21439100930898053
RBF,Same class,0.002749231182665183
RBF,Different class,0.044276804241477175
RBF,Different class,0.6985962024239609
RBF,Different class,0.22589127288964533
RBF,Same class,0.16093490524404006
RBF,Same class,0.03168393353525084
RBF,Same class,0.0001831513059439149
RBF,Same class,0.2600652212902841
RBF,Different class,0.19700337532558584
RBF,Same class,0.10085610927413413
RBF,Different class,0.08396459326167363
RBF,Same class,0.0004530652968091147
RBF,Same class,0.32612880105006886
RBF,Same class,0.005536797809820952
RBF,Different class,0.24227834534733603
RBF,Different class,0.16908373984579148
RBF,Same class,0.04030185493493623
RBF,Different class,1.0752516110200919e-07
RBF,Same class,0.128016463358799
RBF,Different class,8.951415794134019e-07
RBF,Different class,0.40746691849966277
RBF,Different class,0.0012175310344559448
RBF,Different class,0.45362054228958093
RBF,Same class,0.49118926550877307
RBF,Different class,0.19809664960255335
RBF,Same class,4.672219837880445e-09
RBF,Same class,0.5533824833481051
RBF,Same class,0.2696180500984088
RBF,Different class,0.18007805073541688
RBF,Different class,0.3418065742560049
RBF,Same class,0.07894748223670697
RBF,Same class,5.739026078847882e-26
RBF,Same class,0.09572911656334011
RBF,Different class,0.6878225282437846
RBF,Different class,0.5111913623207427
RBF,Different class,0.07385531165928753
RBF,Different class,0.1759211138031619
RBF,Different class,0.02984362239186773
RBF,Same class,0.010408424229872539
RBF,Different class,0.05577834437100052
RBF,Same class,0.7812279478213703
RBF,Same class,0.4388868684915777
RBF,Same class,0.004520099858109186
RBF,Different class,0.549109179946843
RBF,Different class,0.12033237496057397
RBF,Same class,0.012635955500817397
RBF,Same class,6.961161135126625e-05
RBF,Same class,0.7141209408819864
RBF,Different class,0.5782288750363376
RBF,Different class,0.11685927718873922
RBF,Different class,0.12522173619135746
RBF,Same class,0.22323774869283347
RBF,Same class,0.7164906098807994
RBF,Different class,0.004466280310785492
RBF,Same class,0.7695076599061896
RBF,Different class,0.2984481045135846
RBF,Different class,0.6551535195033953
RBF,Same class,0.18194191392657436
RBF,Same class,0.0037906922760870695
RBF,Different class,0.03837768287978133
RBF,Same class,0.07191838061572811
RBF,Different class,0.13154792362643497
RBF,Same class,0.291263170714257
RBF,Different class,0.0007752986835488296
RBF,Same class,0.04471382969560752
RBF,Same class,0.614462561521276
RBF,Same class,0.330026193313561
RBF,Same class,0.005975526009538374
RBF,Same class,0.2026507753814314
RBF,Different class,0.20442639561331263
RBF,Different class,0.12460724772490935
RBF,Different class,0.005894937827177753
RBF,Same class,0.0016929774567868182
RBF,Same class,0.2921261093688052
RBF,Different class,0.0005158256813579753
RBF,Same class,0.9635220800308505
RBF,Same class,0.13646335161441087
RBF,Different class,0.0406188611020257
RBF,Different class,0.10577261764651627
RBF,Same class,0.18692046473713092
RBF,Different class,0.16727058029788539
RBF,Different class,0.6639825115188137
RBF,Different class,0.38943984856642194
RBF,Same class,0.0008766308262633214
RBF,Same class,0.06377453730561959
RBF,Different class,2.8140462143042676e-06
RBF,Same class,0.2518794178258456
RBF,Different class,0.006736424659378823
RBF,Different class,0.11283949819158176
RBF,Same class,0.0015489626023178352
RBF,Same class,0.16423009152215867
RBF,Same class,0.110167685858701
RBF,Same class,2.5879792931894526e-11
RBF,Same class,0.00019485381561208635
RBF,Same class,0.5563070822801648
RBF,Same class,0.005783587863162644
RBF,Different class,0.20519594929079357
RBF,Different class,0.10966266979334621
RBF,Same class,0.4922796724054452
RBF,Same class,0.15652391616692565
RBF,Same class,0.08248646795027874
RBF,Different class,0.07903848191446301
RBF,Same class,0.009439296671641523
RBF,Different class,0.040904273930296366
RBF,Different class,0.020367951019718833
RBF,Different class,0.20918957861619988
RBF,Same class,0.06221544068517336
RBF,Different class,0.0175198821394947
RBF,Different class,0.003806224243716011
RBF,Same class,0.7253758771467577
RBF,Different class,0.7682451091718058
RBF,Different class,0.09175163232248897
RBF,Different class,0.29335364418847487
RBF,Same class,0.39022676385428945
RBF,Same class,0.05808300925451201
RBF,Different class,0.00393937460405139
RBF,Same class,0.47509359549057734
RBF,Different class,0.5296949153476552
RBF,Different class,0.13138474133581807
RBF,Same class,0.013642292436827283
RBF,Different class,0.011337177782541273
RBF,Different class,0.4608252466480114
RBF,Different class,3.1780715741168035e-25
RBF,Same class,0.044793129030938364
RBF,Different class,0.08716371253054313
RBF,Same class,0.20587818621548173
RBF,Different class,0.4137613405371346
RBF,Different class,0.3615144161076261
RBF,Different class,0.00013979061836694477
RBF,Same class,0.006081898388781228
RBF,Different class,0.0565081010008238
RBF,Same class,0.10212405495332148
RBF,Different class,0.08763855473644612
RBF,Different class,0.7397446127862457
RBF,Same class,0.4811278181375448
RBF,Different class,0.2815159189941734
RBF,Different class,3.81785191368557e-09
RBF,Same class,0.1695959682963302
RBF,Different class,0.01006812255404974
RBF,Same class,0.9263913538572613
RBF,Different class,0.6734267270707222
RBF,Same class,0.7018632194833269
RBF,Different class,6.251898987930154e-06
RBF,Different class,0.10561213780028475
RBF,Same class,0.010283714935318313
RBF,Same class,0.03542177674387224
RBF,Same class,0.04453604975669966
RBF,Different class,0.484876373141935
RBF,Same class,0.24251101568305264
RBF,Same class,0.28705558228174965
RBF,Same class,0.0423033520283768
RBF,Same class,1.9624239409021768e-25
RBF,Different class,0.06184801210110661
RBF,Same class,0.13790909857137765
RBF,Same class,0.3007533001956057
RBF,Same class,0.16396678696938422
RBF,Same class,0.0005736129528428138
RBF,Different class,0.009412788692634951
RBF,Different class,0.07235537654806916
RBF,Same class,0.2840033837038625
RBF,Same class,0.1339524111768648
RBF,Same class,0.6070308138077161
RBF,Different class,0.02947201073091023
RBF,Same class,1.0980491509834351e-25
RBF,Different class,0.15650918308131773
RBF,Different class,8.339763443508476e-08
RBF,Same class,0.05395033250813144
RBF,Different class,0.0017427974604423808
RBF,Same class,0.48814468171894765
RBF,Different class,0.215028751348079
RBF,Different class,0.012648389309414849
RBF,Same class,0.42599688376890543
RBF,Same class,0.22348776411776866
RBF,Different class,0.2677699186270049
RBF,Same class,0.33820154017861453
RBF,Different class,0.3856069104684884
RBF,Different class,3.281229211203112e-06
RBF,Different class,0.40773458576238497
RBF,Same class,0.4195253356683803
RBF,Same class,0.23097956428859037
RBF,Same class,0.7140942971813916
RBF,Different class,0.17625997593462572
RBF,Different class,0.2781259470341268
RBF,Different class,0.010806872326630237
RBF,Same class,0.23896029711758418
RBF,Different class,0.5072968146281384
RBF,Same class,0.1980751144371941
RBF,Same class,0.3072267714429119
RBF,Same class,0.0007650169641677162
RBF,Different class,0.858016173006774
RBF,Different class,0.00017275950118790685
RBF,Same class,0.05116028626294295
RBF,Different class,0.0006539823122083332
RBF,Different class,0.013528791414506514
RBF,Different class,0.21252001752534447
RBF,Different class,0.2979086626601634
RBF,Same class,0.0024309199051121746
RBF,Different class,0.04339645030365077
RBF,Different class,0.8265280471662072
RBF,Different class,0.04210915478155044
RBF,Different class,0.5023590221885235
RBF,Different class,0.05981686774760044
RBF,Different class,0.11385368017059105
RBF,Different class,0.20040906817824886
RBF,Different class,0.8557113427181308
RBF,Different class,0.18628169013500054
RBF,Different class,0.11790470427732422
RBF,Same class,0.14744861898470035
RBF,Different class,2.0383214188135565e-25
RBF,Different class,0.0014992790991207067
RBF,Same class,1.1722921788192948e-25
RBF,Same class,0.05453094322962659
RBF,Different class,0.03292172287894578
RBF,Same class,0.6404390845211884
RBF,Same class,0.06471246252857951
RBF,Different class,0.3273302211804339
RBF,Same class,0.390653421245119
RBF,Different class,1.5493729563695454e-09
RBF,Same class,0.09539615670638285
RBF,Different class,0.014097003397704744
RBF,Different class,0.14932039213818593
RBF,Same class,0.738075686894754
RBF,Different class,0.3083661968817431
RBF,Different class,0.3008574222150933
RBF,Same class,0.14517574355345653
RBF,Same class,0.3382472188675181
RBF,Same class,0.716108860384138
RBF,Different class,0.004899380191335318
RBF,Different class,0.7701939420251006
RBF,Same class,0.3640637134001923
RBF,Different class,0.3800459716716187
RBF,Same class,0.31505046829847844
RBF,Same class,0.025609759044986614
RBF,Same class,0.021304970197594215
RBF,Same class,0.06443070283914867
RBF,Same class,0.18219525743070342
RBF,Same class,0.7561628764728567
RBF,Different class,0.10204768312830087
RBF,Same class,0.027302615526642784
RBF,Different class,0.012666546684102248
RBF,Same class,0.07609279703665056
RBF,Same class,0.21430844898085288
RBF,Same class,0.18741247155053858
RBF,Different class,0.06462318853723234
RBF,Same class,0.10980630533494962
RBF,Same class,0.21385489740950436
RBF,Same class,0.05349108312572693
RBF,Same class,0.813129415981512
RBF,Different class,0.17570852762943828
RBF,Different class,0.27839241213382976
RBF,Same class,0.5467489706494727
RBF,Different class,0.3905037584717429
RBF,Different class,0.4036727313675694
RBF,Different class,0.004936713296169858
RBF,Same class,0.05760660960759952
RBF,Same class,0.3755376896969937
RBF,Different class,0.28502393562316714
RBF,Different class,0.03177387853470947
RBF,Different class,0.10341744009255945
RBF,Same class,0.4730523498166739
RBF,Same class,7.06548199668509e-05
RBF,Same class,0.16764650661382308
RBF,Different class,0.153014164076147
RBF,Different class,0.4681803713256202
RBF,Different class,0.01938184725681523
RBF,Different class,0.21541717761947005
RBF,Different class,0.8407993885055105
RBF,Same class,0.01939521796972067
RBF,Different class,0.03747834605448631
RBF,Different class,0.8660335915123852
RBF,Same class,0.0034869106935608873
RBF,Different class,0.10664819395517743
RBF,Different class,0.02826391155107426
RBF,Different class,0.002458732692694676
RBF,Same class,0.15509584629532638
RBF,Different class,0.13759617371542665
RBF,Same class,0.0663039851905791
RBF,Same class,0.21303329484196168
RBF,Different class,0.07146896335288395
RBF,Different class,0.08300855739662394
RBF,Same class,0.08716776305445166
RBF,Same class,0.005293620308655637
RBF,Same class,0.2565093139064242
RBF,Same class,0.20690784766721357
RBF,Different class,0.3221401106354246
RBF,Same class,0.22370670938094167
RBF,Different class,0.0035358840059124593
RBF,Different class,0.280033338676666
RBF,Different class,0.04859846778733131
RBF,Different class,0.8143061961090564
RBF,Different class,2.1030988863377938e-11
RBF,Different class,0.029586977373749025
RBF,Same class,0.11828465902578063
RBF,Different class,0.11676217934027246
RBF,Different class,0.05538259256261237
RBF,Same class,0.08002753900727862
RBF,Same class,0.4263253486682797
RBF,Different class,0.04637745275586993
RBF,Different class,0.004975986150283084
RBF,Different class,0.003756724176960043
RBF,Same class,0.03798430504241254
RBF,Different class,0.0027118700781791935
RBF,Different class,0.034438906027734334
RBF,Different class,0.6822466645057393
RBF,Different class,0.0017161581479640054
RBF,Different class,0.5986898139019182
RBF,Different class,0.007833127967082451
RBF,Different class,0.01515722555192308
RBF,Same class,0.10267725140094566
RBF,Different class,0.3843218887675983
RBF,Same class,0.11910182310490924
RBF,Same class,0.1297619539921402
RBF,Same class,0.7625247391357657
RBF,Same class,0.21544187802744338
RBF,Same class,0.09645990523285372
RBF,Same class,0.3220333370900893
RBF,Different class,0.00014183642642033297
RBF,Same class,0.034700151504737105
RBF,Same class,0.02123337455361705
RBF,Different class,0.1970409533827631
RBF,Different class,0.009326508145233496
RBF,Same class,0.14867348982566714
RBF,Same class,0.3337579912108879
RBF,Same class,0.3075685974899886
RBF,Same class,0.1280444208327124
RBF,Different class,0.2801583312761132
RBF,Same class,0.4118287072382309
RBF,Same class,0.004716063592244647
RBF,Same class,0.07857224170527362
RBF,Same class,0.00232153106138191
RBF,Different class,0.09717446004302271
RBF,Same class,0.13294816202688248
RBF,Different class,0.16025716581780902
RBF,Same class,0.12427500704062913
RBF,Different class,0.0004060392431402511
RBF,Same class,0.04462153813079493
RBF,Same class,0.4947492646235752
RBF,Different class,0.1893979690357437
RBF,Different class,0.3343056749023713
RBF,Same class,0.25737717489303263
RBF,Different class,0.07818808993277326
RBF,Different class,0.002497893824800021
RBF,Different class,0.01956867263076456
RBF,Different class,0.0008471313909390144
RBF,Same class,0.008523868841217667
RBF,Different class,0.08091862134214955
RBF,Same class,0.21099230375093875
RBF,Different class,0.017164558725068807
RBF,Different class,0.005346829250728839
RBF,Same class,0.5801376195165203
RBF,Different class,0.743574442404492
RBF,Different class,0.14772699097042608
RBF,Different class,0.09106070303614854
RBF,Same class,0.42832350316686685
RBF,Same class,0.03865587331553319
RBF,Same class,0.005925483118267376
RBF,Different class,0.0987727802447895
RBF,Same class,0.2636392106913359
RBF,Different class,0.525574354481191
RBF,Different class,0.00013174318646270438
RBF,Different class,0.21338830601064163
RBF,Same class,0.5210365773000155
RBF,Same class,0.3712543659310137
RBF,Different class,0.7018134767719254
RBF,Different class,0.0019388567380558455
RBF,Different class,0.018381857700971022
RBF,Different class,0.006179360277990768
RBF,Different class,1.3770567937403072e-05
RBF,Same class,0.07723215488865251
RBF,Different class,0.0032425676092166186
RBF,Different class,0.06019902302956877
RBF,Same class,0.029978440310557356
RBF,Different class,0.19292361216034026
RBF,Same class,0.5804506890896219
RBF,Same class,0.021110735555485077
RBF,Different class,9.852136839095245e-08
RBF,Same class,0.6345634819873077
RBF,Same class,0.7708288158521786
RBF,Same class,0.04609007702313097
RBF,Different class,0.0908942282097636
RBF,Same class,0.4854681000107095
RBF,Same class,0.3081164812801897
RBF,Same class,0.016954353538931877
RBF,Same class,0.3084882497934815
RBF,Different class,0.023732908995662935
RBF,Same class,0.000193168464494599
RBF,Same class,0.09318480904510712
RBF,Different class,0.18751528805149245
RBF,Different class,0.26477707182381055
RBF,Same class,0.11144567124688592
RBF,Different class,0.006742808254759753
RBF,Same class,0.08531726047581552
RBF,Same class,0.4525731259282564
RBF,Same class,0.02025319736307414
RBF,Different class,0.39886418608984675
RBF,Different class,0.10618857512233282
RBF,Different class,0.33711510594228794
RBF,Same class,0.6575686094106041
RBF,Same class,0.132137831020324
RBF,Same class,0.07912286451665966
RBF,Same class,0.0006320235454403549
RBF,Different class,4.260736980028035e-05
RBF,Different class,0.04692105319438865
RBF,Same class,0.2809234379825501
RBF,Different class,0.0009007408124662125
RBF,Same class,0.0009645991145405162
RBF,Same class,0.392825010002033
RBF,Different class,0.5703332551831619
RBF,Same class,0.047459621569597016
RBF,Same class,0.3478251298942053
RBF,Different class,0.2955160295500086
RBF,Same class,2.44701536781198e-05
RBF,Same class,0.4463861229642861
RBF,Different class,0.16230319250358322
RBF,Different class,0.44585074472228864
RBF,Different class,0.8506786841905323
RBF,Different class,0.7917253862581466
RBF,Different class,0.7390598783846866
RBF,Different class,0.3280673822535919
RBF,Different class,0.15984308237440814
RBF,Different class,0.0020807191196805484
RBF,Same class,0.47107750260585013
RBF,Different class,0.7446098205610597
RBF,Different class,0.3444092468449075
RBF,Same class,0.18501506607778842
RBF,Same class,0.19917099082408238
RBF,Same class,0.3972388652187303
RBF,Same class,0.5192348178640788
RBF,Different class,0.6865107414479196
RBF,Different class,0.009729218424737066
RBF,Different class,0.7336863908489069
RBF,Same class,0.08317642445324483
RBF,Same class,0.009343893103108845
RBF,Different class,0.006128461186929921
RBF,Same class,0.005104484216098114
RBF,Same class,0.2963138794962571
RBF,Different class,0.005060245825512565
RBF,Same class,0.5639095180625608
RBF,Different class,0.7952516992809521
RBF,Same class,0.29771745013912204
RBF,Same class,0.31538257703291117
RBF,Same class,0.1471263507578804
RBF,Same class,0.1345860632682647
RBF,Same class,0.11027680300150515
RBF,Same class,0.15630901941051822
RBF,Different class,0.05965189411152581
RBF,Same class,0.001690776130697452
RBF,Same class,0.12272544460038212
RBF,Different class,0.04520769934007809
RBF,Same class,0.0033942222674312734
RBF,Different class,0.2543647121551929
RBF,Same class,0.7378402818664113
RBF,Same class,0.052007018214266065
RBF,Different class,0.058101145445434016
RBF,Different class,0.08478352820047882
RBF,Different class,0.5612785717486158
RBF,Same class,0.03555894525747734
RBF,Same class,0.3230083734927408
RBF,Same class,0.03049321162145241
RBF,Different class,0.2723696802111866
RBF,Different class,0.14005289936472246
RBF,Different class,0.03604419433852873
RBF,Different class,0.5066371051420415
RBF,Different class,1.0391246707389895e-08
RBF,Same class,0.1462559319993441
RBF,Same class,0.08961833419620822
RBF,Different class,0.002569201537708288
RBF,Different class,0.024577494051333058
RBF,Same class,0.1591641209183996
RBF,Same class,0.4624829468455878
RBF,Same class,0.5120398803236028
RBF,Different class,0.5478367586842207
RBF,Same class,0.03730527188531307
RBF,Same class,6.289825383350725e-05
RBF,Different class,0.3406649479351858
RBF,Same class,0.16810348536502748
RBF,Same class,0.09489344159105921
RBF,Same class,0.6817292196561682
RBF,Different class,0.0009363653586737181
RBF,Same class,0.5554291221774647
RBF,Same class,0.007065459240469621
RBF,Same class,0.5093125189255807
RBF,Different class,0.013049671792142978
RBF,Same class,0.05598278959496428
RBF,Same class,0.8139385061044231
RBF,Different class,0.16923235204976084
RBF,Same class,0.7835291178422792
RBF,Different class,0.009963989111698577
RBF,Same class,0.2634361124594879
RBF,Same class,0.5868576108323523
RBF,Different class,0.03580915595092843
RBF,Same class,0.005635648263105576
RBF,Same class,0.4738374846286401
RBF,Same class,0.06297117492235406
RBF,Different class,0.5484423070027578
RBF,Different class,0.0021012034790233725
RBF,Same class,0.3434382433535141
RBF,Different class,0.38034342451724884
RBF,Different class,0.06297410472901402
RBF,Different class,0.3608097877974762
RBF,Same class,0.749146700465749
RBF,Same class,6.844494536950107e-06
RBF,Same class,0.6302921228291822
RBF,Different class,0.2551708126126276
RBF,Different class,0.24424794361331537
RBF,Different class,0.05870971489354866
RBF,Same class,0.04118983420828468
RBF,Different class,1.0104811831302457e-25
RBF,Different class,0.11378437556095332
RBF,Different class,0.016339022860134746
RBF,Same class,0.0005628789435865542
RBF,Different class,0.06576328762666628
RBF,Same class,0.3847441720839726
RBF,Different class,0.04404361181816671
RBF,Different class,0.1076164057196923
RBF,Same class,0.02689463294900439
RBF,Different class,0.6758815284084386
RBF,Same class,0.21370851411762537
RBF,Same class,0.06096788068456201
RBF,Same class,7.994789619857286e-05
RBF,Same class,0.014343062639445629
RBF,Different class,0.3779624871236452
RBF,Same class,0.14277312800788938
RBF,Different class,0.00973611281780784
RBF,Different class,0.016955948389494928
RBF,Different class,0.028196358153836476
RBF,Same class,0.18126359983359724
RBF,Different class,0.07351347081913154
RBF,Different class,3.999300687213903e-05
RBF,Same class,0.23043709505818538
RBF,Different class,0.23000981130753137
RBF,Same class,0.14376309562107856
RBF,Different class,0.1731083159741891
RBF,Different class,0.696352240435632
RBF,Different class,0.0948244244880205
RBF,Different class,0.0002361546090425667
RBF,Same class,0.026601954654986742
RBF,Different class,0.01207929463770646
RBF,Same class,0.06960804886004941
RBF,Different class,0.061665409780321645
RBF,Same class,0.5325352865235198
RBF,Same class,0.006567294794063309
RBF,Different class,0.004681284405971368
RBF,Same class,0.07046419719428289
RBF,Different class,0.010756110290371131
RBF,Different class,0.40309104868592893
RBF,Same class,0.18782798131100992
RBF,Different class,0.26388993398976845
RBF,Different class,0.3793710274379561
RBF,Different class,0.07419613691573372
RBF,Different class,0.6853116483683646
RBF,Different class,0.20856912655379875
RBF,Same class,0.08926007674055092
RBF,Same class,0.9320961396925651
RBF,Same class,0.6140064999117224
RBF,Same class,0.02664314114648995
RBF,Different class,0.2391190133329974
RBF,Different class,0.241321487621245
RBF,Same class,0.0032134835063656227
RBF,Different class,0.10889148917362192
RBF,Different class,0.07977575495617885
RBF,Different class,0.006246194394376594
RBF,Same class,0.00862782659382931
RBF,Different class,0.6493496562059584
RBF,Same class,0.0033817729352442587
RBF,Same class,0.7985464930883668
RBF,Same class,0.011641454043128226
RBF,Different class,0.4309747634182218
RBF,Same class,0.016561991907637574
RBF,Different class,0.0017330481678552695
RBF,Different class,0.16604284053501978
RBF,Same class,0.46146153436586895
RBF,Same class,0.5036633133714052
RBF,Same class,0.885130369989502
RBF,Different class,0.11256783663681567
RBF,Different class,0.012589183056645034
RBF,Different class,0.016752553799925927
RBF,Different class,0.07134183632505733
RBF,Different class,0.01507463263746927
RBF,Different class,9.039480740417478e-06
RBF,Different class,0.1835769818930843
RBF,Different class,0.0932572712086906
RBF,Different class,0.11319078373558289
RBF,Same class,0.18852842758448707
RBF,Same class,0.3370884417284022
RBF,Same class,0.026694978943638308
RBF,Same class,0.0007105781653503065
RBF,Different class,0.01943072280629854
RBF,Same class,0.02767598802287887
RBF,Same class,0.0003083574086411021
RBF,Same class,0.06804710347820685
RBF,Same class,0.21810772021397803
RBF,Different class,0.023026094702467727
RBF,Different class,0.284759359758825
RBF,Same class,0.27544724837634
RBF,Same class,0.07864936608551476
RBF,Different class,0.023821355012745522
RBF,Same class,0.19973090263657076
RBF,Different class,0.6814686439047154
RBF,Different class,0.33346960231288836
RBF,Same class,0.19205544309559683
RBF,Same class,0.559001584981922
RBF,Different class,0.01285609297479126
RBF,Different class,0.00039257166473469744
RBF,Different class,0.02111744847687332
RBF,Different class,0.00916610704585273
RBF,Same class,0.0026380463400582734
RBF,Same class,0.0031453565454497303
RBF,Same class,0.22029079377860014
RBF,Same class,0.2972688461576257
RBF,Different class,0.1949992003769457
RBF,Different class,0.24283581541020782
RBF,Same class,0.029732579757197713
RBF,Different class,0.39715265856502413
RBF,Same class,0.1249598356676189
RBF,Different class,0.002122406910263102
RBF,Different class,0.047721789163777596
RBF,Same class,0.09256484349808444
RBF,Different class,0.37312807737152226
RBF,Different class,0.050165968567307234
RBF,Different class,0.053249928471703276
RBF,Same class,0.4124957423434169
RBF,Different class,0.0076688055060710565
RBF,Same class,0.06006934994610202
RBF,Different class,0.0007200088103347189
RBF,Different class,0.0014541390124026778
RBF,Different class,0.023350445867815286
RBF,Different class,0.024678252088047484
RBF,Different class,0.00046347656651115926
RBF,Same class,0.21608613587002543
RBF,Same class,0.08629028568647966
RBF,Different class,0.0028108068422780315
RBF,Different class,0.10643169501781435
RBF,Different class,0.022604953946715037
RBF,Same class,0.09305859607689693
RBF,Different class,0.16769057222646497
RBF,Same class,0.0016869488945083892
RBF,Same class,0.012820754359520396
RBF,Same class,0.16649489137407422
RBF,Same class,9.675533317636958e-06
RBF,Same class,0.10834798396221958
RBF,Different class,0.41084647196176605
RBF,Same class,0.009129074739074693
RBF,Different class,0.4329513573103841
RBF,Same class,0.05606655871756375
RBF,Different class,0.008907555364148037
RBF,Same class,0.1543678004425667
RBF,Same class,0.6225177219399297
RBF,Different class,0.018378145359858634
RBF,Same class,0.4453895754956981
RBF,Same class,0.7223760892944885
RBF,Same class,0.11187848829052244
RBF,Same class,0.03455574293356909
RBF,Different class,0.13266689248442265
RBF,Different class,0.003922442097633044
RBF,Same class,0.09225661247892013
RBF,Same class,0.1241721043307844
RBF,Same class,0.12109179663743497
RBF,Same class,0.6810705623996074
RBF,Same class,0.0443252237926067
RBF,Same class,0.0001512989162028417
RBF,Different class,0.19159123487743138
RBF,Same class,2.613063157121063e-05
RBF,Same class,0.04135096745499155
RBF,Same class,0.5322316739307761
RBF,Same class,0.05527386744120026
RBF,Same class,0.0682459318556902
RBF,Same class,0.4096551328178369
RBF,Same class,0.397429712752499
RBF,Same class,0.019315454145039632
RBF,Same class,0.09877648507002157
RBF,Different class,0.0006165944036099193
RBF,Different class,0.24440009385889808
RBF,Same class,0.14849713679291843
RBF,Same class,0.16245391420715724
RBF,Different class,0.09736794777491997
RBF,Same class,0.1981382876755913
RBF,Different class,0.13352442786337004
RBF,Different class,0.055043829142966134
RBF,Different class,0.022602313483759486
RBF,Different class,0.0013391204061005352
RBF,Same class,0.00046928932311306957
RBF,Different class,0.20545767266885118
RBF,Different class,0.21368155379497866
RBF,Same class,0.006893200402370956
RBF,Same class,0.0555303636982434
RBF,Different class,0.003912845988523497
RBF,Different class,0.11706641478923503
RBF,Different class,0.48509853350132964
RBF,Same class,0.3873679441183547
RBF,Different class,1.3805842536348951e-06
RBF,Different class,0.4172787370016346
RBF,Different class,0.4142459413736056
RBF,Same class,0.03542973607089086
RBF,Different class,0.05157860040798419
RBF,Same class,0.6273138922938534
RBF,Same class,3.271811165083915e-05
RBF,Same class,0.019325056829400302
RBF,Same class,0.06275347613954388
RBF,Different class,5.1662974030905703e-05
RBF,Same class,0.0010201267483396128
RBF,Different class,0.041439562346310646
RBF,Same class,0.11086849611108701
RBF,Same class,0.20116488894316795
RBF,Different class,0.18238542443449457
RBF,Same class,0.0026525125700844836
RBF,Different class,0.214509234605908
RBF,Same class,0.37951888992595856
RBF,Same class,0.12715316871261118
RBF,Same class,2.05108305488323e-05
RBF,Same class,0.0316338364106745
RBF,Different class,0.07185147848048468
RBF,Different class,0.37320455838130223
RBF,Same class,0.31884384778539987
RBF,Different class,0.14890106632563765
RBF,Different class,0.008212207895066506
RBF,Same class,0.22464102285836382
RBF,Same class,0.2747987911279249
RBF,Different class,0.024491710368956525
RBF,Different class,0.5540885460721205
RBF,Same class,0.3399273507495647
RBF,Different class,0.11448563949789077
RBF,Same class,0.21228482697180492
RBF,Different class,0.16357392675435586
RBF,Same class,4.633066303395036e-26
RBF,Same class,0.360716836026696
RBF,Different class,0.016477760324719655
RBF,Same class,0.48597363469116944
RBF,Same class,0.32857987444400055
RBF,Same class,0.0450984552196055
RBF,Different class,0.10904998123098644
RBF,Same class,0.0015033730136202916
RBF,Different class,0.0072335452529247385
RBF,Different class,1.8916500051651655e-06
RBF,Different class,0.23162830063849893
RBF,Different class,0.01103389414047204
RBF,Same class,0.41281570877009466
RBF,Different class,0.44366639618956266
RBF,Same class,0.3207444252328012
RBF,Different class,0.022218084965968235
RBF,Same class,0.48921546141381
RBF,Same class,0.0794946740106856
RBF,Different class,0.0004901146564911922
RBF,Different class,1.2652083427232439e-15
RBF,Same class,0.01259744126974909
RBF,Different class,0.5292748705022201
RBF,Different class,0.0011026740189574629
RBF,Same class,0.37301808586850166
RBF,Same class,0.3545941309257611
RBF,Different class,0.1695722998589831
RBF,Same class,0.2453261072274365
RBF,Different class,0.007169956285930436
RBF,Same class,0.06559180965755775
RBF,Same class,0.33282631147490627
RBF,Different class,0.03899106400304132
RBF,Different class,0.029230345128276762
RBF,Same class,0.07067056285995321
RBF,Same class,0.04288723442401117
RBF,Same class,0.2358055546105784
RBF,Different class,0.04464874029965511
RBF,Different class,0.6195277466324877
RBF,Same class,0.07647681101339752
RBF,Same class,0.04330485747747333
RBF,Different class,0.034363557647668325
RBF,Same class,0.09584805059020135
RBF,Same class,0.0009540138309257572
RBF,Same class,0.0029095947121691576
RBF,Same class,0.0038183807672181953
RBF,Same class,0.008333076238361221
RBF,Different class,0.20169197823858145
RBF,Different class,0.07110586582492494
RBF,Same class,0.05768356488028094
RBF,Different class,0.012423359702667183
RBF,Different class,0.6519258393129572
RBF,Different class,0.0887070828489348
RBF,Same class,0.4384989593943783
RBF,Different class,0.15862683255273213
RBF,Same class,0.059174884270336445
RBF,Different class,0.04374485995486098
RBF,Different class,0.7930312117153928
RBF,Same class,0.27136907836650187
RBF,Different class,0.24565501577659082
RBF,Different class,0.2739875328542661
RBF,Different class,0.0905316601801645
RBF,Same class,0.191675369256483
RBF,Different class,0.7478473963229292
RBF,Different class,0.0841303350886211
RBF,Same class,0.2963388393035215
RBF,Same class,0.1774694623902433
RBF,Same class,0.48417837566188027
RBF,Same class,0.8472615109827104
RBF,Same class,0.2551873536215666
RBF,Different class,0.07861593799035578
RBF,Same class,0.4956751574378022
RBF,Same class,0.027159166599286116
RBF,Different class,0.0819437931549748
RBF,Different class,0.065851348228442
RBF,Same class,0.32388102322294016
RBF,Different class,0.02183275484164828
RBF,Same class,0.25309275560726074
RBF,Same class,0.1998971055064053
RBF,Different class,0.3340616151879847
RBF,Same class,0.43544857066184434
RBF,Different class,0.0065574510090223226
RBF,Same class,0.2547489214676778
RBF,Different class,0.7421266463228764
RBF,Same class,0.12561127345049025
RBF,Same class,0.5975061001142864
RBF,Same class,0.007930852901163887
RBF,Same class,0.24108687820421776
RBF,Same class,0.057854336327038826
RBF,Same class,0.2493635120855376
RBF,Different class,0.45944317828433656
RBF,Same class,6.247591620568543e-09
RBF,Different class,0.9093689897703364
RBF,Different class,0.004041743357168441
RBF,Different class,0.00020662962848872656
RBF,Same class,0.02699906639180479
RBF,Same class,0.029778539639459336
RBF,Different class,0.21470763043778163
RBF,Same class,7.024748302570803e-08
RBF,Different class,0.008113260904187953
RBF,Same class,0.40699347290362264
RBF,Different class,0.06424819183831226
RBF,Different class,0.19473002872575493
RBF,Different class,0.43219811720729917
RBF,Same class,0.32476591156758206
RBF,Different class,0.08301997402882098
RBF,Different class,0.03367231373434438
RBF,Same class,0.011070989905778416
RBF,Different class,0.4080665604626314
RBF,Different class,8.607748995029302e-05
RBF,Different class,0.007879742990082768
RBF,Same class,0.3283598926767199
RBF,Same class,0.11472866505824766
RBF,Same class,0.5388710966411443
RBF,Different class,0.6681817982299195
RBF,Same class,0.002250154656870585
RBF,Different class,0.213908033747888
RBF,Same class,0.4933355906720985
RBF,Different class,0.005298392051140131
RBF,Same class,0.03207675556750095
RBF,Different class,0.007861561907826147
RBF,Same class,0.13685908658665638
RBF,Same class,0.0542255258171957
RBF,Same class,0.1266695575741255
RBF,Same class,0.2894591832974665
RBF,Different class,0.18135491625012004
RBF,Different class,0.20918936799344479
RBF,Different class,0.03594940271720245
RBF,Same class,0.005830809796058902
RBF,Same class,0.04306183447495644
RBF,Different class,0.00017676075868428627
RBF,Different class,0.059975708587874835
RBF,Same class,0.4007013490680002
RBF,Different class,0.23322155274162457
RBF,Same class,0.29334940890388883
RBF,Same class,0.20623356231504758
RBF,Same class,0.004044279161338571
RBF,Same class,0.13080684573874116
RBF,Same class,0.33779817720105726
RBF,Same class,0.33716077636799485
RBF,Different class,0.21709008724338988
RBF,Different class,0.0010531890884772925
RBF,Same class,0.0970085637365303
RBF,Different class,0.5819599545733032
RBF,Same class,0.36329286045407094
RBF,Different class,0.002085001333843142
RBF,Same class,0.08647495986274566
RBF,Same class,0.0031729343190940343
RBF,Same class,0.03596638876751471
RBF,Same class,0.019382314754344203
RBF,Same class,0.30110226727936096
RBF,Different class,0.25808921837295756
RBF,Same class,0.09864924140494813
RBF,Same class,0.008137677071180703
RBF,Same class,0.07397999289716577
RBF,Different class,0.01135076394134862
RBF,Different class,0.37597511593806704
RBF,Same class,0.38056197765373057
RBF,Different class,0.0014448672761544486
RBF,Same class,4.1486880925373497e-11
RBF,Different class,0.850227208159856
RBF,Different class,0.44583111428114597
RBF,Same class,0.11228125792533812
RBF,Same class,0.14785397837087733
RBF,Same class,0.39978359489221293
RBF,Same class,0.04922269718313129
RBF,Same class,0.2119533072259842
RBF,Different class,0.6773993766347123
RBF,Same class,0.04415167658939773
RBF,Different class,0.35398269810033833
RBF,Same class,0.040560529612181
RBF,Different class,0.0008468172593095644
RBF,Different class,0.0480817045222053
RBF,Same class,0.04307637553733081
RBF,Same class,0.07677486775448254
RBF,Different class,0.17646306949271767
RBF,Same class,0.01579461159295467
RBF,Same class,0.5274833513150106
RBF,Same class,0.0074136819482536614
RBF,Different class,0.558861437234299
RBF,Same class,0.0600368280738154
RBF,Same class,0.10451370429554062
RBF,Different class,0.27379044472416125
RBF,Same class,0.02449836182444477
RBF,Different class,0.35287436038801046
RBF,Different class,0.2916021382551539
RBF,Different class,0.01689321514554982
RBF,Same class,0.6881167871545821
RBF,Same class,2.1044486190945297e-06
RBF,Different class,0.40142691113048257
RBF,Same class,3.454411834246477e-11
RBF,Different class,0.08753108327158045
RBF,Same class,0.04908568172805676
RBF,Different class,0.00135598173429659
RBF,Different class,0.40559073892091396
RBF,Same class,0.7943768940299266
RBF,Different class,0.21476364677576712
RBF,Different class,0.2914757304917377
RBF,Same class,0.002086524000007153
RBF,Same class,0.05147121326350829
RBF,Same class,0.03594439626578632
RBF,Different class,0.6860439669156603
RBF,Different class,0.5155761854137402
RBF,Different class,0.043548806494610195
RBF,Same class,0.30060531562564236
RBF,Same class,0.08211179189674085
RBF,Same class,0.12027795789099568
RBF,Same class,0.40038781422099756
RBF,Different class,0.019433673506898615
RBF,Different class,0.11721140519026389
RBF,Same class,0.6647066024817594
RBF,Same class,0.7888077386909527
RBF,Same class,0.40485739942489396
RBF,Different class,0.02567695010162873
RBF,Different class,0.05261293154484352
RBF,Same class,0.020569677136739323
RBF,Same class,0.011195946281466028
RBF,Different class,0.1032210058025888
RBF,Different class,0.16171050773023
RBF,Different class,0.41164995855235115
RBF,Different class,0.9637658556645946
RBF,Different class,0.2174751720668269
RBF,Different class,0.1917230126229411
RBF,Same class,0.15871599836036468
RBF,Same class,0.4494446379865722
RBF,Same class,0.5000353541436776
RBF,Same class,0.009221703662689023
RBF,Same class,0.02126067817283344
RBF,Different class,2.496532949587682e-05
RBF,Same class,0.008439241662724892
RBF,Different class,2.450545165072407e-25
RBF,Different class,0.4219308043629028
RBF,Different class,2.286094873953837e-08
RBF,Different class,0.006396105008418331
RBF,Same class,0.3774512875800479
RBF,Same class,0.02127862106759275
RBF,Same class,0.16071680378493797
RBF,Different class,0.035679233529508546
RBF,Same class,1.6775840616604214e-25
RBF,Different class,0.6805225005323869
RBF,Same class,0.006857911238747609
RBF,Different class,0.03167011914674577
RBF,Same class,0.08069053153535019
RBF,Different class,0.01826667558433246
RBF,Different class,0.03911561862957107
RBF,Different class,0.370123414054581
RBF,Same class,0.013662919289103327
RBF,Same class,0.21488476998441058
RBF,Same class,0.3019840468111328
RBF,Different class,0.014281471902211632
RBF,Same class,0.025832592208970946
RBF,Same class,0.04764308620900417
RBF,Same class,0.081756649169328
RBF,Same class,0.44890270978451025
RBF,Same class,0.5034081615838853
RBF,Different class,0.12747931363352752
RBF,Different class,0.4205438867365114
RBF,Different class,0.17851699993886283
RBF,Different class,0.02060557934817864
RBF,Same class,0.6362201406468342
RBF,Same class,0.32510987439272193
RBF,Different class,0.004925855509707057
RBF,Different class,0.07509366494337383
RBF,Different class,0.35072499027293763
RBF,Different class,0.8637803124549978
RBF,Different class,0.2728264116863195
RBF,Different class,0.0660999622906499
RBF,Same class,0.4049214225018114
RBF,Different class,0.02375018373544337
RBF,Same class,0.0018372432623612297
RBF,Same class,0.05450092685846862
RBF,Different class,0.14666238179907531
RBF,Different class,0.26698341656069385
RBF,Different class,0.05653226035975003
RBF,Different class,0.008989789648755618
RBF,Different class,0.39317862779147184
RBF,Same class,0.54278362558572
RBF,Different class,0.11567186937707609
RBF,Different class,0.0030913423243073414
RBF,Same class,0.14215446118848635
RBF,Different class,0.10369013106254535
RBF,Different class,0.17376347960138405
RBF,Different class,0.008105905821053165
RBF,Same class,0.059443302862396526
RBF,Different class,0.10366036376517425
RBF,Same class,1.1135801967776076e-05
RBF,Same class,0.7285154822753972
RBF,Different class,0.12614962059503135
RBF,Different class,0.06217882427357312
RBF,Same class,0.0993300835011127
RBF,Same class,0.10436444863874679
RBF,Same class,0.7526230371202072
RBF,Same class,0.0058077609633233294
RBF,Different class,0.007194404204207102
RBF,Same class,0.06034815519116445
RBF,Different class,0.5872669974351999
RBF,Same class,0.06457126145441654
RBF,Same class,0.03796461776188192
RBF,Same class,0.8320498687666011
RBF,Same class,0.26004780263184546
RBF,Same class,0.15294405787255094
RBF,Same class,0.7675402079241399
RBF,Different class,0.031618875405323515
RBF,Same class,0.12077970579261796
RBF,Same class,0.28631696464092166
RBF,Different class,0.0028712541037605823
RBF,Different class,0.16651953445507445
RBF,Same class,0.005119295436687147
RBF,Same class,0.2131613252859752
RBF,Different class,0.0022100430758754054
RBF,Same class,0.8138252063137563
RBF,Same class,0.161413062533838
RBF,Different class,0.02824083324721409
RBF,Same class,0.7190394959021167
RBF,Same class,0.05506588240292
RBF,Same class,0.09046694222152206
RBF,Same class,0.42697434256218564
RBF,Same class,0.24179740208511702
RBF,Same class,0.042336541965064096
RBF,Same class,1.3268800903147778e-05
RBF,Different class,0.3223691171802834
RBF,Same class,0.19733503619528284
RBF,Same class,0.12138798320045274
RBF,Same class,0.0013173052818005234
RBF,Same class,0.637933552997821
RBF,Same class,0.5787716030819757
RBF,Same class,0.053169493067918454
RBF,Different class,0.6924568291094636
RBF,Same class,0.39880690467043756
RBF,Same class,0.0017409572552450632
RBF,Same class,0.34690813063694725
RBF,Same class,0.0011054306974554726
RBF,Same class,0.01562546696230047
RBF,Different class,0.18611072488532981
RBF,Same class,0.13076975033668276
RBF,Different class,0.0022907325079854946
RBF,Same class,0.1184825154363949
RBF,Different class,0.237879397340778
RBF,Different class,0.03501683028891408
RBF,Different class,0.16437797962286976
RBF,Same class,0.3916149399334366
RBF,Different class,0.3723781218422748
RBF,Same class,0.20514309104123377
RBF,Same class,0.0664258883877193
RBF,Same class,0.12752561789940958
RBF,Same class,0.29563738106233306
RBF,Same class,0.23413439084687512
RBF,Same class,0.6744252887654134
RBF,Same class,0.009498479020415264
RBF,Different class,0.12594041927729221
RBF,Same class,0.7713380107607689
RBF,Different class,0.02365047771725096
RBF,Same class,0.13842241171243325
RBF,Different class,0.028578393961159698
RBF,Different class,5.975094797260481e-06
RBF,Different class,0.42299067308991806
RBF,Same class,0.8347177067621645
RBF,Different class,4.0642265757371057e-07
RBF,Same class,0.6137442601463237
RBF,Different class,0.37961462042598354
RBF,Same class,0.496551677389547
RBF,Different class,0.3700159098684362
RBF,Different class,0.055148988940968716
RBF,Different class,0.019087774733781343
RBF,Same class,0.37072288587346536
RBF,Same class,0.012595499509684626
RBF,Different class,0.0003336490447840409
RBF,Different class,0.17966418435125342
RBF,Different class,0.2272812826054983
RBF,Same class,0.1391472657299591
RBF,Different class,0.5843770128972144
RBF,Same class,0.0007890261588679426
RBF,Different class,0.2602672909944288
RBF,Same class,0.18236855587508868
RBF,Same class,2.6407156342666502e-11
RBF,Different class,0.0003286027104698726
RBF,Different class,0.26088563759511346
RBF,Same class,0.034420665066815445
RBF,Different class,1.281013806936602e-05
RBF,Different class,0.2930512781786116
RBF,Different class,0.07018361532216016
RBF,Same class,0.3961453625993904
RBF,Same class,0.03403442866025496
RBF,Same class,0.02407523610822685
RBF,Different class,0.041569946426346115
RBF,Different class,0.03654041220130894
RBF,Same class,0.37723795953999795
RBF,Same class,0.012792155446956192
RBF,Different class,0.5816254416922444
RBF,Different class,0.010480223864547323
RBF,Different class,6.726675676977586e-06
RBF,Same class,0.24259946405766863
RBF,Different class,0.03742180766474333
RBF,Same class,0.2049167403335589
RBF,Same class,0.40681492434571065
RBF,Same class,0.18947471137612903
RBF,Same class,0.0034751862038661496
RBF,Different class,0.0880347200560803
RBF,Different class,0.011293387253190646
RBF,Different class,0.5650574718412266
RBF,Different class,0.6169723953294164
RBF,Different class,0.021762081353468916
RBF,Same class,0.23920344741387925
RBF,Same class,0.19166332169565406
RBF,Different class,0.006549724624633663
RBF,Different class,0.10746442438126687
RBF,Same class,0.05010749792756135
RBF,Different class,0.013311789167857815
RBF,Different class,0.7567727797802939
RBF,Same class,0.14372724837901957
RBF,Same class,0.13712413216456484
RBF,Same class,0.9252674068483909
RBF,Different class,0.09521424783829631
RBF,Different class,0.7012016325957183
RBF,Different class,0.3337330696559406
RBF,Same class,0.09669711533685292
RBF,Same class,0.1881960006641623
RBF,Same class,0.007891125677509247
RBF,Different class,0.0416344177057176
RBF,Same class,0.3337955971289398
RBF,Same class,0.00021488493059680508
RBF,Same class,0.29424349065807837
RBF,Different class,0.12655758659469019
RBF,Same class,0.32368049143210903
RBF,Same class,0.0033651111934869644
RBF,Same class,0.2016708118968014
RBF,Same class,0.6294061577489126
RBF,Same class,0.018068164340711398
RBF,Different class,0.13452329909945754
RBF,Different class,0.060072840050378544
RBF,Same class,0.03998350082377048
RBF,Same class,0.5393888765127236
RBF,Same class,0.4094055519935066
RBF,Different class,0.6285395619730564
RBF,Same class,0.8319509795149377
RBF,Same class,5.532611800837348e-06
RBF,Different class,0.48110621532769243
RBF,Same class,0.02832662393431784
RBF,Same class,0.02170449917702436
RBF,Different class,0.0749974414953573
RBF,Different class,0.09534507092875293
RBF,Same class,0.0216225097244059
RBF,Same class,0.4158048303943137
RBF,Different class,0.2977203668975777
RBF,Different class,0.9410774901311414
RBF,Same class,0.014345879115753232
RBF,Different class,0.001544147012270125
RBF,Same class,0.10212304823061612
RBF,Different class,0.006265857650626813
RBF,Different class,0.001403165720536718
RBF,Same class,0.4823611452027852
RBF,Same class,0.14324470611733015
RBF,Same class,0.4912654575755814
RBF,Different class,0.003210764860876339
RBF,Same class,0.021909699358188747
RBF,Different class,0.009761823682952336
RBF,Different class,0.007241661889557157
RBF,Same class,0.4300186577408516
RBF,Different class,0.026383384967004132
RBF,Different class,0.18346955692402428
RBF,Different class,0.6328247640326267
RBF,Same class,0.06173386456260296
RBF,Same class,0.3795532043045745
RBF,Same class,0.005569388205901939
RBF,Same class,0.16830766605041994
RBF,Different class,0.5553687247773444
RBF,Same class,0.03825043210858178
RBF,Same class,0.40828270126231936
RBF,Same class,8.042757232110744e-09
RBF,Different class,0.05684585271366192
RBF,Same class,0.12278852661401382
RBF,Same class,0.567068399290664
RBF,Different class,0.028011150360835707
RBF,Different class,0.7631604193665924
RBF,Different class,0.31173533494200284
RBF,Different class,0.133995420094946
RBF,Same class,2.040141363049525e-26
RBF,Same class,0.2757580903763853
RBF,Same class,0.09061813735726526
RBF,Different class,0.4271790326541766
RBF,Same class,0.5783194659886244
RBF,Different class,0.31935689093845615
RBF,Same class,2.5753744260668875e-08
RBF,Different class,0.06976901047447756
RBF,Different class,0.223102194444899
RBF,Same class,0.27179960081087445
RBF,Different class,0.0128937775705937
RBF,Same class,5.600659813446705e-05
RBF,Different class,0.3237516724123272
RBF,Same class,0.01644268902160302
RBF,Same class,0.024932851038233946
RBF,Same class,0.23516129414221643
RBF,Different class,0.055706332575865
RBF,Same class,0.15599655941685492
RBF,Same class,0.4459507982784155
RBF,Different class,0.17297407071353196
RBF,Same class,0.2112837635615766
RBF,Different class,0.02359698381261354
RBF,Different class,0.0221481206590653
RBF,Different class,0.06754861348028339
RBF,Same class,0.09257962625456073
RBF,Different class,0.36914596212562334
RBF,Same class,8.699062218290821e-05
RBF,Same class,0.5041493292318148
RBF,Different class,0.005378625149397585
RBF,Same class,0.13543055350632222
RBF,Same class,0.04394772632417301
RBF,Different class,0.009242705734848857
RBF,Different class,0.07615346316276032
RBF,Different class,0.13252768755933148
RBF,Same class,1.1328231626556366e-05
RBF,Different class,0.16618245885247135
RBF,Same class,0.1817495680837469
RBF,Different class,0.048154286811035556
RBF,Same class,0.31671301787034645
RBF,Different class,0.3589334514963198
RBF,Different class,0.6217483329957348
RBF,Same class,0.006363598031120626
RBF,Different class,0.39781466452487296
RBF,Different class,0.05748885976420625
RBF,Different class,0.2467572020493067
RBF,Same class,0.017992200657452575
RBF,Different class,0.006894014703047461
RBF,Same class,0.567920373501836
RBF,Same class,0.11131406184121724
RBF,Same class,0.018748482114091067
RBF,Same class,0.016686695183173585
RBF,Same class,0.24635125087144713
RBF,Different class,0.4670301208511546
RBF,Same class,0.70443888450197
RBF,Different class,0.0001353382635202095
RBF,Same class,0.16778265523426714
RBF,Same class,0.0025597237914747207
RBF,Same class,0.25272832438314285
RBF,Same class,0.08217362334845607
RBF,Same class,0.5291326623255752
RBF,Same class,0.11142970102582957
RBF,Same class,0.5206462124874716
RBF,Different class,0.8606357005440451
RBF,Same class,0.03775798696181506
RBF,Same class,0.14892473865373035
RBF,Different class,0.1074485807220792
RBF,Same class,0.041505301431037755
RBF,Same class,0.05992271078968624
RBF,Different class,0.03399174392580752
RBF,Different class,0.526650211448267
RBF,Same class,0.11015511510371077
RBF,Same class,0.46446618597581035
RBF,Different class,0.11670564409602172
RBF,Same class,0.1061103368968999
RBF,Different class,0.04057013019304176
RBF,Same class,0.24182673879624889
RBF,Same class,0.6732357770562931
RBF,Same class,0.10631927885254824
RBF,Same class,0.015187641533171004
RBF,Same class,0.01424994444627429
RBF,Different class,0.09884749763136812
RBF,Same class,0.13995003971007836
RBF,Different class,0.19771315456874544
RBF,Same class,9.340114086006506e-08
RBF,Different class,0.017220800576352654
RBF,Same class,0.7015822952341804
RBF,Different class,0.46699573973983455
RBF,Same class,0.02566742940986373
RBF,Different class,0.015689645132501002
RBF,Different class,0.8920208948595346
RBF,Same class,0.7615081718163592
RBF,Different class,0.0023352001044125974
RBF,Different class,0.6212034522182651
RBF,Same class,0.01770407815369811
RBF,Same class,0.2997206237849803
RBF,Same class,0.00026811878002131877
RBF,Same class,0.03350844267788233
RBF,Different class,0.10170505684993701
RBF,Same class,0.021301805924709243
RBF,Different class,0.04867940891534956
RBF,Different class,0.024146114670845795
RBF,Same class,0.08786121785912396
RBF,Same class,0.3084497555073579
RBF,Different class,0.024353067660028566
RBF,Same class,0.45122056751841966
RBF,Different class,0.0009408770799533013
RBF,Same class,0.4968424623247006
RBF,Different class,0.19023844298262096
RBF,Same class,0.0917109453195791
RBF,Same class,0.009850331586825026
RBF,Different class,0.22052441501118808
RBF,Different class,0.007483887299609761
RBF,Same class,0.13281045771840813
RBF,Different class,0.4950858192340204
RBF,Same class,0.1493301612127386
RBF,Same class,0.11198174089273803
RBF,Same class,0.11504323830680895
RBF,Same class,0.0004535841758400173
RBF,Different class,0.13765973975885862
RBF,Same class,0.09687208021739459
RBF,Same class,0.026776473929776546
RBF,Different class,0.009986790120117451
RBF,Same class,0.118277518679394
RBF,Different class,0.4251005703288649
RBF,Same class,0.5085298894301745
RBF,Same class,0.021564713089488118
RBF,Different class,0.03097387531247025
RBF,Same class,0.64984405373438
RBF,Same class,0.046514791296609785
RBF,Different class,0.2725525017975227
RBF,Same class,0.0005948555210494001
RBF,Different class,0.0002350352532531156
RBF,Same class,0.008212208550377399
RBF,Different class,0.00879836130825023
RBF,Different class,0.11147246035612625
RBF,Different class,0.007860135378484998
RBF,Different class,1.3131713228647066e-06
RBF,Different class,0.08046097765503338
RBF,Same class,0.004230192021860634
RBF,Same class,0.026557371106608486
RBF,Different class,0.14732103699424218
RBF,Same class,0.21346829925378905
RBF,Same class,0.301146866693904
RBF,Same class,0.008791789977770807
RBF,Different class,0.06945035169722427
RBF,Same class,0.14432331255038008
RBF,Different class,0.0013699439211689477
RBF,Same class,0.10567796650881879
RBF,Different class,0.08431503146411569
RBF,Same class,0.21564825227022763
RBF,Same class,0.31801428335267246
RBF,Different class,0.19215206206281982
RBF,Same class,0.0747483094972072
RBF,Same class,1.5005834101476402e-07
RBF,Same class,0.7927046407911909
RBF,Different class,0.07604948616345128
RBF,Same class,0.29557617621878735
RBF,Same class,0.0836410574072035
RBF,Different class,0.14819556009786763
RBF,Same class,1.8369811575303854e-24
RBF,Different class,0.2169447584340321
RBF,Different class,0.03934929064859201
RBF,Different class,8.29687655944287e-05
RBF,Different class,0.22564193291192394
RBF,Different class,0.22217726942351174
RBF,Different class,0.6383679877993388
RBF,Same class,0.01692052341063959
RBF,Same class,0.18425591815474923
RBF,Different class,0.04035387498403167
RBF,Different class,0.019809374297356304
RBF,Same class,0.4782676283502833
RBF,Different class,0.11425376351486093
RBF,Same class,0.026288604212541446
RBF,Same class,0.007753194537917387
RBF,Same class,0.040411091460417124
RBF,Same class,0.35355228015593854
RBF,Different class,0.03884367417495019
RBF,Different class,0.21559116300711584
RBF,Same class,0.4511988303201908
RBF,Same class,0.0003601479006994276
RBF,Same class,0.34807848854881296
RBF,Different class,0.19182960353338954
RBF,Different class,0.1272317458759257
RBF,Different class,0.5509753777567522
RBF,Same class,0.08229301129508008
RBF,Different class,0.020829705673146202
RBF,Same class,0.36096602206010503
RBF,Same class,0.5935391279064073
RBF,Different class,0.014673460974151887
RBF,Different class,0.15461629048487813
RBF,Same class,0.046398473392726514
RBF,Different class,0.057292373697419706
RBF,Different class,0.49044200029952123
RBF,Same class,0.2420739958923491
RBF,Different class,0.08277815924661379
RBF,Different class,0.042221876566672575
RBF,Same class,0.04789100781473472
RBF,Same class,0.23963328743278967
RBF,Same class,0.12971234228036743
RBF,Same class,0.0013602930917861339
RBF,Different class,0.09247711020057268
RBF,Same class,0.19427275929911866
RBF,Same class,1.0764375935810245e-05
RBF,Same class,0.1895920252104045
RBF,Different class,0.04646588729363547
RBF,Same class,0.5698407084804048
RBF,Different class,0.016486566880953818
RBF,Same class,0.026374112561906457
RBF,Different class,0.32893930434927143
RBF,Same class,0.2514111555012723
RBF,Different class,1.938537611836431e-06
RBF,Same class,0.14936095282001394
RBF,Same class,7.224268049892757e-07
RBF,Different class,0.26167076140492096
RBF,Same class,0.001907553809342236
RBF,Different class,0.2629568577633982
RBF,Different class,0.10036625568943022
RBF,Different class,0.005792084046679445
RBF,Same class,0.2710403202232091
RBF,Different class,0.029000984491671888
RBF,Different class,0.005633154739195867
RBF,Same class,0.12825254434901326
RBF,Different class,0.2788364034314571
RBF,Different class,0.016485910489366838
RBF,Different class,0.08061260555907862
RBF,Different class,1.2360596050033115e-25
RBF,Same class,0.10942884188753146
RBF,Different class,0.015532782032484649
RBF,Same class,0.14309069627611484
RBF,Different class,7.464632729617783e-25
RBF,Different class,0.18609574284557284
RBF,Different class,0.004736912198207594
RBF,Different class,0.026777498877101295
RBF,Different class,0.09922619469505652
RBF,Different class,0.06299772408808374
RBF,Different class,0.030613547191328413
RBF,Different class,0.027617425410183048
RBF,Different class,0.17651148635660796
RBF,Different class,0.06431721696380646
RBF,Different class,0.16711606754340771
RBF,Same class,0.5736958123617097
RBF,Different class,0.05152252720710989
RBF,Same class,0.5756800649647564
RBF,Same class,0.0888596477913551
RBF,Same class,0.06350209406190294
RBF,Same class,0.0502252854229085
RBF,Different class,0.00866138958359242
RBF,Same class,0.0015190046878753012
RBF,Different class,0.040899686248709245
RBF,Same class,0.00024228670616385022
RBF,Different class,0.20084793144790122
RBF,Different class,0.003013154946762171
RBF,Same class,0.13758114763339724
RBF,Different class,1.0203873252413806e-11
RBF,Different class,0.35826354376051917
RBF,Different class,0.0824615039125753
RBF,Same class,0.37180175093423207
RBF,Same class,0.4751686869176464
RBF,Different class,0.03141357795565867
RBF,Different class,0.2913263776736399
RBF,Same class,0.019104725072906992
RBF,Same class,0.20330069474086507
RBF,Different class,0.5169423323264618
RBF,Different class,3.3136654847413406e-05
RBF,Different class,0.6872659191058926
RBF,Same class,0.029846086546228775
RBF,Same class,0.013058691820921946
RBF,Different class,0.02876980210509679
RBF,Same class,0.3779134124809749
RBF,Different class,0.2326124958346756
RBF,Different class,0.3462105601915816
RBF,Same class,0.502338609367091
RBF,Same class,0.5755559181996145
RBF,Different class,0.010621585743086515
RBF,Different class,0.006034922960974478
RBF,Same class,0.006766252104289128
RBF,Same class,1.4730286771569982e-08
RBF,Different class,0.09902217480780992
RBF,Same class,0.5723366764188144
RBF,Same class,0.5141603795340118
RBF,Different class,0.14034772976038667
RBF,Same class,0.15900669143303664
RBF,Same class,0.5245311215704321
RBF,Different class,0.05555122557043714
RBF,Same class,0.058087297600193474
RBF,Same class,0.21297939771989507
RBF,Same class,0.4051933267189373
RBF,Same class,0.3942542833458209
RBF,Same class,0.278026289506043
RBF,Different class,0.13162300413293218
RBF,Different class,0.20334477790711714
RBF,Same class,0.08783217695339614
RBF,Same class,0.0012273065502402195
RBF,Different class,0.156736423604678
RBF,Same class,0.9244611363710972
RBF,Same class,0.32999418506078787
RBF,Different class,0.0461021840835987
RBF,Same class,0.13336171271402356
RBF,Different class,0.38415120192755414
RBF,Different class,0.4142308221873608
RBF,Same class,0.005835967216455014
RBF,Different class,0.17807000921055754
RBF,Different class,0.1649605958275028
RBF,Different class,0.3033280099165955
RBF,Different class,0.19657207962587928
RBF,Same class,0.39075888581465434
RBF,Same class,0.8041443621818556
RBF,Same class,0.8773035884527741
RBF,Different class,0.08608356370241334
RBF,Same class,0.04969625336262476
RBF,Same class,0.023089174584706704
RBF,Same class,0.6737724605772998
RBF,Different class,0.008112413362893133
RBF,Same class,0.17901711774321766
RBF,Different class,0.8746295441603136
RBF,Same class,0.03392801470779575
RBF,Same class,0.656180089136225
RBF,Same class,0.3920870458402929
RBF,Different class,0.046700571233136035
RBF,Same class,0.040231657927999064
RBF,Same class,0.06665646670497784
RBF,Same class,0.047625673628476355
RBF,Different class,0.8232796600296062
RBF,Different class,0.5988681195398649
RBF,Same class,0.36459925329647486
RBF,Different class,0.0010192014780200074
RBF,Same class,0.02338760725872018
RBF,Same class,0.39183687823978514
RBF,Same class,0.04603850376914242
RBF,Different class,0.0618495687211076
RBF,Different class,0.16123044538615366
RBF,Same class,0.004634043157040515
RBF,Different class,3.866954395142689e-05
RBF,Different class,0.15257422201325332
RBF,Same class,0.026349341235884432
RBF,Different class,0.048294243013661906
RBF,Different class,0.49805993919251734
RBF,Same class,0.010285728271657139
RBF,Different class,0.22821273186551344
RBF,Same class,0.1308287567665977
RBF,Same class,0.052224339630535625
RBF,Same class,0.00721982087053386
RBF,Different class,0.6535667017183179
RBF,Different class,0.363486328398223
RBF,Different class,0.27967039397818033
RBF,Different class,0.4957343730851567
RBF,Same class,0.030231549719553386
RBF,Different class,0.003631398058544193
RBF,Different class,0.42713791135892254
RBF,Same class,0.02195897552393555
RBF,Same class,0.0535312022285921
RBF,Different class,0.0004837450005432669
RBF,Same class,0.004175884186664284
RBF,Same class,0.18441068847945144
RBF,Different class,0.015741706177505383
RBF,Different class,0.2308491523085694
RBF,Different class,0.425076365539584
RBF,Same class,0.060775205955149805
RBF,Same class,0.2536743172441671
RBF,Same class,0.09078622074069423
RBF,Different class,0.04264853001705073
RBF,Different class,0.056043141006953914
RBF,Different class,0.11238864693757279
RBF,Different class,0.001064341051269972
RBF,Different class,0.04718592906868922
RBF,Different class,0.015503606788793109
RBF,Different class,0.3043151336416092
RBF,Same class,0.0039091506613783316
RBF,Different class,0.046499530791207465
RBF,Different class,0.20834079089947385
RBF,Different class,0.20413965543474305
RBF,Same class,0.02207231593894751
RBF,Different class,0.06901773427971675
RBF,Same class,0.10378500975105684
RBF,Same class,0.05514293593977848
RBF,Different class,0.03316504912388613
RBF,Different class,0.04003437784803348
RBF,Same class,0.0091883005665247
RBF,Same class,0.05027885637227046
RBF,Different class,0.052405943417772584
RBF,Same class,0.43950585725576863
RBF,Different class,0.2930591888357117
RBF,Same class,0.17386736158475263
RBF,Different class,0.23850244430604142
RBF,Different class,0.4945008550714247
RBF,Same class,0.02421803464054192
RBF,Same class,0.006883697818008731
RBF,Different class,0.002012823192858001
RBF,Same class,0.326882364222131
RBF,Different class,0.5131373037948732
RBF,Different class,0.16064473233044352
RBF,Different class,9.865861632615136e-26
RBF,Different class,0.11237184744635721
RBF,Same class,0.24665177693598855
RBF,Same class,0.048025341223248356
RBF,Same class,0.0672337591363104
RBF,Different class,0.10658711995656488
RBF,Different class,0.42554829197011873
RBF,Different class,0.039896332952429496
RBF,Different class,0.006321746168259839
RBF,Different class,0.3056745812428542
RBF,Different class,0.00036256420813560083
RBF,Different class,0.03225831565712074
RBF,Different class,0.1933361209363454
RBF,Different class,0.003795025602586728
RBF,Same class,0.05525349180192169
RBF,Same class,0.0007957888547125589
RBF,Same class,0.12148052579046127
RBF,Different class,0.476889125700746
RBF,Different class,0.9113348861666659
RBF,Same class,0.06767796076423355
RBF,Same class,0.637662098059844
RBF,Same class,0.05095709093316324
RBF,Same class,0.026248939648281875
RBF,Different class,0.44739786215343846
RBF,Same class,0.15825389707735135
RBF,Same class,0.0031308312879705373
RBF,Different class,0.01465108241011811
RBF,Same class,0.09301199617682039
RBF,Same class,0.1794089835482081
RBF,Different class,0.2676940048853604
RBF,Same class,0.019080173823468393
RBF,Same class,0.032660568166529035
RBF,Same class,0.013317069771130226
RBF,Same class,0.00030743328832080486
RBF,Different class,0.027415413263325705
RBF,Different class,0.30369072061912067
RBF,Same class,0.04845060599791245
RBF,Same class,0.2392530226712774
RBF,Different class,0.8959373616822235
RBF,Same class,0.06000607239070811
RBF,Same class,0.04342396656312295
RBF,Same class,0.3459939401804936
RBF,Different class,0.651976445994206
RBF,Same class,2.8247595432687324e-26
RBF,Different class,0.05929644823112497
RBF,Same class,0.2563124282476315
RBF,Same class,0.29093442627047267
RBF,Different class,0.056592736120113146
RBF,Different class,0.3027400409514281
RBF,Different class,0.0011836355769565762
RBF,Same class,0.260819338299565
RBF,Same class,0.23795443040694603
RBF,Same class,0.002017738095345416
RBF,Same class,0.7639954942320615
RBF,Same class,0.11737681600367438
RBF,Different class,0.453789755347442
RBF,Same class,0.08799508513363138
RBF,Same class,0.0019631298283477464
RBF,Different class,0.05690358443781914
RBF,Same class,0.070985773082064
RBF,Same class,0.407250875336844
RBF,Same class,0.1047075145706923
RBF,Same class,0.291386408370021
RBF,Different class,0.17586513471776377
RBF,Same class,0.02054074827829922
RBF,Different class,0.13850971793962844
RBF,Different class,0.05049091225576849
RBF,Same class,0.366001316305628
RBF,Same class,0.038617829576823526
RBF,Different class,0.31341160917797123
RBF,Different class,0.4279791797479392
RBF,Different class,0.0589507908619539
RBF,Different class,0.2406657489367549
RBF,Same class,0.37929843820378006
RBF,Same class,2.07383540268878e-11
RBF,Different class,0.15110715024630714
RBF,Same class,0.050748715585340394
RBF,Same class,0.04692716136614384
RBF,Different class,0.05784472932357941
RBF,Same class,0.1920901994784235
RBF,Same class,0.3471416070346588
RBF,Different class,0.07134979090383689
RBF,Different class,0.00014474941869990624
RBF,Same class,0.42046856934310467
RBF,Same class,0.0025922069629508307
RBF,Different class,0.33072664586745065
RBF,Different class,3.427184132318866e-06
RBF,Different class,0.5332244433810057
RBF,Same class,0.06123075577597683
RBF,Different class,0.09561977537953702
RBF,Different class,0.03356846290002218
RBF,Different class,0.002541875408452157
RBF,Different class,0.131158198598812
RBF,Different class,0.005283513986040093
RBF,Same class,0.2491931615442809
RBF,Different class,0.13660625709417737
RBF,Same class,0.7523696427875833
RBF,Same class,0.08252322415039515
RBF,Different class,0.1675424023969385
RBF,Same class,0.013775991365486054
RBF,Same class,0.6756924611639904
RBF,Different class,0.42838817276184726
RBF,Different class,0.16655015848910334
RBF,Different class,0.3678106297274294
RBF,Same class,0.017845629873118357
RBF,Same class,0.49133018682716667
RBF,Same class,0.11878493880839361
RBF,Same class,0.19682079203868313
RBF,Same class,0.7645298925645939
RBF,Different class,5.597843593978554e-05
RBF,Same class,0.14067024735180994
RBF,Different class,0.08431076714497547
RBF,Different class,0.05412576574317889
RBF,Different class,0.17644517910520724
RBF,Different class,0.3967901249836664
RBF,Same class,0.10360107716993196
RBF,Same class,0.0025357639393730072
RBF,Different class,0.08943191028708491
RBF,Different class,0.1879611912015732
RBF,Different class,0.7653065461349876
RBF,Different class,0.040528695140484024
RBF,Same class,0.7098971168688836
RBF,Different class,0.29279260023141573
RBF,Same class,0.40206263561745403
RBF,Same class,0.4903401201603829
RBF,Different class,1.7779017465965544e-06
RBF,Different class,0.19208774227807687
RBF,Different class,0.25718391714629346
RBF,Same class,0.0034038573190443427
RBF,Same class,0.0001237670839286202
RBF,Different class,0.0020655509865214203
RBF,Same class,0.3125956158251442
RBF,Same class,0.03884257682125423
RBF,Same class,0.08683953816807331
RBF,Same class,0.0045940131546381765
RBF,Same class,0.2804504086705549
RBF,Same class,4.855025168115224e-06
RBF,Same class,0.012895938188097906
RBF,Different class,0.11586087442490142
RBF,Same class,0.008656865494846613
RBF,Different class,0.2038076473476739
RBF,Same class,0.03209808038471632
RBF,Different class,0.28718863745813084
RBF,Different class,0.002261207777603697
RBF,Same class,0.00393653111890061
RBF,Same class,0.14832802123618605
RBF,Different class,0.07760786706694395
RBF,Same class,0.2746498994500106
RBF,Different class,0.022674591287164158
RBF,Same class,0.46278875437357314
RBF,Same class,0.11910146233414706
RBF,Different class,0.1017895886464017
RBF,Different class,0.04327834207663869
RBF,Different class,0.0023701504639129837
RBF,Same class,0.007808978221908923
RBF,Different class,0.11306296941051398
RBF,Different class,0.4338402418404091
RBF,Different class,0.6674410292742272
RBF,Different class,0.01900315605672368
RBF,Different class,0.7435013128033233
RBF,Same class,8.048270065753077e-10
RBF,Different class,0.0005800224032479383
RBF,Same class,1.0071553836725948e-11
RBF,Same class,0.5697072903291007
RBF,Different class,0.47081383236570584
RBF,Same class,0.3502795948401589
RBF,Different class,0.02508050292873326
RBF,Different class,0.01780365866525162
RBF,Same class,0.46376946011147124
RBF,Different class,0.2617347316490831
RBF,Same class,0.22125262711436947
RBF,Different class,0.0007436763308943607
RBF,Same class,0.0008786605808963384
RBF,Same class,0.01263553261389728
RBF,Different class,2.0720177292633446e-11
RBF,Different class,1.0517746330840697e-25
RBF,Different class,0.41990786585268647
RBF,Same class,0.20703612166338847
RBF,Same class,0.1124702233622322
RBF,Same class,0.05359161924207296
RBF,Different class,0.019052632536351068
RBF,Different class,0.061295296583735476
RBF,Same class,0.001314080551843705
RBF,Same class,0.04506689516388944
RBF,Different class,0.010250283556841665
RBF,Same class,0.7166337756986693
RBF,Different class,0.07793465723386092
RBF,Same class,0.03128740152539299
RBF,Different class,0.3632734108637912
RBF,Different class,0.08388654114428792
RBF,Different class,0.06011811953523631
RBF,Different class,0.2338058969999693
RBF,Different class,0.24361394650396745
RBF,Same class,0.08644489615464482
RBF,Same class,0.1306824188232912
RBF,Same class,0.3705512043917123
RBF,Same class,1.56957217298892e-05
RBF,Different class,0.07016820134041911
RBF,Different class,0.502802440428402
RBF,Different class,0.005283193135554656
RBF,Different class,0.6728667727413268
RBF,Same class,0.05266015586834588
RBF,Same class,0.00016036802998625052
RBF,Same class,0.3767382200272652
RBF,Same class,0.17840020867150755
RBF,Same class,0.5777780189792387
RBF,Different class,0.3612582504967181
RBF,Different class,0.01579149546824167
RBF,Different class,0.7637990458787047
RBF,Same class,0.1453926600637387
RBF,Same class,1.9374264776341587e-05
RBF,Different class,0.6249534414540342
RBF,Same class,0.08800785809163769
RBF,Same class,0.230495495416832
RBF,Different class,0.26632348214980434
RBF,Same class,0.029765782727795693
RBF,Different class,3.980480148211966e-05
RBF,Same class,0.0002938545657222226
RBF,Same class,0.3212015995951983
RBF,Same class,0.48080448055452024
RBF,Same class,0.006689171158792752
RBF,Different class,0.05736848040873181
RBF,Different class,0.01799111258399514
RBF,Different class,0.17063862135056573
RBF,Same class,0.001070538588721796
RBF,Same class,6.611420750730313e-05
RBF,Same class,0.741560555568217
RBF,Same class,0.3091645727001251
RBF,Different class,0.34729762042078677
RBF,Same class,0.7599873781122737
RBF,Different class,0.15092905798513526
RBF,Same class,0.05886179735898262
RBF,Different class,0.324665704891916
RBF,Different class,0.6953461539345995
RBF,Same class,0.11591459530405909
RBF,Same class,0.07093224450805694
RBF,Same class,0.18743209013966305
RBF,Same class,1.916438787351695e-07
RBF,Different class,0.4892568659116523
RBF,Same class,0.3197085607706359
RBF,Same class,0.016971021507194605
RBF,Different class,0.1767858580222558
RBF,Same class,0.36473741220326056
RBF,Different class,0.27505976938259546
RBF,Different class,0.14519647763342827
RBF,Same class,0.05435374493876926
RBF,Different class,0.11409217364397947
RBF,Same class,3.757841126778439e-05
RBF,Different class,0.12070685847370756
RBF,Same class,0.5467073338152996
RBF,Different class,0.6012293951345608
RBF,Same class,0.01152440421997862
RBF,Different class,0.12729809631611358
RBF,Same class,0.5471142692460359
RBF,Same class,0.6624067529404855
RBF,Same class,0.37258714800889553
RBF,Same class,0.7156325671249895
RBF,Same class,0.15062146650285518
RBF,Different class,0.4076327788522516
RBF,Same class,0.11880543475039114
RBF,Same class,0.44060737213025863
RBF,Same class,0.3952056536927408
RBF,Different class,0.12829029810216316
RBF,Different class,0.4949785756815752
RBF,Same class,0.13917740385672434
RBF,Different class,0.02581182553674836
RBF,Different class,0.34133659524470805
RBF,Different class,0.449992142683462
RBF,Same class,0.2831134611586484
RBF,Different class,0.017090159770688538
RBF,Same class,0.08391886790818097
RBF,Same class,0.6891987117789405
RBF,Same class,0.02894085293951406
RBF,Same class,0.024665027615842917
RBF,Different class,0.04235789927707232
RBF,Same class,0.06412104151049375
RBF,Different class,0.007629870569819245
RBF,Same class,0.6332381318855393
RBF,Different class,0.050393339314995705
RBF,Different class,0.27892592557064194
RBF,Same class,0.03766248762213677
RBF,Same class,0.03324262449891646
RBF,Different class,0.0003897007867469458
RBF,Different class,0.500597839400185
RBF,Different class,0.5053290517476513
RBF,Different class,0.6325089183160271
RBF,Same class,0.16069131350784605
RBF,Same class,0.027905723404423096
RBF,Different class,0.18710070722345323
RBF,Different class,0.854767937880669
RBF,Same class,0.06638126666157794
RBF,Same class,0.06924163111482641
RBF,Same class,0.004504718518062461
RBF,Different class,0.12079849281651726
RBF,Same class,0.08330964834356518
RBF,Different class,0.9211986603630625
RBF,Same class,0.13239331307085558
RBF,Different class,0.0009964267703524749
RBF,Same class,0.1399483812064072
RBF,Different class,0.09860343095710468
RBF,Same class,0.05817215143328906
RBF,Different class,0.28380072891439645
RBF,Same class,0.05975856987048832
RBF,Different class,0.1343158463188466
RBF,Different class,0.635434646584321
RBF,Same class,0.004321583181321631
RBF,Same class,0.1147253480830521
RBF,Same class,0.05314358360858425
RBF,Different class,0.7687232703083992
RBF,Different class,0.4050150671573518
RBF,Different class,0.0252368563165162
RBF,Different class,0.2178789422629447
RBF,Same class,0.016597267970946863
RBF,Same class,0.43207472114208745
RBF,Different class,0.023695570088337763
RBF,Different class,0.08491268079400636
RBF,Different class,0.6693472203385389
RBF,Different class,0.32332787445116457
RBF,Different class,0.29100581000416487
RBF,Same class,0.06541587587649059
RBF,Same class,0.02705775061947527
RBF,Same class,0.0034307241137738645
RBF,Different class,0.41389352302935056
RBF,Different class,0.19064378836352838
RBF,Same class,0.2041102686524982
RBF,Same class,0.11214166789396751
RBF,Different class,0.05223135180320086
RBF,Different class,0.32796596319734395
RBF,Different class,0.28552831799651035
RBF,Different class,0.0010858575998224595
RBF,Same class,0.32778899088694613
RBF,Different class,0.06217177558456633
RBF,Different class,0.22649401887442547
RBF,Different class,0.035520026558577
RBF,Different class,0.18105029931171793
RBF,Different class,0.07924723550224519
RBF,Same class,0.007848198404757579
RBF,Different class,0.0031260181107344628
RBF,Same class,0.017113886938847363
RBF,Same class,0.02449025014064267
RBF,Same class,0.13037740555200567
RBF,Same class,0.10897844814833907
RBF,Same class,0.06378824113741385
RBF,Different class,0.12285554861717318
RBF,Same class,0.0037549077924512093
RBF,Different class,0.24277635906875197
RBF,Different class,0.09723885168937454
RBF,Same class,0.10865972172384844
RBF,Same class,0.06301370873032452
RBF,Same class,0.01736858901118311
RBF,Same class,0.0034212319637843824
RBF,Different class,0.060517046016231424
RBF,Same class,0.021640474562938678
RBF,Same class,0.003928156571830938
RBF,Different class,0.08052453080155217
RBF,Different class,0.04307755125471505
RBF,Different class,0.1348008583468113
RBF,Different class,0.041079177555187016
RBF,Same class,0.301435066624626
RBF,Different class,0.03551722365180264
RBF,Different class,0.08243280157918115
RBF,Same class,0.27116674683322145
RBF,Same class,1.3310372253614418e-25
RBF,Different class,0.32583119364648233
RBF,Different class,0.005856758208394641
RBF,Same class,0.08742353218847401
RBF,Different class,0.03996156233864434
RBF,Different class,0.15804739421900518
RBF,Same class,0.15926176307767403
RBF,Same class,0.11306577938196037
RBF,Different class,0.2157017166261105
RBF,Same class,0.0011441028058316977
RBF,Different class,0.010212489838371915
RBF,Same class,0.39572535046604906
RBF,Same class,0.06601283601449305
RBF,Same class,0.11304350764371972
RBF,Different class,0.21416610910894673
RBF,Same class,0.0035715668806229144
RBF,Same class,0.27914092897718423
RBF,Same class,0.15969282779951102
RBF,Same class,0.0268260376500631
RBF,Different class,0.03585580900290628
RBF,Same class,0.39231984087454996
RBF,Same class,0.13346917698519842
RBF,Same class,6.829117407468454e-26
RBF,Same class,0.21677711135141128
RBF,Different class,0.4678682155961379
RBF,Same class,0.01752903151347394
RBF,Same class,0.024411949628464304
RBF,Different class,0.5081135851415244
RBF,Different class,0.3049535812909477
RBF,Different class,0.361407170818211
RBF,Same class,0.047747913781131766
RBF,Different class,0.28444216489181867
RBF,Different class,0.1484164786512817
RBF,Same class,0.019066729873269093
RBF,Different class,0.12298787678030834
RBF,Different class,0.23088671698125965
RBF,Different class,0.3455187023438902
RBF,Different class,0.21329727822007266
RBF,Same class,0.6405626657085154
RBF,Different class,0.3826889719726205
RBF,Same class,0.15500349387418422
RBF,Different class,0.5357075520299496
RBF,Different class,0.03112369467121541
RBF,Same class,0.0031787712531893848
RBF,Different class,1.724311536174592e-05
RBF,Same class,0.28249156036596546
RBF,Different class,0.06178132012173738
RBF,Different class,0.020124419167651272
RBF,Different class,0.04924365274383238
RBF,Same class,0.04958373508331506
RBF,Different class,0.31247293166103124
RBF,Different class,0.08170567185571334
RBF,Same class,0.368291787338404
RBF,Different class,0.3597867772587737
RBF,Same class,0.1870875220640595
RBF,Same class,0.27132010676897356
RBF,Different class,0.036412961549681336
RBF,Different class,0.516630115883681
RBF,Same class,0.08820244191125179
RBF,Same class,0.04316205262746591
RBF,Different class,0.0003403325617439346
RBF,Same class,0.7556540006232976
RBF,Same class,0.2986089707280219
RBF,Different class,0.032616762091858625
RBF,Different class,0.11915252293802105
RBF,Same class,0.07028257533756166
RBF,Same class,0.0035234527386065542
RBF,Different class,0.18031594534459033
RBF,Different class,0.1512205833632108
RBF,Different class,0.2624258728766204
RBF,Different class,0.20695520512102805
RBF,Same class,0.010121995554354665
RBF,Same class,0.02525728657423002
RBF,Different class,0.10473980782283354
RBF,Same class,0.020641039786899483
RBF,Same class,0.099013435327715
RBF,Same class,0.10056854523285055
RBF,Different class,0.2573127803529111
RBF,Same class,0.20453398630687158
RBF,Different class,0.10918455377602862
RBF,Same class,0.04301999613140029
RBF,Different class,0.7781653785518489
RBF,Same class,0.03567118929281821
RBF,Different class,0.36892873525204006
RBF,Same class,0.022696290308639396
RBF,Same class,0.42146921722608754
RBF,Same class,0.09140001573766421
RBF,Same class,0.020781526990105024
RBF,Different class,0.08612128781863515
RBF,Same class,0.16281951341511047
RBF,Different class,0.013496984343615868
RBF,Different class,0.24642805651812108
RBF,Different class,0.15708965241639675
RBF,Different class,0.41928620594594
RBF,Same class,0.511086459228214
RBF,Same class,0.2959417882155692
RBF,Same class,0.054012642350750394
RBF,Different class,0.6332302945200928
RBF,Different class,0.10024142842912902
RBF,Different class,7.810963723751463e-05
RBF,Different class,0.6635345817414363
RBF,Different class,5.660460732091365e-07
RBF,Different class,0.1911195204526478
RBF,Same class,0.027905307799366192
RBF,Different class,0.019988181202501523
RBF,Different class,0.6383296517753495
RBF,Different class,0.09909432757641093
RBF,Same class,0.026990311323990577
RBF,Same class,0.43375096954674497
RBF,Different class,4.698029193465597e-08
RBF,Same class,0.05825588821516237
RBF,Different class,0.006400193887716573
RBF,Different class,0.30847118652190003
RBF,Same class,0.6852196882790955
RBF,Different class,0.20329666785127243
RBF,Same class,0.05692667538393065
RBF,Different class,9.72944009869113e-06
RBF,Same class,0.0397834584855188
RBF,Different class,0.1271734886868185
RBF,Different class,0.03074615049600434
RBF,Different class,0.2182209060964663
RBF,Same class,0.03435129143143281
RBF,Same class,0.06535912590216938
RBF,Different class,0.088048183693016
RBF,Different class,0.026930778595453352
RBF,Different class,0.24814817667908792
RBF,Same class,0.01905993422533159
RBF,Different class,0.1008954307164274
RBF,Different class,0.5295942639697211
RBF,Different class,0.039477719041690305
RBF,Different class,0.1677961811497736
RBF,Different class,0.9518063258275393
RBF,Different class,0.05293207221365864
RBF,Different class,0.06109291193366955
RBF,Same class,0.06930077380834361
RBF,Same class,0.5134251002063259
RBF,Different class,0.02317385049791105
RBF,Different class,0.30839080775347216
RBF,Different class,0.5251620890689249
RBF,Different class,0.3261972249225449
RBF,Different class,0.13054534716152924
RBF,Different class,0.18862952988627033
RBF,Same class,0.3405745997805441
RBF,Different class,0.008672244858738624
RBF,Different class,0.2669325580373138
RBF,Same class,0.4719169754861275
RBF,Same class,0.12459958324573794
RBF,Different class,0.0871314560867255
RBF,Same class,0.3285502381371201
RBF,Different class,0.09247558302342088
RBF,Same class,0.05683405860509586
RBF,Same class,0.14353905659609523
RBF,Same class,0.12517369342787119
RBF,Same class,0.031656118138367474
RBF,Same class,0.07340508346578385
RBF,Different class,2.8833543679189567e-07
RBF,Different class,0.40234734556050233
RBF,Different class,0.00527021292449237
RBF,Same class,0.04737599649260323
RBF,Same class,0.5167821754814248
RBF,Different class,0.24247737294034827
RBF,Same class,0.020306558110737758
RBF,Different class,0.5091497915878539
RBF,Same class,0.6156882281414365
RBF,Different class,0.09372310671289237
RBF,Different class,0.026164354112658682
RBF,Same class,0.6345850250135217
RBF,Different class,0.17174789513075442
RBF,Different class,0.2543287083392552
RBF,Different class,0.18808706200953212
RBF,Same class,3.586460003038609e-05
RBF,Same class,0.11934512103621463
RBF,Different class,0.1758058651731329
RBF,Same class,0.34899874061888936
RBF,Different class,0.35878361058954983
RBF,Same class,0.03188220144550199
RBF,Different class,0.0007005225847400705
RBF,Same class,0.2526629418603676
RBF,Different class,0.010618810440497051
RBF,Different class,0.5040119785106626
RBF,Same class,0.06314316661718818
RBF,Different class,0.0321423335137238
RBF,Different class,0.23540522982184364
RBF,Same class,0.22353579217624964
RBF,Different class,0.0479011312555898
RBF,Different class,0.00041145219100606576
RBF,Different class,0.06182838179167814
RBF,Different class,0.4354953987698286
RBF,Same class,0.002313554199034778
RBF,Same class,0.013323941950658936
RBF,Same class,0.377307427176265
RBF,Different class,0.09013795365270427
RBF,Same class,0.22420576940775178
RBF,Same class,0.1202955522093193
RBF,Different class,0.509321957780753
RBF,Different class,0.21773974997755727
RBF,Different class,0.025606482807558437
RBF,Same class,0.16976033083801245
RBF,Same class,0.47271586092726076
RBF,Same class,0.06941005673689365
RBF,Same class,0.0008292929272713272
RBF,Same class,0.21211252965879807
RBF,Different class,0.20146537549332763
RBF,Different class,0.17575824615133082
RBF,Different class,0.5267523495533106
RBF,Same class,0.03746967366235659
RBF,Same class,0.014876475082499492
RBF,Different class,0.12582773860969138
RBF,Different class,0.6077508913332013
RBF,Same class,0.1561899895772063
RBF,Same class,0.3430515914549781
RBF,Different class,0.014837033427703998
RBF,Different class,0.36217750389498155
RBF,Same class,0.7233668521597267
RBF,Same class,0.11687192410572596
RBF,Different class,0.14391716133400242
RBF,Same class,0.05437538544499467
RBF,Different class,0.09964561615949522
RBF,Same class,0.12994158569837125
RBF,Different class,0.026153143979061436
RBF,Same class,0.19961963568503083
RBF,Same class,0.8614529739069633
RBF,Same class,0.0022456015096557007
RBF,Different class,0.044048514226327606
RBF,Different class,0.10111328201295995
RBF,Different class,0.1807942099842103
RBF,Different class,0.0038961833969847802
RBF,Same class,0.0717031337512082
RBF,Same class,0.13501319584475072
RBF,Different class,0.44477883067994795
RBF,Same class,0.3953172592092558
RBF,Different class,0.03713769882026703
RBF,Same class,0.10810696923338492
RBF,Same class,1.493470794167618e-11
RBF,Different class,0.13489486305925608
RBF,Different class,0.30279040387418066
RBF,Different class,1.1002277851476626e-25
RBF,Different class,0.4339746462408957
RBF,Same class,0.7940448334243193
RBF,Same class,1.9156849464203862e-07
RBF,Same class,0.08104360066146454
RBF,Same class,0.10690564847409224
RBF,Different class,0.5270800679299593
RBF,Same class,0.34111000945050884
RBF,Different class,0.000266655356188015
RBF,Same class,0.1293527240861539
RBF,Different class,0.09457391961865712
RBF,Different class,0.5357885782139593
RBF,Same class,0.17206011911135252
RBF,Different class,0.5302606242373029
RBF,Same class,0.5641475303720157
RBF,Same class,0.02209601965350719
RBF,Different class,0.48457231020809927
RBF,Same class,0.0827218512974442
RBF,Same class,0.03349785560259821
RBF,Different class,0.003826135677178857
RBF,Different class,0.08882211764810251
RBF,Same class,0.16751132853557144
RBF,Different class,0.2764281031515823
RBF,Same class,0.12106026759809198
RBF,Different class,0.5321063170355254
RBF,Different class,0.01869456317624278
RBF,Different class,0.0002962180938334325
RBF,Different class,0.4916758006365003
RBF,Different class,0.11638372386490815
RBF,Same class,0.022136680766480496
RBF,Different class,0.0012403015158070486
RBF,Same class,0.007078866089590871
RBF,Same class,0.4614618291941264
RBF,Different class,0.150066830815819
RBF,Different class,0.14833845277953375
RBF,Different class,0.0897011382075712
RBF,Different class,0.031222832075423288
RBF,Same class,0.2717446678122079
RBF,Same class,0.07210083118568346
RBF,Same class,0.23186151091613566
RBF,Different class,0.565309192510564
RBF,Different class,0.010446404915581674
RBF,Same class,0.3654717594990409
RBF,Different class,0.2941296310689919
RBF,Same class,0.1136862525230928
RBF,Same class,0.3238323013041123
RBF,Same class,0.010035586726518171
RBF,Different class,3.4995296431454507e-25
RBF,Different class,9.059987900042398e-25
RBF,Different class,0.3217883281142938
RBF,Same class,0.060382283426510405
RBF,Different class,0.08052904546502519
RBF,Same class,0.5485766514759054
RBF,Different class,0.6010510544639537
RBF,Same class,1.3065485751428591e-06
RBF,Same class,0.07204917483360296
RBF,Different class,1.7777567043550063e-06
RBF,Different class,0.10436018477562524
RBF,Same class,0.38325850988744825
RBF,Same class,0.03236616137870847
RBF,Same class,0.7109380087933431
RBF,Same class,0.19457661400396714
RBF,Same class,0.4614634413886028
RBF,Same class,0.006878476911477845
RBF,Different class,0.025449291440662953
RBF,Same class,0.1065900069657536
RBF,Different class,0.07599976114268779
RBF,Different class,0.0012372970130056524
RBF,Different class,0.9387889422754065
RBF,Same class,0.12619544987676057
RBF,Different class,0.03992427113858213
RBF,Different class,0.03147232585406673
RBF,Same class,0.0322072355516661
RBF,Same class,0.32354166579017324
RBF,Different class,0.05414365129808837
RBF,Different class,0.06008536460533958
RBF,Same class,0.051282373555849366
RBF,Same class,0.0034533803362268517
RBF,Different class,0.03522594915278258
RBF,Different class,0.17986135856250568
RBF,Different class,0.004032219858688021
RBF,Same class,0.14163029708462715
RBF,Different class,0.3622034741862059
RBF,Same class,0.6635902326472665
RBF,Same class,0.18886656221541315
RBF,Same class,0.47797692212670306
RBF,Different class,0.2978579035063084
RBF,Different class,0.03273090741929678
RBF,Same class,0.025868362263225853
RBF,Same class,0.0845686085134322
RBF,Same class,0.06852416585744457
RBF,Same class,0.021867251568439623
RBF,Different class,1.897667872838696e-06
RBF,Different class,0.005088837501941987
RBF,Different class,0.03772683216075686
RBF,Same class,0.02594582499339043
RBF,Same class,0.029915915689801162
RBF,Different class,0.0011839781547384174
RBF,Same class,0.40967297993842705
RBF,Different class,0.10734919257386166
RBF,Different class,0.1701288245406112
RBF,Different class,0.0400278194096284
RBF,Same class,0.03999699747371385
RBF,Different class,0.2935725971341626
RBF,Same class,0.32464721481739905
RBF,Different class,0.0033526147293888114
RBF,Different class,0.02790307078878373
RBF,Same class,0.10805296971044792
RBF,Different class,0.013735149749670392
RBF,Different class,0.028552178930195054
RBF,Same class,0.005285720580892332
RBF,Same class,0.9131479517812755
RBF,Different class,0.3673326132359037
RBF,Same class,0.27431288167243556
RBF,Different class,0.028435200833145543
RBF,Same class,0.38124769200580144
RBF,Same class,0.009953864878252578
RBF,Different class,0.004035642494125394
RBF,Same class,0.3007009433511114
RBF,Different class,1.0963709871315426e-06
RBF,Same class,0.3684099795297798
RBF,Different class,0.27677920869028705
RBF,Different class,0.04778921933081196
RBF,Same class,1.0528703021843881e-11
RBF,Different class,0.23192445789204522
RBF,Different class,0.05402114904623017
RBF,Different class,0.025376775671830373
RBF,Different class,0.04398952597193045
RBF,Same class,0.039457482924161735
RBF,Different class,0.24956751166087804
RBF,Different class,0.03936518760463775
RBF,Different class,0.037689042146072445
RBF,Same class,0.027729307701385802
RBF,Different class,0.11331885681255714
RBF,Same class,0.19008281908803437
RBF,Different class,0.0070225836639570905
RBF,Different class,1.0712273224857391e-06
RBF,Same class,0.2531485696092276
RBF,Same class,0.18785355538730525
RBF,Same class,8.014151236190915e-07
RBF,Different class,0.19340995938894268
RBF,Different class,0.4193612426170729
RBF,Different class,0.13169544550144885
RBF,Same class,0.5414316506535705
RBF,Same class,0.13526478438660655
RBF,Same class,2.206742372720751e-11
RBF,Same class,0.01723345156020741
RBF,Different class,0.1168147117132149
RBF,Same class,0.11004456253646346
RBF,Different class,0.18124814455063606
RBF,Same class,0.1600686307721482
RBF,Same class,0.09718651699749417
RBF,Different class,0.48749341344712216
RBF,Same class,0.5326286421470039
RBF,Different class,2.8755683983002353e-08
RBF,Different class,0.012165620813130523
RBF,Same class,0.31987479527692275
RBF,Same class,0.0006124906562544747
RBF,Same class,0.34754084314899075
RBF,Same class,0.28800178736702087
RBF,Same class,0.013013008579242435
RBF,Same class,0.17692569308399578
RBF,Different class,0.11817800785136759
RBF,Different class,0.555762462416784
RBF,Different class,0.4402922330809525
RBF,Different class,0.8515772390245978
RBF,Different class,0.0010163915381782747
RBF,Same class,0.6853703403049073
RBF,Different class,0.0011318803886686203
RBF,Different class,0.5300207406320067
RBF,Same class,0.22371464188431894
RBF,Same class,0.00567667222448384
RBF,Same class,0.13205674561910508
RBF,Different class,0.028059087479323033
RBF,Different class,0.5718802670757419
RBF,Same class,0.22133217259539736
RBF,Same class,0.0007773385730764275
RBF,Same class,0.05105301759922553
RBF,Same class,0.014229261391949546
RBF,Different class,0.12048174119955625
RBF,Different class,0.23146930252441467
RBF,Same class,0.19108776169331315
RBF,Different class,0.013440512239364464
RBF,Same class,0.7111078552151827
RBF,Different class,0.1436508671862111
RBF,Different class,0.35138056201984047
RBF,Same class,0.27412840440942554
RBF,Same class,0.006116943625594818
RBF,Same class,0.010823416160348757
RBF,Same class,0.34418754000339963
RBF,Same class,0.5753837824067747
RBF,Same class,0.4648527959153699
RBF,Same class,0.0330978513014597
RBF,Different class,0.29487890240318515
RBF,Same class,0.839201431842246
RBF,Different class,2.173069576393787e-09
RBF,Same class,0.04392755511769243
RBF,Different class,0.012674983041404995
RBF,Different class,0.15155084767495036
RBF,Same class,0.17384932929135355
RBF,Same class,0.06699616096149358
RBF,Different class,0.1476371840699905
RBF,Different class,0.13694616201510218
RBF,Different class,0.06482285871439566
RBF,Same class,0.38387277041060525
RBF,Different class,0.7930511316789469
RBF,Different class,0.2463455413844633
RBF,Different class,0.32543342199656944
RBF,Different class,0.4874550962159905
RBF,Different class,0.008019922157163083
RBF,Different class,0.014016369832201147
RBF,Different class,0.010830594655861248
RBF,Different class,0.14346145381830103
RBF,Same class,0.16770378045961612
RBF,Different class,0.5565314894675908
RBF,Same class,0.2768313287898772
RBF,Different class,0.04926499536992507
RBF,Same class,0.030289530697211003
RBF,Different class,0.02528798017159035
RBF,Same class,0.07223717044455934
RBF,Same class,0.6147492804129319
RBF,Different class,0.0948125821754279
RBF,Same class,0.01967557339233948
RBF,Different class,0.13218390498646196
RBF,Different class,0.35157585474835934
RBF,Same class,0.03210615015616296
RBF,Same class,0.052903786290983745
RBF,Different class,0.02278851569116988
RBF,Different class,0.44076259217680697
RBF,Different class,0.49879885202187163
RBF,Same class,0.09285532212678511
RBF,Same class,0.48629711898164724
RBF,Same class,0.03085643968102098
RBF,Same class,0.055547916108130584
RBF,Same class,0.10895053442861896
RBF,Different class,0.02990948386206205
RBF,Different class,0.05483922087962024
RBF,Same class,0.19978753001322605
RBF,Different class,0.013673913109362258
RBF,Same class,0.05658143562007573
RBF,Same class,0.7448769593134353
RBF,Same class,0.17361936105492637
RBF,Different class,0.31720521934846835
RBF,Different class,0.7531242576304609
RBF,Different class,0.022579619790557656
RBF,Same class,0.1397630649508472
RBF,Same class,0.0001579161536976484
RBF,Same class,0.11721347980150242
RBF,Different class,0.21825320203282908
RBF,Different class,0.056177786307960324
RBF,Different class,2.0590146554050258e-25
RBF,Different class,0.025329873943687697
RBF,Different class,0.0036470003674245826
RBF,Different class,0.0018280677227742275
RBF,Same class,0.2914377612464269
RBF,Different class,0.19112580633784187
RBF,Same class,0.46509392520304954
RBF,Different class,0.004415746722257725
RBF,Same class,0.21575765727362017
RBF,Different class,0.011765397817410499
RBF,Same class,0.06018722868572865
RBF,Same class,0.5205431853526672
RBF,Same class,0.5940028059800594
RBF,Same class,0.002676115059469944
RBF,Same class,0.49552575585676567
RBF,Different class,0.12186993510781695
RBF,Same class,0.1682751037803494
RBF,Different class,0.0023764239667393404
RBF,Different class,1.8255842817710016e-25
RBF,Same class,0.45114035676674585
RBF,Different class,2.1122409945413872e-25
RBF,Different class,0.047093174132727345
RBF,Different class,0.03783988797811595
RBF,Same class,0.10368023925384703
RBF,Different class,0.09550396484948417
RBF,Same class,0.3451716156130726
RBF,Different class,0.34278202828922055
RBF,Same class,0.6833909751099448
RBF,Different class,0.005726923623991668
RBF,Different class,0.3469254870297263
RBF,Different class,0.2384811074326874
RBF,Same class,7.85638362708418e-05
RBF,Different class,0.0966796055210451
RBF,Same class,0.5225501268129814
RBF,Different class,0.031135854649103865
RBF,Different class,0.22143669961901805
RBF,Different class,0.020335544063919728
RBF,Same class,0.0828858372359783
RBF,Same class,0.03736823261965494
RBF,Different class,0.0010543165536245592
RBF,Different class,0.168780619714209
RBF,Same class,0.25884526741829395
RBF,Different class,0.0027251797374623103
RBF,Different class,0.9179574163975465
RBF,Same class,0.09624056753096681
RBF,Different class,0.07401947820085324
RBF,Same class,0.420075428858728
RBF,Different class,0.7454979167246454
RBF,Different class,0.034309679372646534
RBF,Same class,0.47358204068004545
RBF,Same class,0.17775149776400712
RBF,Different class,3.108736188500081e-08
RBF,Different class,0.08451244069359533
RBF,Same class,0.3765966536228392
RBF,Same class,0.22962052455972679
RBF,Same class,5.927519996555357e-11
RBF,Same class,0.03916648333961933
RBF,Same class,0.007436234623875335
RBF,Different class,0.14252609717039025
RBF,Different class,0.0030254569475871855
RBF,Different class,0.2836414119512699
RBF,Different class,0.4900950128079772
RBF,Different class,0.08638908133152351
RBF,Different class,0.44340170252880895
RBF,Same class,0.24962008046260098
RBF,Same class,0.056539111631931205
RBF,Different class,0.11278753483049705
RBF,Same class,0.00024947024613172146
RBF,Different class,0.04710222599775921
RBF,Same class,0.13589271566987543
RBF,Different class,1.309121857580903e-05
RBF,Different class,0.18785647520363183
RBF,Different class,0.03635695271985527
RBF,Same class,0.19139862635893684
RBF,Same class,0.07400155912975385
RBF,Same class,0.0032867890973054268
RBF,Same class,0.0646654220134258
RBF,Different class,0.3605103310527442
RBF,Different class,0.03135932918198426
RBF,Different class,0.02813104339192137
RBF,Same class,0.5048953080146068
RBF,Same class,0.0012254890779515328
RBF,Different class,0.05454951460644828
RBF,Different class,0.10515396365947634
RBF,Same class,0.5786180186352846
RBF,Different class,0.04066999547520345
RBF,Different class,0.1685599193418424
RBF,Different class,0.16007264542018546
RBF,Different class,0.17566159088627967
RBF,Same class,0.006944498703817322
RBF,Same class,0.0026795856659125594
RBF,Different class,0.0037230102048869855
RBF,Different class,0.7534453219229592
RBF,Different class,0.4808855675630964
RBF,Same class,0.5981642325647903
RBF,Same class,0.0004148826765154195
RBF,Same class,0.44517110152129324
RBF,Different class,0.7670237255042095
RBF,Same class,0.10390472176075109
RBF,Same class,0.5939711631267496
RBF,Same class,0.610759751089571
RBF,Different class,0.13607507333429852
RBF,Different class,0.0034892833520882055
RBF,Different class,0.33258437444701666
RBF,Different class,0.736021049600696
RBF,Different class,0.35016330603658485
RBF,Same class,0.27875266137865573
RBF,Different class,0.7867635068986014
RBF,Different class,0.16953868062410946
RBF,Different class,0.16422605022541722
RBF,Different class,0.0001572506933484732
RBF,Same class,0.0002157477657483391
RBF,Same class,0.6903270335728582
RBF,Different class,4.0648240095372485e-05
RBF,Same class,0.4296007148731295
RBF,Different class,0.1188965564095193
RBF,Different class,0.5536899127348878
RBF,Different class,0.5836735466872206
RBF,Same class,0.5781343553509918
RBF,Same class,0.12033661076066882
RBF,Same class,0.10893596764827389
RBF,Different class,0.20732950559389407
RBF,Different class,0.00048518246689416105
RBF,Different class,0.11004974354976653
RBF,Same class,0.0034066369399132516
RBF,Same class,0.5878787917021292
RBF,Different class,0.7336040460520044
RBF,Same class,0.03530785085329277
RBF,Same class,0.09394707541243956
RBF,Different class,0.14689540243842766
RBF,Different class,0.10473993184156792
RBF,Same class,0.14300247641461822
RBF,Different class,0.06648908261686529
RBF,Same class,0.19570360532536274
RBF,Different class,0.005915363098913628
RBF,Different class,0.6755251951349222
RBF,Same class,0.003149539924434488
RBF,Different class,0.3814420701953192
RBF,Same class,0.019518701869815733
RBF,Different class,0.004469625877996981
RBF,Different class,0.26543256048984376
RBF,Different class,0.0427362468328321
RBF,Different class,0.019235022881805355
RBF,Same class,0.00841790336323886
RBF,Same class,0.07438198856936686
RBF,Same class,0.18057282851224077
RBF,Same class,0.17871244433460787
RBF,Different class,0.05489681950819721
RBF,Same class,0.07234876879425362
RBF,Different class,0.304834742258907
RBF,Different class,0.01221658596522299
RBF,Same class,0.16920694776111694
RBF,Same class,0.00012867954772979891
RBF,Different class,0.026157138409029074
RBF,Different class,0.415243747663524
RBF,Same class,0.1683278610915512
RBF,Same class,0.08164125781814449
RBF,Same class,0.07388611398639064
RBF,Same class,0.11013180712522597
RBF,Same class,0.47621166922973146
RBF,Different class,0.03219902135190982
RBF,Different class,0.1979972649533588
RBF,Same class,0.000373781049981757
RBF,Same class,0.05053327937662654
RBF,Different class,0.20518848758991112
RBF,Same class,0.8969004089163869
RBF,Different class,0.15548158744907456
RBF,Same class,0.2659336412569347
RBF,Same class,0.3543484602761019
RBF,Same class,0.02478339299066809
RBF,Different class,0.03378532883620948
RBF,Same class,0.16880244159576496
RBF,Different class,0.16176751822989818
RBF,Same class,0.23484840304255752
RBF,Different class,0.20893592908541841
RBF,Different class,0.00524926740484524
RBF,Different class,0.02672648970741068
RBF,Same class,0.6588852229562852
RBF,Different class,0.7844903428596282
RBF,Same class,6.598101149938983e-06
RBF,Different class,3.0083976674027464e-06
RBF,Different class,0.06765981828762249
RBF,Same class,0.0025828418629324965
RBF,Same class,0.4986910854963536
RBF,Different class,1.2263744305247333e-05
RBF,Same class,0.008156266643258251
RBF,Different class,0.006662665124460106
RBF,Different class,0.6802303618884149
RBF,Same class,0.0003641716442089642
RBF,Same class,0.46501735004766626
RBF,Different class,0.1640631407476617
RBF,Different class,0.055118273778482246
RBF,Different class,0.4380609875983468
RBF,Different class,0.0580444577906361
RBF,Different class,0.03368068602115477
RBF,Different class,0.02469130545368554
RBF,Different class,0.02695201096054987
RBF,Same class,0.03814705766049702
RBF,Same class,0.4180695835174861
RBF,Same class,0.4700919667121326
RBF,Different class,0.0896976390241841
RBF,Different class,0.1963040262707279
RBF,Same class,1.690171186467077e-05
